-0.5, 6.0, -6.0, -3.0, -3.0, -6.0, 6.0, -6.0, 0.5, 5.6 | 82.27872930757626
-0.5, 5.6, -5.6, -2.9, -2.9, -3.3, 5.6, -5.6, 0.2, 6.0 | 87.84444780372692
-0.3, 4.0, -4.0, 0.0, 0.0, -0.3, -2.9, -2.9, 0.0, 0.8 | 180.10833093305817
-0.5, 6.0, -6.0, -3.0, -3.0, -3.5, 6.0, -6.0, 0.3, 6.0 | 98.28956967988798
-0.4, 5.8, -5.8, -2.9, -2.9, 3.5, 6.0, -6.0, 0.0, 5.6 | 87.84247911240625
-0.5, 4.0, -4.0, 0.5, -0.5, -0.5, -2.5, -2.5, 0.1, 0.6 | 202.71984074084372
0.0, 5.0, -5.0, -2.5, -2.5, -5.0, 5.0, -5.0, 0.5, 0.0 | 59.854012304972045
-0.5, -4.7, -4.7, 0.0, 0.0, -0.5, -2.7, -2.7, 0.0, 0.0 | 107.18862009730076
-0.5, 5.6, -5.6, -2.9, -2.9, -3.5, 5.6, -5.6, 0.0, 5.8 | 86.8816842591669
-0.5, 5.5, -5.5, -1.0, -1.0, -1.0, 5.5, -5.5, 0.5, 5.5 | 67.4625805974015
-0.6, 5.5, -5.5, -2.9, -2.9, -3.4, 5.5, -5.5, 0.4, 5.7 | 80.85748865346424
-0.1, 5.9, -5.9, -2.3, -2.3, -3.8, 5.9, -5.9, 0.0, 5.9 | 73.11038051779292
-6.0, 6.0, -6.0, 0.0, 0.0, -6.0, -6.0, -6.0, 0.0, 0.5 | 89.14795834531598
-0.5, 0.0, 0.0, 0.0, 0.0, -1.0, -2.5, -2.5, 0.0, 0.0 | 130.18968998207012
-0.6, 5.9, -5.9, -3.1, -3.1, -4.0, 5.9, -5.9, 0.2, 6.0 | 86.43103313775637
0.5, 6.0, -6.0, -3.0, -3.0, 4.0, 6.0, -6.0, 0.0, 5.5 | 87.35209403959506
-0.5, 5.5, -5.5, -2.8, -2.8, 4.5, 5.5, -5.5, 0.0, 6.0 | 101.3956751862134
-0.3, 6.5, -6.5, -3.1, -3.1, -3.7, 6.5, -6.5, 0.3, 6.5 | 94.31813463077042
-0.3, 6.0, -6.0, -2.9, -2.9, -2.5, 6.0, -6.0, 0.3, 6.0 | 87.4130607174242
-0.5, 6.0, -6.0, -2.5, -2.5, 6.0, 6.0, -6.0, 0.5, 5.0 | 105.50739280237704
-0.5, 5.5, -5.5, -2.8, -2.8, -3.5, 5.5, -5.5, 0.2, 6.0 | 83.75910190714357
-0.5, 5.5, -5.5, -2.7, -2.7, -3.4, 5.5, -5.5, 0.1, 5.6 | 84.71352412651801
-0.45, -4.8, -4.8, 0.0, 0.0, -0.45, -2.6, -2.6, 0.0, 0.0 | 114.80481376669884
-0.5, 6.3, -6.3, -3.0, -3.0, 3.5, 6.3, -6.3, 0.0, 5.6 | 105.4477853371327
-0.4, -4.0, -4.0, 0.0, 0.0, -0.5, -2.0, -2.0, 0.0, 0.0 | 111.06737876281531
-0.5, 6.2, -6.2, -3.2, -3.2, 4.0, 6.2, -6.2, 0.0, 5.8 | 93.88053148590839
-0.5, 6.0, -6.0, -3.0, -3.0, -5.5, 6.0, -6.0, 0.3, 6.0 | 92.00449675259925
-0.5, 5.5, -5.5, -2.7, -2.7, 4.0, 5.5, -5.5, 0.0, 5.8 | 94.3452595271618
-0.5, 6.0, -6.0, -3.1, -3.1, 3.6, 6.0, -6.0, 0.2, 5.7 | 106.84655764116833
-0.5, 3.6, -3.6, 0.0, 0.0, -0.5, -2.4, -2.4, 0.0, 0.6 | 222.60226526671636
-0.5, 5.6, -5.6, -3.0, -3.0, -4.0, 5.6, -5.6, 0.0, 6.0 | 95.69202114315125
-0.5, 5.5, -5.5, -2.8, -2.8, -3.6, 5.5, -5.5, 0.0, 5.7 | 85.86833709948802
-0.3, 6.0, -6.0, -3.0, -3.0, 3.5, 6.0, -6.0, 0.0, 5.6 | 86.45962115886466
-4.0, 6.0, -6.0, 1.0, -1.0, -4.0, -5.5, -5.5, 0.5, 1.0 | 106.67885489356613
-0.2, 5.5, -5.5, -2.8, -2.8, -2.0, 5.5, -5.5, -0.5, 5.6 | 93.42566006116895
0.0, 5.1, -4.6, -2.6, -2.6, -3.6, 4.6, -4.6, 0.1, 5.1 | 96.71402361318466
-0.55, 5.6, -5.6, -3.0, -3.0, -3.4, 5.8, -5.8, 0.4, 5.9 | 91.1351160510287
-0.5, 3.8, -3.8, 0.0, 0.0, -0.5, -2.4, -2.4, 0.0, 0.6 | 195.78671017962654
6.0, 6.0, -6.0, -3.0, -3.0, 3.5, 6.0, -6.0, 0.0, 5.6 | 84.96371485832512
-0.4, 5.7, -5.7, -2.9, -2.9, -3.4, 5.7, -5.7, 0.1, 5.8 | 90.65493984321952
-0.2, 6.0, -6.0, -3.0, -3.0, -3.0, 6.0, -6.0, 0.2, 5.8 | 91.19835077397018
-0.5, 6.0, -6.0, -3.0, -3.0, -2.5, 6.0, -6.0, 0.2, 6.5 | 92.36804509962323
-0.5, 5.0, -5.0, 0.0, 0.0, -0.5, -5.0, -5.0, 1.0, 0.5 | 133.27675587809853
-0.6, 6.0, -6.0, -3.0, -3.0, -4.0, 6.0, -6.0, 0.2, 6.0 | 85.92165789787273
-0.5, 6.0, -6.0, -2.5, -2.5, -3.5, 5.5, -5.5, 0.5, 0.0 | 74.23680029752424
-0.5, 6.3, -6.3, -2.6, -2.6, 4.2, 6.3, -6.3, 0.2, 6.3 | 87.8358359100936
-0.5, 6.0, -6.0, -3.0, -3.0, -5.0, 6.0, -6.0, 0.2, 6.0 | 83.28696932098043
-0.45, 3.3, -3.3, 0.0, 0.0, -0.45, -2.6, -2.6, 0.0, 0.5 | 219.22564330297178
-0.5, 3.4, -3.4, 0.0, 0.0, -0.5, -2.6, -2.6, 0.0, 0.6 | 197.48773515468756
-0.3, 6.0, -6.0, -3.0, -3.0, 3.5, 6.0, -6.0, 0.0, 5.8 | 86.05536730772695
-0.5, -5.0, -5.0, 0.0, 0.0, -0.5, -4.0, -4.0, 0.0, 0.0 | 97.91476429330909
-0.5, 6.0, -6.0, -3.2, -3.2, -3.6, 6.0, -6.0, 0.2, 6.0 | 79.89166535016625
-0.3, 5.9, -5.9, -3.0, -3.0, -3.2, 5.8, -5.8, 0.1, 5.9 | 85.9648363541335
-0.4, 4.0, -4.0, 0.2, -0.2, -0.4, -2.8, -2.8, 0.2, 1.0 | 179.51053727752065
-0.5, 5.5, -5.5, -2.7, -2.7, 3.5, 5.5, -5.5, 0.2, 5.8 | 93.91379914317731
-0.5, 5.0, -5.0, -2.5, -2.5, -1.0, 5.0, -5.0, 0.0, 0.0 | 62.27520411281536
-0.5, 5.7, -5.7, -3.0, -3.0, -3.4, 5.7, -5.7, 0.2, 5.8 | 93.9273105872268
-0.5, 5.5, -5.5, -2.8, -2.8, 3.5, 5.5, -5.5, 0.2, 5.9 | 95.23208049317152
-0.3, 5.6, -5.6, -2.6, -2.6, -3.4, 5.6, -5.6, 0.2, 5.8 | 76.29557477096617
-0.5, 6.0, -6.0, -3.0, -3.0, 3.5, 6.0, -6.0, 0.0, 5.6 | 76.73443639440292
-0.5, 5.6, -5.0, -2.8, -2.8, -3.8, 5.0, -5.0, 0.0, 5.6 | 80.89427597380794
0.2, 5.8, -5.8, -3.0, -3.0, -4.8, 5.8, -5.8, 0.2, 6.0 | 86.84456769014972
-0.5, 5.5, -5.5, -2.8, -2.8, -3.5, 5.5, -5.5, 0.0, 5.7 | 92.9185038189834
-0.5, 6.0, -6.0, -3.0, -3.0, -3.5, 6.0, -6.0, 0.2, 6.0 | 91.56851931672644
-0.5, 5.5, -5.5, -2.8, -2.8, -3.5, 5.5, -5.5, 0.2, 5.7 | 98.9962651726232
0.0, 5.6, -3.0, 2.5, 1.5, -5.0, 5.5, -5.0, 5.0, -2.0 | 67.35623800816359
-0.5, 0.0, 0.0, 0.0, 0.0, -1.0, -2.5, -2.5, 0.0, 0.0 | 110.17280503750786
0.0, 5.0, -5.0, -2.5, -2.5, -3.5, 5.0, -5.0, 0.0, 5.0 | 93.46270816659397
-0.5, 5.9, -5.9, -3.6, -3.6, -4.5, 5.9, -5.9, 0.2, 6.0 | 80.41451428449521
-0.6, 6.0, -6.0, -2.9, -2.9, -3.5, 6.0, -6.0, 0.3, 6.0 | 74.92612048205218
0.2, 6.0, -6.0, -3.0, -3.0, -3.5, 6.0, -6.0, 0.3, 6.0 | 91.96900048403936
-0.5, 6.0, -6.0, -3.0, -3.0, 3.5, 6.0, -6.0, 1.0, 6.0 | 91.59491223995744
-0.5, 6.0, -6.0, -3.0, -3.0, -3.0, 6.0, -6.0, 0.0, 5.6 | 85.12806920851739
-0.5, 5.5, -5.5, -2.8, -2.8, -3.4, 5.5, -5.5, 0.1, 5.6 | 103.7464766778517
0.0, 6.0, -5.4, -3.0, -3.0, -4.2, 5.4, -5.4, 0.0, 6.0 | 76.7124075545718
-0.5, 5.5, -5.5, -3.0, -3.0, -4.0, 5.0, -5.0, 0.2, 5.5 | 88.30920716602623
-0.5, 6.0, -6.0, -3.0, -3.0, 3.5, 6.0, -6.0, 0.1, 5.6 | 83.31358871847391
-0.45, 5.6, -5.6, -2.75, -2.75, -3.6, 5.6, -5.6, 0.15, 5.9 | 88.847334093136
-0.5, 6.1, -6.1, -2.9, -2.9, -3.5, 6.1, -6.1, 0.0, 6.1 | 79.57627581165328
-0.2, 6.0, -6.0, -3.0, -3.0, 3.8, 6.0, -6.0, 0.2, 5.8 | 93.93584249075022
-0.5, 6.0, -6.0, -3.0, -3.0, 4.0, 6.0, -6.0, 0.0, 6.2 | 94.37338255471744
-0.5, -4.8, -4.8, 0.0, 0.0, -0.5, -2.6, -2.6, 0.0, 0.0 | 99.43143973974865
-0.5, -0.2, -0.2, 0.0, 0.0, -0.5, -2.4, -2.4, 0.0, 0.0 | 124.57057648231584
-0.5, 5.5, -5.5, -2.7, -2.7, -3.5, 5.5, -5.5, 0.2, 5.6 | 79.0307664846413
-0.5, 6.0, -6.0, -3.0, -3.0, 6.0, 6.0, -6.0, 0.0, 6.0 | 97.13748552471817
-1.0, 6.0, -6.0, -4.0, -4.0, -2.0, 6.0, -6.0, 0.5, 6.0 | 77.12289599893498
-1.0, 5.5, -5.0, -2.5, -2.5, -4.0, 5.0, -5.0, 1.0, 5.0 | 84.66994008157042
-0.2, 5.2, -4.8, -2.7, -2.7, -3.6, 5.0, -5.0, 0.2, 5.4 | 96.58471422619047
-0.5, 5.9, -5.9, -3.0, -3.0, -3.2, 6.0, -6.0, 0.4, 6.0 | 81.37479562587599
-0.5, 6.0, -6.0, -3.0, -3.0, -5.0, 6.0, -6.0, 0.6, 6.0 | 85.97462172833767
-2.5, 6.0, -6.0, -3.0, -3.0, -4.0, 6.0, -6.0, 0.3, 5.0 | 84.16088797927911
-0.5, 6.0, -6.0, -3.0, -3.0, 5.0, 6.0, -6.0, 0.5, 5.5 | 80.09125375552308
-0.5, 0.0, 0.0, 0.0, 0.0, -0.5, -1.9, -1.9, 0.1, 0.0 | 131.5163926099504
-6.0, -6.0, 6.0, -6.0, -6.0, -6.0, 6.0, -6.0, 6.0, -6.0 | 47.55952195248137
-0.5, 6.0, -6.0, -3.0, -3.0, -3.0, 6.0, -6.0, 0.3, 6.0 | 88.25893431568514
-0.5, 6.0, -6.0, -3.1, -3.1, 3.4, 6.0, -6.0, 0.0, 5.7 | 86.36540037697954
-0.4, -4.5, -4.5, 0.0, 0.0, -0.5, -2.1, -2.1, 0.0, 0.0 | 106.20306940029567
-0.4, 5.5, -5.5, -2.8, -2.8, -3.5, 5.5, -5.5, 0.3, 5.6 | 85.45838415675635
-0.5, 3.0, -3.0, 0.5, 0.5, -0.5, -2.0, -2.0, 0.0, 0.5 | 110.30376067627864
-0.5, 6.0, -6.0, -2.5, -2.5, 3.5, 6.0, -6.0, 0.5, 6.0 | 90.23729193954344
-0.6, -4.0, -4.0, 0.0, 0.0, -0.6, -3.0, -3.0, 0.0, 0.0 | 111.72980137793638
0.0, 5.0, -4.4, -2.8, -2.8, -3.5, 4.8, -4.8, 0.2, 5.2 | 78.98551309227516
-0.45, 3.4, -3.4, 0.0, 0.0, -0.45, -2.6, -2.6, 0.0, 0.4 | 247.09213513078166
-0.5, 6.0, -6.0, -3.0, -3.0, -3.0, 6.0, -6.0, 0.0, 6.0 | 97.57312252560544
-0.5, 3.6, -3.6, 0.0, 0.0, -0.5, -2.6, -2.6, 0.0, 0.5 | 217.23946561422864
-0.2, 6.6, -6.6, -3.3, -3.3, -5.0, 6.6, -6.6, 0.0, 6.7 | 93.04344922744204
-0.5, 5.5, -5.5, -2.8, -2.8, 3.5, 5.5, -5.5, 0.0, 5.6 | 115.12644247018417
-0.45, 3.4, -3.4, 0.0, 0.0, -0.45, -2.4, -2.4, 0.0, 0.5 | 238.61881046917233
0.0, 6.0, -6.0, -3.5, -3.5, -5.0, 6.0, -6.0, 0.0, 5.5 | 74.84706439175514
-0.4, 5.8, -5.8, -2.9, -2.9, -3.6, 5.8, -5.8, 0.3, 5.8 | 95.71747087956501
-0.5, 6.0, -6.0, -3.0, -3.0, 3.9, 6.0, -6.0, 0.0, 5.6 | 95.26671868784233
-0.5, 0.0, 0.0, 0.0, 0.0, -0.5, -1.7, -1.7, 0.0, 0.0 | 146.17845911140867
-0.5, 5.5, -5.5, -2.8, -2.8, -3.5, 5.5, -5.5, -0.1, 5.7 | 94.76772178077522
-0.5, 5.5, -5.5, -2.8, -2.8, -3.0, 5.5, -5.5, 0.4, 6.0 | 90.57739714949432
-0.5, 3.3, -3.3, 0.0, 0.0, -0.5, -2.4, -2.4, 0.0, 0.5 | 234.29336657845866
-0.5, 6.0, -6.0, -3.0, -3.0, -6.0, 6.0, -6.0, 0.5, 6.0 | 80.46960112319879
-0.2, 6.0, -6.0, -2.5, -2.5, -1.0, 6.0, -6.0, 0.0, 0.0 | 69.67671462110499
-0.6, 5.8, -5.8, -3.1, -3.1, 0.0, 5.8, -5.8, 0.1, 5.8 | 86.10369096227318
-2.5, 6.0, -6.0, -4.0, -4.0, -6.0, 6.0, -6.0, 0.6, 6.0 | 81.27547431647436
-0.5, 6.0, -6.0, 0.0, 0.0, -0.5, -2.5, -2.5, 0.0, 0.5 | 210.48257095204312
-0.6, 5.8, -5.8, -3.1, -3.1, -3.7, 5.8, -5.8, 0.4, 5.9 | 81.72929222506139
-0.5, 5.5, -5.5, -3.0, -3.0, -3.5, 5.5, -5.5, 0.3, 5.6 | 80.048220124007
-0.5, 4.8, -4.8, 0.1, -0.1, -0.5, -2.9, -2.9, 0.2, 0.7 | 192.9176122877772
-0.5, 6.0, -6.0, -4.0, -4.0, 4.0, 6.0, -6.0, 0.0, 5.6 | 76.69703842910438
-0.5, 4.1, -4.1, 0.0, 0.0, -0.5, -2.5, -2.5, 0.0, 0.5 | 221.86994302537124
-0.5, 5.5, -5.5, -3.0, -3.0, -3.0, 5.5, -5.5, 0.5, 6.0 | 98.026508217977
-0.5, 5.5, -5.5, -2.8, -2.8, -3.5, 5.5, -5.5, 0.3, 5.6 | 81.35777154618458
-0.5, 6.0, -6.0, -3.5, -3.5, 4.5, 6.0, -6.0, 0.1, 5.8 | 79.98938847161564
-0.5, 5.6, -5.3, -2.9, -2.9, -4.2, 5.3, -5.3, 0.0, 5.5 | 81.38933664598768
-0.45, -4.8, -4.8, 0.0, 0.0, -0.45, -2.6, -2.6, 0.0, 0.5 | 94.22495588104539
-0.7, 5.0, -5.0, 0.0, 0.0, -0.7, -4.0, -4.0, 0.0, 0.5 | 189.91806019534943
-0.5, 5.5, -5.5, -2.8, -2.8, 3.6, 5.5, -5.5, 0.0, 5.7 | 99.89509862700764
-1.0, 6.0, -6.0, -4.0, -4.0, -6.0, 6.0, -6.0, 0.6, 6.0 | 64.62032376086904
5.0, 20.0, -20.0, -5.0, -5.0, -10.0, 20.0, -20.0, 0.0, 20.0 | 61.32496773262201
-0.5, 3.5, -3.5, 0.0, 0.0, -0.5, -2.3, -2.3, 0.3, 0.6 | 207.32988936836068
-0.5, -5.5, -5.5, 0.5, 0.5, -0.5, -3.5, -3.5, 0.2, 0.5 | 66.02506380356665
-0.4, 3.6, -3.6, 0.0, 0.0, -0.4, -2.8, -2.8, 0.0, 0.5 | 201.58527411566521
-0.5, 6.0, -6.0, -3.0, -3.0, 4.0, 6.0, -6.0, 0.2, 6.0 | 97.23225009350338
-0.5, 3.0, -3.0, 0.0, 0.0, -0.5, -2.5, -2.5, 0.0, 0.5 | 216.74242100565348
-0.5, 6.0, -6.0, -3.0, -3.0, 5.0, 6.0, -6.0, 0.0, 6.5 | 94.34623917298971
-0.5, 6.0, -6.0, -3.0, -3.0, 3.6, 6.0, -6.0, 0.0, 5.7 | 85.07471377401716
-0.5, 3.8, -3.8, 0.0, 0.0, -0.5, -3.5, -3.5, 0.0, 0.6 | 155.94695131180032
-0.2, 4.5, -4.5, -2.0, -2.0, -2.0, 4.0, -4.0, 0.0, 0.0 | 67.29270353659209
0.0, 5.2, -5.2, -2.8, -2.8, -3.8, 5.2, -5.2, -0.2, 5.2 | 88.33729016646694
-0.4, 5.6, -5.6, -3.0, -3.0, -3.2, 5.6, -5.6, 0.3, 5.6 | 87.34122458434888
-0.4, 6.5, -6.5, -3.2, -3.2, 3.5, 6.5, -6.5, 0.0, 6.5 | 85.63419862712945
-0.5, -4.7, -4.7, 0.0, 0.0, -0.5, -3.0, -3.0, 0.0, 0.0 | 100.9212905090599
-0.5, -4.5, -4.5, 0.0, 0.0, -0.5, -2.0, -2.0, 0.0, 0.0 | 110.09579701766442
-0.2, 6.0, -6.0, -3.0, -3.0, 4.0, 6.0, -6.0, 0.0, 5.5 | 94.4119512426507
-0.5, 5.5, -5.5, -2.8, -2.8, -3.4, 5.5, -5.5, 0.2, 5.6 | 90.10380034982427
0.0, 6.0, -6.0, -3.0, -3.0, -4.0, 6.0, -6.0, 0.2, 5.8 | 82.70738730249226
-6.0, 6.0, -6.0, -3.0, -3.0, 6.0, 6.0, -6.0, 6.0, 0.0 | 67.52129189552747
-0.5, 4.0, -4.0, 0.0, 0.0, -0.5, -3.0, -3.0, 0.1, 0.5 | 207.18068460549435
-0.5, 0.0, 0.0, 0.0, 0.0, -0.5, -2.3, -2.3, 0.0, 0.0 | 125.66072068840825
0.0, 5.0, -5.0, -1.0, -1.0, -2.0, 5.0, -5.0, 0.1, 5.0 | 81.76714949479766
-0.5, 6.0, -6.0, -3.5, -3.5, -6.0, 6.0, -6.0, 0.6, 6.0 | 72.89999545579326
-0.5, 3.5, -3.5, 0.0, 0.0, -0.5, -2.7, -2.7, 0.0, 0.6 | 207.18028146167634
0.5, -6.0, 6.0, 6.0, 6.0, 6.0, -6.0, 6.0, 0.0, -6.0 | 21.088342103009815
-0.5, 6.0, -6.0, -3.5, -3.5, 4.0, 6.0, -6.0, 0.0, 7.0 | 96.18907750814671
-0.5, 5.6, -5.6, -2.9, -2.9, -3.6, 5.6, -5.6, 0.1, 5.8 | 93.06563646409569
-0.5, 5.0, -4.4, -2.4, -2.4, -3.2, 4.6, -4.6, 0.2, 4.8 | 77.15776935153968
-0.5, -4.5, -4.5, 0.5, 0.5, -0.5, -2.5, -2.5, 0.0, 0.0 | 74.53720273780068
-0.5, 5.6, -5.6, -3.0, -3.0, -3.4, 5.6, -5.6, 0.3, 5.8 | 85.1353672663701
0.0, 5.0, -4.5, -2.5, -2.5, -3.5, 4.5, -4.5, 0.0, 5.0 | 99.87010528595074
-0.5, 6.0, -6.0, -3.0, -3.0, -5.0, 6.0, -6.0, 0.5, 6.0 | 75.3708375983124
-0.6, 5.5, -5.5, 0.0, 0.0, -0.6, -3.0, -3.0, 0.1, 0.6 | 171.84634905804316
-0.5, 5.5, -5.5, -2.8, -2.8, -3.5, 5.5, -5.5, 0.3, 5.6 | 87.41457961332137
0.0, 6.0, -6.0, 0.0, 0.0, 0.0, -5.0, -5.0, 0.0, 0.5 | 101.64817579866042
0.5, 5.5, -5.0, -3.0, -3.0, -4.0, 5.0, -5.0, 0.5, 5.5 | 90.31272562637717
-0.5, -3.0, -3.0, 0.0, 0.0, -1.0, -5.0, -5.0, 0.0, 0.0 | 90.56716581764529
-0.6, 5.9, -5.9, -3.5, -3.5, -3.6, 5.9, -5.9, 0.2, 6.0 | 80.94682794681592
-0.5, 6.0, -6.0, -3.0, -3.0, 4.1, 6.0, -6.0, 0.0, 5.6 | 81.90857681555951
-0.5, 6.0, -6.0, -3.0, -3.0, -4.0, 6.0, -6.0, 0.5, 6.0 | 81.37924327764632
0.0, 5.0, -5.0, -3.0, -3.0, 2.0, 6.0, -6.0, 0.0, 6.0 | 95.81946152939972
-0.6, 6.0, -6.0, -3.5, -3.5, -5.0, 6.0, -6.0, 0.5, 6.0 | 84.5693874223706
-0.5, 3.5, -3.5, 0.5, 0.0, -0.5, -2.7, -2.7, 0.1, 0.7 | 152.11333940197696
-0.5, 5.5, -5.5, -2.8, -2.8, 3.0, 5.5, -5.5, 0.0, 5.6 | 110.43366098954195
-0.5, 6.0, -6.0, -3.6, -3.6, 3.5, 6.0, -6.0, 0.0, 5.6 | 89.24968085664807
-0.5, 6.0, -6.0, -3.0, -3.0, -3.5, 6.0, -6.0, 0.0, 5.8 | 77.31580250683342
-0.5, 5.5, -5.5, -2.8, -2.8, -3.5, 5.5, -5.5, 0.0, 5.5 | 77.69554358907138
-0.5, 5.0, -5.0, 0.2, -0.2, -0.5, -2.2, -2.2, 0.2, 0.6 | 201.71362455014162
-0.5, 0.0, 0.0, 0.0, 0.0, -0.5, -1.8, -1.8, 0.0, 0.0 | 148.82937064595464
-0.6, 5.6, -5.6, -2.9, -2.9, -3.5, 5.6, -5.6, 0.2, 5.8 | 96.58111256937862
-0.5, 4.5, -4.5, -0.5, 0.5, -0.5, -3.0, -3.0, 0.2, 1.2 | 126.69757528998244
-0.5, 5.6, -5.6, -2.8, -2.8, -3.2, 5.6, -5.6, 0.2, 5.6 | 92.54188815733612
-0.45, 3.4, -3.4, 0.0, 0.0, -0.45, -2.5, -2.5, 0.0, 0.5 | 212.61274449493675
-0.45, 3.4, -3.4, 0.0, 0.0, -0.45, -2.6, -2.6, 0.1, 0.6 | 193.86380152411692
-0.6, 4.4, -4.4, 0.0, 0.0, -0.6, -3.4, -3.4, 0.2, 0.9 | 183.4324133617427
-6.0, 6.0, -6.0, -3.0, -3.0, -6.0, 6.0, -6.0, 6.0, -6.0 | 58.91393823743463
0.0, 6.0, -6.0, -3.0, -3.0, 0.0, 6.0, -6.0, 0.0, 0.0 | 68.80989986320606
-0.5, 5.6, -5.6, -2.8, -2.8, -3.5, 5.6, -5.6, 0.0, 5.7 | 84.59603909957843
-0.5, -5.0, -5.0, 0.0, 0.0, -6.0, -3.0, -3.0, 0.0, 0.0 | 76.77469976925522
-0.5, 6.0, -6.0, -3.0, -3.0, -3.5, 6.0, -6.0, 0.0, 6.0 | 86.99671589068747
-0.5, 5.5, -5.5, -2.8, -2.8, -3.5, 5.5, -5.5, 0.0, 5.5 | 85.12530394450395
-0.45, 3.4, -3.4, 0.0, 0.0, -0.45, -2.6, -2.6, 0.0, 0.5 | 263.9249455138101
-0.5, 5.5, -5.0, -3.0, -3.0, -4.0, 5.5, -5.5, 0.5, 6.0 | 91.03729427177197
-0.5, 7.0, -7.0, -3.5, -3.5, -4.5, 7.0, -7.0, 0.0, 6.5 | 84.46204119924815
-0.5, 0.0, 0.0, 0.0, 0.0, -0.5, -2.0, -2.0, 0.0, 0.2 | 134.79814283042435
0.0, 6.5, -6.5, -3.0, -3.0, 0.0, 6.5, -6.5, 0.0, 6.0 | 87.8518483908548
-1.0, 6.0, -6.0, -3.0, -3.0, 3.5, 6.0, -6.0, 0.0, 5.8 | 89.68597314106094
-5.0, 5.0, -5.0, -2.0, -2.0, 6.0, 5.0, -5.0, 1.0, 6.0 | 87.74825482167174
-0.5, 5.0, -5.0, 0.0, 0.0, -2.5, -2.5, -2.5, 0.0, 0.0 | 127.70000929662508
-6.0, 6.0, -6.0, -6.0, -6.0, 0.0, 6.0, -6.0, 0.0, 6.0 | 64.1084117460954
1.0, 6.0, -6.0, -2.5, -2.5, 5.5, 6.0, -6.0, -0.5, 6.0 | 84.99574746048947
-0.5, 5.2, -5.2, 0.3, -0.3, -0.5, -2.9, -2.9, 0.1, 0.8 | 160.65288331579953
-2.0, -6.0, -6.0, 0.0, 0.0, -2.0, -5.0, -5.0, 0.0, 0.0 | 91.38288912250972
-0.5, -4.5, -4.5, 0.0, 0.0, -0.5, -2.5, -2.5, 0.0, 0.0 | 117.14753130298784
-0.45, 3.5, -3.5, 0.0, 0.0, -0.45, -2.5, -2.5, 0.0, 0.5 | 226.41628937056194
-0.5, 5.5, -5.5, -2.8, -2.8, -3.5, 5.5, -5.5, 0.0, 5.6 | 99.45354305821849
2.0, 6.0, -6.0, 3.0, 3.0, 3.0, 6.0, -6.0, 0.0, 6.0 | 61.400520548591444
-0.5, 6.0, -6.0, -3.0, -3.0, 3.5, 6.0, -6.0, -0.5, 6.0 | 95.22013974631832
-0.5, 5.5, -5.5, -2.8, -2.8, -2.5, 5.5, -5.5, 0.5, 6.0 | 84.61108379491526
-0.4, 5.4, -5.4, -2.7, -2.7, -3.4, 5.4, -5.4, 0.2, 5.5 | 86.9335433302705
-0.44, 3.5, -3.5, 0.0, 0.0, -0.44, -2.6, -2.6, 0.0, 0.5 | 232.69569783938385
-0.4, 3.2, -3.2, 0.0, 0.0, -0.4, -2.5, -2.5, 0.0, 0.5 | 228.73623962937154
-0.5, 6.0, -6.0, -6.0, -6.0, -6.0, 6.0, -6.0, 0.0, 6.0 | 67.77297894047652
-0.5, 5.5, -5.5, -2.8, -2.8, -3.5, 5.5, -5.5, 0.0, 6.0 | 80.87969059149796
-0.5, 6.0, -6.0, -3.0, -3.0, 3.5, 6.0, -6.0, 0.2, 5.6 | 111.80218962083987
-0.5, 6.5, -6.5, -3.3, -3.3, 4.0, 6.5, -6.5, 0.5, 7.0 | 85.60129496028827
0.0, -5.0, 5.0, 0.0, 0.0, 0.0, -2.5, 2.5, 0.0, 0.0 | 25.932536046595988
-0.5, -5.0, -5.0, 0.0, 0.0, -0.5, -3.0, -3.0, 0.0, 0.0 | 106.88802401427782
-0.5, 5.8, -5.8, -3.0, -3.0, -3.5, 5.8, -5.8, 0.0, 5.8 | 90.63310015803468
0.0, 6.0, -5.5, -3.0, -3.0, -4.0, 6.0, -6.0, 0.0, 6.0 | 76.76682042933712
-0.5, 6.2, -6.2, -3.2, -3.2, 4.0, 6.2, -6.2, 0.0, 5.8 | 88.33078045485377
0.0, 6.0, -6.0, -6.0, -6.0, -5.0, 6.0, -6.0, 0.0, 6.0 | 67.85957153748129
-6.0, 6.0, -6.0, -6.0, -6.0, 6.0, 6.0, -6.0, 6.0, 0.0 | 59.52031123298677
-0.5, 5.5, -5.5, -2.7, -2.7, -3.3, 5.5, -5.5, 0.0, 5.6 | 90.21209290802233
-0.5, 5.6, -5.6, -3.0, -3.0, -4.0, 5.6, -5.6, 0.1, 4.5 | 66.03800088133146
-0.5, 5.5, -5.5, -2.8, -2.8, -3.5, 5.5, -5.5, 0.1, 5.6 | 88.76977616682544
-2.0, 6.0, -6.0, -3.5, -3.5, -2.0, 6.0, -6.0, 0.5, 6.0 | 86.9190068295787
-0.5, 6.0, -6.0, -3.0, -3.0, -1.0, 6.0, -6.0, 0.0, 6.0 | 77.29363266615906
-0.5, 6.0, -6.0, -2.8, -2.8, 4.0, 6.0, -6.0, 0.0, 5.5 | 92.95679764856183
0.0, 5.6, -5.5, -3.2, -3.2, -4.2, 5.6, -5.6, 0.0, 5.6 | 79.06112485147037
-0.45, 3.4, -3.4, 0.1, -0.1, -0.45, -2.6, -2.6, 0.0, 0.5 | 221.39310750911372
-0.5, -5.8, -5.8, 0.0, 0.0, -0.6, -3.0, -3.0, 0.0, 0.0 | 93.95930667681516
-0.4, 3.8, -3.8, 0.0, 0.0, -0.4, -2.7, -2.7, 0.2, 0.6 | 204.77153637808675
-2.0, -5.0, 5.0, 0.5, -0.5, -1.0, -3.0, -3.0, -0.5, 0.0 | 79.15417147396366
-0.5, 6.0, -6.0, -3.0, -3.0, -4.0, 6.0, -6.0, 0.0, 6.0 | 86.45072233560096
-0.6, 6.0, -6.0, -3.5, -3.5, -4.5, 6.0, -6.0, 0.5, 6.0 | 79.40424497230717
-0.5, 6.0, -6.0, -2.5, -2.5, 3.6, 6.0, -6.0, 0.0, 5.7 | 91.08868827629394
-0.5, 6.0, -6.0, -2.5, -2.5, -5.5, 6.0, -6.0, 0.0, 6.0 | 76.26170583004208
-0.5, 5.5, -5.5, -2.8, -2.8, 0.0, 5.5, -5.5, 0.0, 5.6 | 98.12908803669734
0.0, -4.0, -4.0, 0.0, 0.0, 0.0, -2.0, -2.0, 0.0, 0.0 | 105.37424089944014
-0.5, 5.5, -5.5, 0.0, 0.0, -0.5, -5.0, -5.0, 0.0, 0.5 | 129.83802665335256
-0.8, 6.2, -6.2, -3.2, -3.0, -3.4, 6.0, -6.0, 0.6, 6.1 | 81.43912161850307
-0.5, -4.3, -4.3, 0.0, 0.0, -0.3, -1.9, -1.9, 0.0, 0.0 | 106.5924953363162
-0.5, 6.0, -6.0, -3.0, -3.0, 5.5, 6.0, -6.0, 0.0, 6.0 | 89.32425403995136
-0.5, 5.9, -5.9, -3.0, -3.0, 3.8, 5.9, -5.9, 0.2, 5.9 | 104.57455320031045
-0.6, 5.6, -5.6, -2.7, -2.7, -3.4, 5.6, -5.6, 0.3, 5.7 | 96.52626656979768
-6.0, 6.0, -6.0, -6.0, -6.0, -6.0, 6.0, -6.0, -0.6, 0.0 | 59.876202025303236
-0.5, 6.0, -6.0, -3.0, -3.0, 3.5, 6.0, -6.0, 0.5, 5.7 | 102.29961570282894
-0.5, 0.0, 0.0, 0.0, 0.0, -0.5, -2.0, -2.0, 0.0, 0.0 | 140.11242609837734
-0.45, 3.4, -3.4, 0.0, 0.0, -0.45, -2.6, -2.6, 0.0, 0.5 | 256.2321123771868
-0.45, 4.2, -4.2, 0.0, 0.0, -0.45, -2.8, -2.8, 0.2, 0.7 | 196.6518722550824
-0.5, 6.2, -6.2, -3.1, -3.1, 3.6, 6.2, -6.2, 0.0, 5.7 | 85.61645933902865
-0.4, 5.6, -5.6, -2.7, -2.7, -3.4, 5.6, -5.6, 0.0, 6.0 | 82.36691389271934
-0.5, 5.5, -5.5, -2.8, -2.8, 3.6, 5.5, -5.5, 0.1, 5.6 | 85.63218100233833
-0.8, 6.0, -6.0, -3.2, -3.2, -4.0, 6.0, -6.0, 0.5, 6.0 | 85.08986664228671
-0.5, 6.0, -6.0, -3.0, -3.0, 3.6, 6.0, -6.0, 0.0, 5.6 | 94.64032513789807
-0.5, 3.4, -3.4, 0.0, 0.0, -0.5, -2.6, -2.6, 0.0, 0.5 | 215.8387825574323
-0.5, -4.5, -5.0, 0.0, 0.0, -0.5, -2.5, -2.5, 0.0, 0.0 | 113.52584152759478
-0.5, 3.9, -3.9, 0.0, 0.0, -0.5, -2.4, -2.4, 0.1, 0.6 | 231.9743560616143
-0.5, 6.0, -6.0, -3.1, -3.1, -3.2, 6.0, -5.8, 0.3, 6.0 | 83.2006382937132
-1.0, 6.0, -6.0, -3.0, -3.0, -5.5, 6.0, -6.0, 0.5, 5.9 | 79.12154355479126
-0.6, 6.0, -6.0, -3.0, -3.0, -4.0, 6.0, -6.0, 0.5, 5.9 | 86.0009711036322
-0.5, 6.0, -6.0, 0.0, 0.0, -0.5, -6.0, -6.0, 0.0, 0.5 | 111.51739359221577
-0.2, 6.0, -6.0, 0.0, 0.0, -0.2, -5.5, -5.5, 0.5, 1.0 | 85.60142008187695
-0.5, 6.0, -6.0, -3.0, -3.0, 4.0, 6.0, -6.0, 0.5, 6.0 | 94.39187367117826
-0.5, 6.5, -6.5, -3.2, -3.2, -2.5, 6.5, -6.5, 0.5, 6.5 | 80.83911979986435
-0.5, 7.0, -7.0, -3.0, -3.0, -4.0, 7.0, -7.0, 0.2, 7.0 | 93.82494906755312
-0.4, 3.5, -3.5, 0.0, 0.0, -0.4, -2.6, -2.6, 0.0, 0.5 | 197.53112269761252
-0.5, 4.0, -4.0, 0.0, 0.0, -0.5, -2.5, -2.5, 1.0, 1.0 | 135.60396178354762
-0.5, 3.4, -3.4, 0.0, 0.0, -0.5, -2.6, -2.6, 0.0, 0.9 | 165.17237741988475
-6.0, 6.0, -6.0, -6.0, -6.0, -6.0, 6.0, -6.0, 0.0, 6.0 | 67.39003101940901
-0.5, 6.0, -6.0, -3.0, -3.0, -4.0, 6.0, -6.0, 0.0, 6.0 | 88.29678130376587
-0.5, 6.0, -6.0, -3.0, -3.0, -4.0, 6.0, -6.0, 0.5, 6.0 | 85.57196445535618
-0.5, 6.5, -6.5, -3.0, -3.0, -3.0, 6.5, -6.5, 0.5, 6.0 | 86.45224336795229
-0.5, 3.7, -3.7, -0.1, 0.1, -0.5, -2.6, -2.6, 0.2, 0.6 | 216.8482418266129
-0.5, 3.5, -3.5, 0.0, 0.0, -0.5, -2.6, -2.6, 0.0, 0.6 | 190.2668595487142
-0.5, 6.0, -5.0, -3.0, -3.0, 4.0, 6.0, -5.0, 0.0, 6.0 | 94.47052898366238
-0.5, 4.6, -4.6, 0.0, 0.0, -0.5, -3.0, -3.0, 0.0, 0.5 | 220.63037056717593
-0.5, 6.2, -6.2, -3.4, -3.4, -4.5, 6.2, -6.2, 0.2, 6.2 | 81.3805535689099
-0.5, -4.0, -4.0, 0.0, 0.0, -0.5, -2.0, -2.0, 0.0, 0.0 | 117.51276937164644
-0.6, 6.0, -6.0, -2.4, -2.4, 3.6, 6.0, -6.0, 0.0, 5.7 | 99.07630754058377
-0.8, 5.9, -5.9, -3.0, -3.0, -4.5, 5.9, -5.9, 0.4, 6.0 | 90.12561269499598
-0.4, 6.0, -6.0, -2.9, -2.9, -3.5, 6.0, -6.0, 0.4, 6.0 | 87.79626768249294
-0.6, 5.7, -5.7, -2.9, -2.9, -3.6, 5.7, -5.7, 0.3, 6.0 | 84.55416030262528
-0.2, 6.0, -6.0, -3.0, -3.0, -5.0, 6.0, -6.0, 0.0, 5.5 | 93.8879922920245
-0.5, 6.0, -6.0, -3.0, -3.0, 3.5, 6.0, -6.0, 0.0, 5.6 | 115.18943500784943
-0.5, 6.0, -6.0, -3.0, -3.0, -2.0, 6.0, -6.0, 0.5, 6.0 | 86.55295698303546
-0.5, 6.0, -6.0, -3.8, -3.8, 4.0, 6.0, -6.0, 0.0, 5.8 | 82.81014768767497
-0.5, 5.8, -5.8, -3.0, -3.0, -4.0, 5.8, -5.8, 0.2, 6.0 | 86.90111635709509
-0.5, 5.5, -5.5, -2.5, -2.5, -3.5, 5.5, -5.5, 0.1, 5.6 | 87.86646166672243
-0.5, 6.0, -6.0, -3.0, -3.0, -3.5, 6.0, -6.0, 0.2, 6.0 | 79.49613107821662
-0.5, 3.5, -3.5, 0.0, 0.0, -0.5, -2.4, -2.4, 0.0, 0.6 | 219.73509578206517
0.0, 6.0, -6.0, -3.0, -3.0, 5.0, 6.0, -6.0, 0.0, 6.5 | 96.04937877694594
-0.5, 6.0, -6.0, -3.0, -3.0, -3.5, 6.0, -6.0, 0.0, 6.0 | 76.33262879380258
-0.5, 3.5, -3.5, -0.2, 0.2, -0.5, -2.7, -2.7, 0.0, 0.6 | 185.70354435266813
-0.5, 6.0, -6.0, -2.9, -2.9, 3.5, 6.0, -6.0, 0.0, 5.6 | 98.42420474304356
-0.5, 6.7, -6.7, -3.2, -3.2, 4.5, 6.7, -6.7, 0.2, 6.2 | 92.10470889996094
-0.5, 6.0, -6.0, -4.0, -4.0, -5.5, 6.0, -6.0, 0.5, 6.0 | 70.69060402013208
-0.45, 3.4, -3.4, 0.0, 0.0, -0.45, -2.6, -2.6, 0.0, 0.5 | 209.93560908772278
-0.5, 5.5, -5.5, -2.5, -2.5, -3.0, 5.5, -5.5, 0.2, 5.6 | 91.43689813450109
-0.7, 6.0, -6.0, -3.2, -3.2, -3.6, 6.0, -6.0, 0.3, 5.8 | 90.52336952585145
-0.3, 5.8, -5.8, -2.8, -2.8, -4.0, 5.8, -5.8, 0.0, 5.8 | 96.11820379390028
-0.5, 6.0, -6.0, -3.4, -3.4, -3.8, 6.0, -6.0, 0.5, 5.8 | 94.26396017841354
-0.4, 5.6, -5.6, -2.9, -2.9, 3.6, 5.6, -5.6, 0.1, 5.7 | 90.25723536353145
-0.5, 0.0, 0.0, 0.0, 0.0, -0.5, -1.5, -1.5, 0.0, 0.0 | 145.4724239741808
-0.5, 5.6, -5.6, -2.8, -2.8, -3.0, 5.6, -5.6, 0.0, 5.7 | 80.04015736995979
-0.5, 5.6, -5.6, -3.0, -3.0, 3.6, 5.6, -5.6, 0.5, 6.5 | 80.99727558718037
0.0, -5.0, -5.0, 0.0, 0.0, 0.0, -3.0, -3.0, 0.0, 0.0 | 82.06052147288618
-0.5, -5.5, -5.5, 1.0, 1.0, -6.0, -5.5, -5.5, 0.0, -5.6 | 62.25220976671763
-0.5, 5.5, -5.5, -2.8, -2.8, -2.0, 5.5, -5.5, 0.5, 6.0 | 97.17423587786136
-0.5, 6.5, -6.5, -3.0, -3.0, 3.5, 6.5, -6.5, 0.0, 5.6 | 103.47650439690362
-0.5, 6.0, -6.0, -2.5, -2.5, 3.5, 6.0, -6.0, 0.2, 6.0 | 85.53378694538983
-0.5, 5.5, -5.5, -2.9, -2.9, -3.5, 5.5, -5.5, 0.0, 5.6 | 85.47024214868631
-0.5, 5.8, -5.8, -3.0, -3.0, -3.5, 5.8, -5.8, 0.3, 5.9 | 94.41030305676193
-0.5, 5.5, -5.5, -2.8, -2.8, 3.6, 5.5, -5.5, 0.0, 5.7 | 104.51951998240068
-0.5, 6.0, -6.0, -2.9, -2.9, 4.0, 6.0, -6.0, 0.0, 5.8 | 94.8853904877839
0.0, 5.0, -4.5, -2.5, -2.5, -3.5, 5.0, -5.0, 0.0, 6.0 | 86.39634927741723
-1.0, 6.0, -6.0, -3.0, -3.0, -5.0, 6.0, -6.0, 0.0, 5.0 | 78.0982868178911
-1.0, 6.0, -6.0, -2.0, -2.0, -6.0, 6.0, -6.0, 0.5, 6.0 | 69.24421918399216
-0.5, -2.0, -2.0, -1.0, -1.0, -0.5, -2.0, -2.0, 0.0, 0.0 | 56.69792470344963
-0.5, 5.8, -5.8, -2.9, -2.9, 0.0, 5.8, -5.8, 0.0, 6.0 | 96.46916657179187
-0.5, 6.0, -6.0, 0.0, 0.0, -0.5, -3.0, -3.0, 0.0, 0.5 | 190.17278429283152
-0.5, 6.2, -6.2, -3.2, -3.2, 3.6, 6.2, -6.2, 0.1, 5.7 | 95.7252864495052
-0.9, 6.0, -6.0, 0.0, 0.0, -0.9, -5.2, -5.2, 0.0, 0.5 | 169.00456578119272
-0.4, 5.9, -5.9, -3.0, -3.0, -3.6, 5.9, -5.9, 0.2, 6.0 | 89.22687081115859
-0.5, 4.0, -4.0, 0.5, -0.5, -0.5, -2.6, -2.6, 0.1, 0.6 | 194.83912648234414
0.0, 6.0, -5.5, -2.5, -2.5, -3.5, 5.5, -5.5, 0.0, 6.0 | 79.9674438615977
-0.45, 3.5, -3.5, 0.0, 0.0, -0.45, -2.6, -2.6, 0.0, 1.0 | 146.5586623253168
-2.0, 6.0, -6.0, -4.0, -4.0, -5.0, 6.0, -6.0, 1.0, 6.0 | 94.70038515508107
-0.46, 3.45, -3.45, 0.0, 0.0, -0.46, -2.55, -2.55, 0.05, 0.55 | 202.86125495657805
-0.5, 5.6, -5.6, 3.0, 3.0, -3.5, 5.6, -5.6, 0.5, 5.5 | 58.976842412114664
-0.6, -5.5, -5.5, 0.0, 0.0, -0.6, -3.0, -3.0, 0.0, 0.0 | 88.86092283992365
-0.5, 5.4, -5.4, -2.7, -2.7, -3.5, 5.4, -5.4, 0.2, 5.6 | 82.8050787812872
0.0, -6.0, 6.0, -2.0, -2.0, -1.0, -6.0, 6.0, 0.0, 2.0 | 23.31486080754534
0.0, -5.5, 5.5, 3.0, 3.0, 3.5, -5.5, 5.5, 0.0, -5.5 | 24.308488661322613
-0.2, 5.1, -4.6, -2.6, -2.6, -3.6, 5.1, -5.1, 0.5, 5.1 | 86.91631775970298
-0.5, 6.0, -6.0, -3.0, -3.0, 3.5, 6.0, -6.0, 0.0, 5.55 | 82.74349518203434
-0.5, 7.0, -7.0, -3.5, -3.5, -5.0, 7.0, -7.0, 0.0, 7.0 | 93.83748541553317
-0.5, 4.0, -4.0, 0.5, -0.5, -0.5, -2.8, -2.8, 0.0, 0.5 | 230.2750981399955
-6.0, 6.0, -6.0, -6.0, -6.0, -6.0, 6.0, -6.0, 6.0, -6.0 | 52.270800931043325
-0.3, 5.6, -5.6, -2.9, -2.9, -3.5, 5.6, -5.6, 0.2, 5.8 | 89.29152024480568
-0.5, 5.6, -5.6, -3.0, -3.0, -3.4, 5.6, -5.6, 0.2, 6.0 | 81.9266053110237
-0.5, 5.6, -5.6, -2.8, -2.8, -3.6, 5.6, -5.6, 0.4, 5.8 | 90.66684113763367
-6.0, 6.0, -6.0, -3.0, -3.0, -3.5, 6.0, -6.0, 0.0, 6.0 | 92.03214029537045
0.0, 6.0, -6.0, -2.8, -2.8, -3.0, 6.0, -6.0, 0.4, 6.0 | 73.95214241983696
-0.5, 5.5, -5.5, -2.8, -2.8, -3.5, 5.5, -5.5, 0.2, 5.6 | 101.2420333942393
-0.45, 3.5, -3.5, 0.0, 0.0, -0.45, -2.6, -2.6, 0.0, 0.5 | 201.91219546045915
-0.6, 5.7, -5.7, -3.0, -3.0, -4.0, 6.0, -6.0, 0.4, 6.2 | 85.01201696885677
-0.6, -4.6, -4.6, 0.0, 0.0, -0.6, -2.1, -2.1, 0.0, 0.0 | 100.69147546453945
-0.5, 3.0, -3.0, 0.5, 0.5, -0.5, -2.5, -2.5, 0.2, 0.5 | 95.51813507165433
-0.3, 5.6, -5.6, -2.9, -2.9, -3.5, 5.6, -5.6, 0.1, 5.7 | 96.77172543627839
-0.5, 5.6, -5.6, -2.8, -2.8, -3.5, 5.6, -5.6, 0.2, 5.8 | 88.76319734427668
-0.5, 5.9, -5.9, -2.9, -2.9, -3.0, 5.9, -5.9, 0.3, 5.9 | 82.86397722508838
-0.6, 5.6, -5.6, -2.7, -2.7, -3.4, 5.6, -5.6, 0.3, 5.8 | 82.09393758420269
-3.0, 6.0, -6.0, -3.0, -3.0, -3.0, 6.0, -6.0, 0.0, 6.0 | 81.90440430690562
-0.5, 6.0, -6.0, -3.0, -3.0, 0.0, 6.0, -6.0, 0.5, 6.0 | 95.77983550306561
-0.5, 5.6, -5.6, -3.0, -3.0, -3.0, 5.6, -5.6, 0.5, 5.7 | 86.11612372296034
-0.5, 0.2, -0.2, 0.0, 0.0, -1.2, -3.0, -3.0, 0.0, 0.0 | 106.26419653502123
-0.5, 6.0, -6.0, 0.0, 0.0, -0.5, -5.0, -5.0, 0.0, 0.5 | 125.58034458548707
-0.5, 6.0, -6.0, -3.2, -3.2, -3.3, 6.0, -6.0, 0.4, 6.0 | 93.30923608383235
-0.5, 5.6, -5.6, -2.9, -2.9, -3.5, 5.6, -5.6, 0.1, 5.7 | 84.1349955697664
0.0, -6.0, 6.0, 3.0, 3.0, 5.5, -6.0, 6.0, 0.0, -5.0 | 20.889106843923482
-0.6, 5.6, -5.6, -2.9, -2.9, -3.4, 5.6, -5.6, 0.0, 5.8 | 92.4231983669101
-0.5, 5.6, -5.6, -2.6, -2.6, -3.4, 5.6, -5.6, 0.3, 5.5 | 72.51075781361611
-0.4, 6.3, -6.3, -3.2, -3.2, -4.5, 6.2, -6.2, 0.6, 5.9 | 97.58491412408668
-0.6, 5.9, -5.9, -3.3, -3.3, -4.2, 5.9, -5.9, 0.7, 5.7 | 76.62689146679023
-0.5, -5.0, -5.0, 0.0, 0.0, -0.5, -2.0, -2.0, 0.0, 0.0 | 111.39575661391845
-0.5, 6.0, -6.0, -3.0, -3.0, 0.0, 6.0, -6.0, 0.0, 6.0 | 97.68556335154427
-0.5, 6.0, -6.0, -3.0, -3.0, -5.0, 6.0, -6.0, 0.5, 6.0 | 89.20608965581732
-0.44, 3.45, -3.45, 0.0, 0.0, -0.44, -2.45, -2.45, 0.05, 0.55 | 235.88086712052373
-0.5, 6.0, -6.0, -2.0, -2.0, 5.5, 6.0, -6.0, 0.5, 6.0 | 71.22067865555854
-0.5, 0.0, 0.0, 0.0, 0.0, -0.5, -3.0, -3.0, 0.0, 0.0 | 110.83880746891012
-0.6, 4.0, -4.0, 0.0, 0.0, -0.6, -2.4, -2.4, 0.0, 0.7 | 204.22096133048518
-0.5, 6.0, -6.0, -6.0, -6.0, 4.0, 6.0, -6.0, 0.0, 5.5 | 66.00058195694871
-0.6, 5.8, -5.8, -3.0, -3.0, -3.0, 5.8, -5.8, 0.2, 5.8 | 80.4861274885071
-0.5, 5.6, -5.6, -2.7, -2.7, -3.4, 5.6, -5.6, 0.1, 5.7 | 92.03968779610668
-0.6, 3.6, -3.6, 0.0, 0.0, -0.6, -2.8, -2.8, 0.2, 0.8 | 150.52299625754512
-0.5, 5.5, -5.5, -2.8, -2.8, -3.4, 5.5, -5.5, 0.0, 5.6 | 83.63468186060155
-0.5, 5.9, -5.9, -2.9, -2.9, -3.3, 5.9, -5.9, -0.3, 5.5 | 82.30086684010749
-0.4, 6.0, -6.0, -3.0, -3.0, 4.5, 6.0, -6.0, 0.5, 6.0 | 90.72404353529984
-0.5, 5.5, -5.5, -3.0, -3.0, -3.5, 5.5, -5.5, 0.0, 5.6 | 76.69739773353815
-0.5, 6.0, -6.0, -3.0, -3.0, 3.5, 6.0, -6.0, 0.0, 5.7 | 93.76748341374433
-2.0, 5.6, -5.6, -2.8, -2.8, -4.8, 5.6, -5.6, 0.0, 6.0 | 86.49016625226508
-0.5, 5.5, -5.5, -2.8, -2.8, -3.5, 5.5, -5.5, 0.2, 5.6 | 84.13905448465108
-0.5, 2.9, -2.9, 0.0, 0.0, -0.5, -2.5, -2.5, 0.0, 0.5 | 227.05310017748312
-2.0, 6.0, -6.0, -4.0, -4.0, -5.0, 6.0, -6.0, 0.0, 5.0 | 69.2226507053692
-0.5, -5.0, -5.0, 0.0, 0.0, -0.5, -2.5, -2.5, 0.0, 0.0 | 99.063247614709
-0.5, 5.5, -5.5, -2.8, -2.8, -3.5, 5.5, -5.5, 0.0, 5.7 | 91.54229538258987
-0.5, 4.5, -4.5, 0.0, 0.0, -0.5, -2.5, -2.5, 0.0, 0.5 | 217.40661534036735
0.2, 5.2, -5.2, -2.6, -2.6, -3.6, 5.2, -5.2, 0.0, 5.2 | 84.09037944484558
0.0, 6.0, -6.0, -3.0, -3.0, 0.0, 6.0, -6.0, 0.0, 6.0 | 91.51893151032547
-0.5, 5.8, -5.8, -3.2, -3.2, -4.5, 5.5, -5.5, -0.2, 5.8 | 89.09518169686685
-0.5, 6.0, -6.0, -3.5, -3.5, -4.5, 6.0, -6.0, 0.6, 6.0 | 80.46288988635064
-0.7, 6.0, -6.0, -3.0, -3.0, -3.8, 6.0, -6.0, 0.2, 6.0 | 82.27713292080621
-2.5, 6.0, -6.0, -3.2, -3.2, -4.8, 6.0, -6.0, 0.0, 0.0 | 68.33000195182478
-0.5, -6.0, -6.0, 0.0, 0.0, -0.5, -6.0, -6.0, 0.0, 0.0 | 83.03228751792673
-0.5, 5.5, -5.5, -2.8, -2.8, 3.7, 5.5, -5.5, 0.1, 5.5 | 86.10568453901118
-2.0, -5.0, -5.0, 0.0, 0.0, -1.0, -3.6, -3.6, 0.0, 0.0 | 114.49649494402108
2.0, 1.0, 6.0, -1.0, -1.0, -2.5, -0.5, -4.0, 5.0, 1.0 | 64.6142927000361
-1.0, -4.0, -4.0, 0.0, 0.0, -0.5, -2.0, -2.0, 0.8, 0.1 | 115.4786388298526
4.0, 2.2, 6.0, -1.6, -1.6, -1.8, -1.8, -1.8, -1.8, 0.0 | 39.372448099460314
-2.0, -5.0, -5.0, 0.0, 0.0, -1.1, -3.5, -3.5, 0.0, 0.0 | 101.37380648584892
-3.0, -6.0, -6.0, 0.0, 0.0, -1.0, -5.0, -5.0, 0.0, 0.2 | 92.53019136188527
3.0, 1.3, 5.9, -0.9, -0.9, -2.8, -0.6, -3.0, 5.0, 0.5 | 62.71606436346541
-1.0, -4.0, -4.0, 0.0, 0.0, -0.5, -2.1, -2.1, 0.7, 0.0 | 122.74903008778703
2.2, 1.2, 5.9, -0.8, -0.7, -1.6, -0.2, -2.8, 2.2, 1.0 | 75.84542624264859
2.0, 1.2, 6.0, -0.9, -0.8, -2.0, -0.5, -4.0, 4.5, 3.0 | 65.08671046252257
2.2, 1.2, 6.0, -0.8, -0.7, -2.0, -0.2, -3.5, 2.5, 1.0 | 78.6669158069458
2.0, 2.0, 6.0, -1.0, -1.0, -6.0, -1.0, -6.0, 2.0, 1.0 | 68.72224781027852
-1.0, -4.0, -4.0, 0.5, -0.5, -0.3, -2.5, -2.5, 0.7, 0.0 | 113.50500185759036
-1.0, -4.0, -4.0, 0.0, 0.0, -0.5, -2.0, -2.0, 0.9, 0.0 | 128.08682867654252
6.0, -6.0, 6.0, -6.0, 6.0, -6.0, 6.0, -6.0, 6.0, -6.0 | 60.181405952707095
-3.0, -5.0, -5.0, 0.0, 0.0, -1.0, -3.5, -3.5, 0.0, 0.0 | 114.93117944064599
-2.0, -5.0, -5.0, 0.0, 0.0, -1.1, -3.1, -3.1, 0.0, 0.1 | 105.52378691974768
2.0, 1.1, 5.9, -0.8, -0.7, -1.7, -0.2, -2.8, 6.0, 2.0 | 82.19105015402681
2.0, 1.0, 6.0, -0.9, -0.8, -1.5, -0.2, -2.5, 3.0, 1.0 | 71.70593172517803
-2.0, -5.0, -5.0, 0.0, 0.0, -1.0, -3.3, -3.3, 0.0, 0.0 | 99.68625095148425
2.0, 1.1, 5.7, -0.8, -0.7, -1.6, -0.2, -2.7, 2.2, 1.0 | 80.47326749533343
2.0, 1.1, 6.0, -0.9, -0.8, -3.0, -0.3, -3.5, 3.0, 1.0 | 62.73930277026634
-2.0, -5.0, -5.0, 0.0, 0.0, -0.5, -2.5, -2.5, 1.0, 0.2 | 116.67067679544812
0.0, -6.0, -6.0, 0.0, 0.0, -6.0, -6.0, -6.0, 0.0, 0.0 | 85.5055994173232
-1.0, -4.0, -4.0, 0.1, -0.1, -0.5, -2.0, -2.0, 0.6, 0.2 | 115.09977844128107
-1.0, -4.0, -4.0, 0.0, 0.0, -0.5, -2.2, -2.2, 0.5, 0.0 | 117.63311514740653
2.5, 1.5, 6.0, -0.9, -0.8, -2.0, -0.2, -3.5, 2.5, 1.0 | 71.99382121389033
-2.0, -5.0, -5.0, 0.2, 0.2, -0.8, -3.2, -3.2, 0.0, 0.0 | 112.06688603990456
-2.0, -5.0, -5.0, 0.0, 0.0, -1.0, -3.5, -3.5, 0.5, 0.0 | 104.20050021166026
-0.9, -4.0, -4.0, 0.0, 0.0, -0.5, -2.2, -2.2, 0.8, 0.2 | 110.75966297354185
2.0, 1.1, 5.7, -0.8, -0.7, -1.7, -0.2, -2.8, 5.0, 3.0 | 59.81317312661356
-2.5, -5.5, -5.5, 0.0, 0.0, -1.5, -4.0, -4.0, 0.0, 0.0 | 111.53574603288578
-2.0, -5.0, -5.0, 0.0, 0.0, -1.0, -3.8, -3.8, 0.0, 0.0 | 105.10597079663023
5.0, 5.0, 5.0, 5.0, 5.0, 5.0, 5.0, 5.0, -5.0, -5.0 | 22.733017774808264
0.0, -6.0, -6.0, 0.0, 0.0, -6.0, -6.0, -6.0, 0.0, 0.0 | 84.15631221765871
2.5, 1.5, 6.0, -0.9, -0.8, -2.3, -0.4, -5.0, 5.0, 1.0 | 77.62728707757447
2.1, 1.2, 5.8, -0.9, -0.8, -1.6, -0.3, -3.0, 2.2, 1.1 | 74.88572134990362
-1.0, -4.0, -4.0, 0.0, 0.0, -0.5, -2.0, -2.0, 0.8, 0.0 | 121.00442488006533
-2.0, -5.0, -5.0, 0.0, 0.0, -0.9, -3.7, -3.7, 0.0, 0.0 | 108.20632926128933
2.5, 1.1, 6.0, -0.8, -0.8, -1.8, -0.2, -3.0, 2.5, 1.6 | 82.30138351493652
2.8, 1.3, 5.9, -0.9, -0.8, -1.9, -0.2, -3.0, 2.5, 1.2 | 67.97777362058173
1.8, 0.9, 5.5, -0.8, -0.6, -1.4, -0.3, -2.8, 2.2, 1.2 | 78.16648515142592
-1.0, -3.5, -3.5, 0.0, 0.0, -0.3, -1.2, -1.2, 0.6, 0.0 | 124.49390928824262
2.1, 2.0, 5.9, -0.9, -0.8, -2.0, -1.0, -3.0, 2.2, 1.0 | 71.66973908960559
-2.0, -5.0, -5.0, 0.0, 0.0, -0.8, -2.8, -2.8, 0.0, 0.0 | 112.78238128853582
-2.0, -5.0, -5.0, 0.0, 0.0, -1.0, -3.4, -3.5, 0.0, 0.0 | 100.9669116564055
2.2, 1.2, 6.0, -0.9, -0.8, -1.5, -0.1, -2.5, 2.5, 1.0 | 67.88767394342429
-1.0, -4.0, -4.0, 0.3, -0.3, -0.5, -2.0, -2.0, 0.7, 0.0 | 113.21432128762649
-6.0, -6.0, -6.0, 0.0, 0.0, -6.0, -6.0, -6.0, 6.0, 0.0 | 81.70603585987621
-2.0, -5.0, -5.0, 0.5, 0.5, -1.0, -3.5, -3.5, -0.5, 0.0 | 75.03782574473904
-1.0, -4.0, -4.0, 0.5, -0.5, -0.5, -2.0, -2.0, 0.9, 0.2 | 122.51969274834607
6.0, 6.0, 6.0, -6.0, -6.0, -6.0, -6.0, -6.0, 6.0, 6.0 | 51.89561611147616
-5.6, 5.6, -5.6, 5.6, -5.6, 5.6, -5.6, 5.6, -5.6, 5.6 | 20.22974785066973
-0.8, -3.9, -3.9, 0.0, 0.0, -0.4, -2.0, -2.0, 0.9, 0.2 | 101.35787107742253
-2.2, -5.0, -5.0, -0.5, -0.5, -1.1, -3.3, -3.3, 0.0, 0.0 | 95.39657324346851
2.0, 1.0, 6.0, -0.9, -0.8, -2.0, -0.5, -3.5, 5.5, 2.0 | 74.9103546868256
2.0, 2.0, 6.0, -1.0, -1.0, -2.5, -0.5, -3.5, 2.5, 1.5 | 70.68234693893132
-2.0, -5.0, -5.0, 0.0, 0.0, -1.0, -3.5, -3.5, 0.0, 0.2 | 105.46281269230838
2.0, 2.0, 6.0, -1.0, -0.5, -2.5, -0.3, -3.5, 2.5, 1.0 | 75.70715959264581
-2.0, -5.0, -5.0, 0.0, 0.0, -1.0, -3.5, -3.5, 0.0, 0.0 | 103.64938694273118
3.0, 1.6, 6.0, -1.2, -1.1, -2.5, -0.3, -4.2, 3.2, 1.4 | 71.11289271775317
2.0, 1.5, 6.0, -1.0, -0.9, -2.5, -0.3, -4.5, 3.2, 1.6 | 75.80135199680969
-0.5, -5.0, -5.0, 0.0, 0.0, -0.5, -5.0, -5.0, 0.0, 0.0 | 96.68085605838293
2.0, 1.2, 6.0, -0.9, -0.8, -2.0, -0.5, -3.0, 2.0, 1.0 | 71.16321256382727
2.0, 1.3, 6.0, -0.9, -0.8, -2.0, -0.3, -3.0, 2.5, 0.8 | 62.340576508914296
0.0, -2.0, -5.0, 0.0, 0.0, -1.5, -0.5, -2.5, 0.0, 0.0 | 98.1860968576672
-1.0, -4.0, -4.0, 0.0, 0.0, -0.5, -2.0, -2.0, 0.8, 0.1 | 119.37811017581467
2.0, 1.2, 6.0, -0.8, -0.8, -2.0, -0.4, -3.0, 2.3, 1.0 | 69.7669086784732
2.0, 1.2, 5.9, -0.9, -0.8, -1.8, -0.3, -2.9, 2.3, 1.1 | 73.98561033726779
-2.0, -5.5, -5.5, 0.5, 0.5, -0.5, -2.5, -2.5, 0.0, 0.0 | 79.00363757289225
3.0, 1.5, 6.0, -1.0, -1.0, -2.0, -0.3, -3.0, 3.0, 1.5 | 72.11356581423429
-1.0, -4.0, -4.0, 0.2, -0.2, -0.5, -2.0, -2.0, 0.5, 0.0 | 122.26314808779082
-2.0, -5.5, -5.5, 0.0, 0.0, -1.5, -4.0, -4.0, 0.0, 0.0 | 94.05497418345786
-2.0, -5.0, -5.0, 0.0, 0.0, -2.0, -5.0, -5.0, 0.0, 0.0 | 91.42216415380985
2.0, 2.0, 6.0, -0.8, -0.7, -3.0, -0.2, -4.0, 3.0, 2.0 | 76.76101045420269
3.0, 5.5, 6.0, -1.5, -1.2, -4.5, -2.5, -5.5, 5.0, 2.0 | 74.402436727006
-2.2, -5.1, -5.1, 0.0, 0.0, -1.0, -3.6, -3.6, 0.0, 0.0 | 97.65865198795055
6.0, 1.2, 6.0, -0.8, -0.7, -2.0, -0.2, -4.0, 2.5, 1.0 | 72.55596368621099
2.1, 1.2, 6.0, -0.9, -0.8, -1.8, -0.2, -3.0, 6.0, 3.5 | 57.6769713966728
-2.1, -5.1, -5.1, 0.0, 0.0, -1.0, -3.1, -3.1, 0.0, 0.0 | 113.38713583966246
-2.0, -5.0, -5.0, 0.0, 0.0, -1.0, -3.5, -3.5, 0.0, 0.0 | 122.17411383289547
-6.0, -6.0, -6.0, 6.0, -6.0, -6.0, -6.0, -6.0, 6.0, 6.0 | 55.64532781218536
-1.0, -4.0, -4.0, 0.0, 0.0, -0.5, -2.0, -2.0, 0.6, 0.1 | 125.6708100888219
2.0, 1.1, 6.0, -0.8, -0.7, -1.5, -0.2, -2.5, 2.5, 1.5 | 75.33613742772866
-5.0, -5.5, -5.5, 0.0, 0.0, -2.0, -5.5, -5.5, 0.0, 0.5 | 106.40812504098187
2.3, 1.3, 6.0, -0.9, -0.8, -2.0, -0.3, -3.0, 2.2, 1.2 | 74.38496235856623
2.5, 1.3, 6.0, -0.9, -0.8, -1.5, -0.2, -3.5, 2.7, 1.2 | 72.05256195898939
2.1, 1.2, 6.0, -0.8, -0.7, -2.0, -0.2, -4.0, 2.5, 1.0 | 73.9168930831739
2.5, 1.5, 6.0, -0.9, -0.8, -2.0, -0.3, -3.5, 3.0, 1.0 | 66.0734601656517
2.6, 1.2, 5.9, -0.9, -0.8, -1.8, -0.3, -2.9, 2.8, 1.5 | 77.19378705462636
-2.0, 1.5, 6.0, -1.0, -0.8, -1.5, -0.3, -2.5, 5.0, 1.0 | 67.97273264718929
-2.0, -6.0, -6.0, 0.0, 0.0, -1.0, -4.0, -4.0, 0.0, 0.0 | 88.94650989464294
-6.0, -6.0, -6.0, 0.0, 0.0, -2.0, -6.0, -6.0, 6.0, 0.0 | 99.70472543203265
1.0, 1.0, 6.0, -0.9, -0.8, -1.5, -0.3, -2.5, 6.0, 2.0 | 72.10372644442292
2.2, 1.1, 6.0, -0.9, -0.8, -1.5, -0.1, -2.5, 2.8, 1.5 | 78.95620405057717
0.0, -6.0, -6.0, 0.0, 0.0, -1.0, -4.5, -4.5, 0.0, 0.2 | 94.02762714210454
-0.8, -3.8, -3.8, 0.0, 0.0, -0.4, -1.7, -1.7, 0.5, 0.2 | 118.44850839415619
3.0, 2.0, 6.0, -1.0, -0.8, -2.0, -0.3, -3.5, 3.5, 1.5 | 68.85861550280195
-1.5, -5.0, -5.0, 0.0, 0.0, -0.6, -2.4, -2.4, 0.9, 0.2 | 115.42904834324926
-2.0, -5.0, -5.0, 0.0, 0.0, -1.0, -3.5, -3.5, 0.0, -0.1 | 108.43184080379356
-0.8, -3.8, -3.8, 0.0, 0.0, -0.4, -1.8, -1.8, 0.8, 0.0 | 115.91785741087264
3.0, 2.0, 6.0, -1.0, -1.0, -2.5, -1.0, -5.0, 3.5, 2.0 | 81.39644201740006
-1.0, -4.2, -4.2, 0.0, 0.0, -0.5, -2.0, -2.0, 0.7, 0.0 | 130.58023098265284
2.5, 0.9, 5.6, -0.9, -0.8, -1.5, -0.2, -2.8, 6.0, 1.0 | 68.35671593146833
-1.0, -4.0, -4.0, 0.0, 0.0, -0.5, -2.0, -2.0, 3.0, 0.5 | 112.79374759743887
2.1, 1.2, 6.0, -0.9, -0.8, -1.8, -0.2, -2.9, 2.5, 1.0 | 71.57991641507029
-2.6, -5.4, -5.2, 0.2, 0.2, -0.6, -2.9, -2.9, 0.0, 0.0 | 110.1729575419678
-1.5, -5.0, -5.0, 0.0, 0.0, -0.8, -3.0, -3.0, 1.5, 0.0 | 97.07426551161038
2.0, 6.0, 6.0, -1.0, -0.5, -6.0, -6.0, -6.0, 0.0, 0.0 | 68.81809415892845
2.1, 1.2, 5.7, -0.9, -0.8, -2.0, -0.3, -3.0, 2.5, 1.5 | 78.1576876515294
-2.0, -5.0, -5.0, 0.5, 0.0, -1.0, -3.5, -3.5, 0.0, 0.5 | 78.97613116353463
-1.0, -4.0, -4.0, 0.0, 0.0, -0.5, -2.3, -2.3, 0.8, 0.2 | 117.69958217726169
2.0, 1.5, 6.0, -0.9, -0.8, -2.0, -0.3, -3.0, 2.5, 1.5 | 80.9315531671945
2.8, 1.2, 6.0, -0.9, -0.8, -2.2, -0.2, -4.2, 2.2, 1.0 | 79.98924576966743
1.0, 4.0, 4.0, 0.0, 0.0, 0.5, 2.0, 2.0, -0.7, 0.0 | 28.716151626062373
4.0, 2.2, 6.0, -1.6, -1.4, -3.4, -0.4, -5.6, 4.2, 1.8 | 67.88237854223289
2.0, 2.0, 6.0, -2.0, -2.0, -2.0, -0.5, -3.0, 3.0, 1.0 | 54.74990095312105
2.3, 1.3, 6.0, -0.9, -0.8, -1.8, -0.2, -3.0, 2.3, 1.0 | 71.51720508352918
2.0, 1.2, 6.0, -0.9, -0.8, -1.6, -0.3, -3.0, 2.0, 1.0 | 71.13146619249883
-0.5, -5.0, -5.0, 0.0, 0.0, -0.6, -3.0, -3.0, 1.0, 0.5 | 102.50605804461608
2.0, 1.2, 5.8, -0.8, -0.7, -1.8, -0.2, -3.0, 2.2, 1.0 | 67.9334908949307
3.0, 1.5, 6.0, -1.0, -0.8, -2.0, -0.5, -3.5, 3.5, 2.0 | 73.57301722512464
-1.0, -4.0, -4.0, 0.1, -0.1, -0.5, -2.1, -2.1, 0.9, 0.2 | 107.92160557435211
-2.0, -5.0, -5.0, 0.1, 0.1, -1.0, -3.5, -3.5, 0.0, 0.1 | 94.29453039528609
-5.5, -5.5, -5.5, 1.0, -1.0, -5.5, -5.5, -5.5, 5.5, 5.5 | 59.34721526937077
2.5, 1.0, 6.0, -0.9, -0.8, -1.5, -0.2, -2.5, 0.0, 1.0 | 76.7236430839366
2.0, 1.3, 6.0, -0.8, -0.7, -1.7, -0.2, -2.8, 3.0, 1.5 | 73.5121738635567
-2.2, -5.0, -5.0, 0.0, 0.0, -1.0, -3.6, -3.6, 0.0, 0.2 | 106.74996694610495
2.0, 1.5, 6.0, -0.9, -0.8, -2.0, -0.5, -3.0, 2.0, 1.0 | 70.18322071355958
-1.0, -4.2, -4.2, 0.2, -0.2, -0.5, -2.2, -2.2, 0.8, 0.2 | 114.39672766634817
-2.0, -5.0, -5.0, 0.0, 0.0, -1.0, -4.0, -4.0, 1.5, 0.5 | 84.23251892025496
-3.0, -5.5, -5.5, 0.0, 0.0, -1.0, -3.0, -3.0, 0.0, 0.2 | 110.15843913285876
3.0, 5.5, -5.5, -1.5, -1.0, -3.0, -0.5, -4.0, 0.0, 2.0 | 100.40575091929281
2.0, 1.1, 6.0, -0.8, -0.7, -1.5, -0.1, -2.5, 2.0, 1.0 | 70.15944106433881
-1.0, -5.0, -5.0, 0.0, 0.0, -0.5, -2.0, -2.0, 0.8, 0.3 | 109.61244737853107
-1.0, -4.0, -4.0, 0.5, -0.5, -0.5, -2.0, -2.0, 0.7, 0.5 | 106.61627623935553
-1.0, -4.5, -4.5, 0.0, 0.0, -0.5, -2.2, -2.2, 0.8, 0.0 | 115.405469127535
-2.0, -5.5, -5.5, 0.0, 0.0, -1.0, -3.5, -3.5, 0.0, 0.3 | 96.12236073896291
-1.0, -4.0, -4.0, -0.2, 0.2, -0.5, -2.0, -2.0, 0.7, 0.1 | 127.76906036706316
-0.9, -3.8, -3.8, 0.0, 0.0, -0.4, -2.0, -2.0, 0.9, 0.0 | 113.3983283910989
-2.0, -5.0, -5.0, 0.0, 0.0, -1.0, -3.5, -3.5, 0.0, 6.0 | 33.65552471649322
-1.0, -4.0, -4.0, 0.5, -0.5, -0.5, -2.0, -2.0, 0.7, 0.0 | 105.26650048176953
2.1, 1.1, 5.8, -0.9, -0.8, -1.6, -0.3, -2.9, 2.2, 1.0 | 73.88696932548538
2.0, 1.2, 6.0, -0.8, -0.7, -1.8, -0.2, -5.0, 4.0, 1.0 | 68.88160658318421
2.5, 1.5, 6.0, -0.9, -0.8, -2.0, -0.3, -3.0, 3.0, 1.0 | 80.0381904938134
-2.5, -5.5, -5.5, 0.0, 0.0, -1.2, -3.3, -3.3, 0.0, 0.1 | 106.71190823211933
-1.0, -4.0, -4.0, 0.0, 0.0, -0.5, -2.1, -2.1, 0.8, 0.1 | 115.35796562543085
-1.0, -4.0, -4.0, 0.2, -0.2, -0.5, -2.0, -2.0, 0.9, 0.0 | 130.7065345219571
-1.9, -5.0, -5.0, 0.0, 0.0, -1.0, -3.5, -3.5, 0.0, 0.0 | 109.12872526606513
6.0, -6.0, 6.0, -6.0, 6.0, -6.0, 6.0, -6.0, 6.0, -6.0 | 56.96398639557509
2.0, 1.1, 5.7, -0.8, -0.7, -2.0, -0.3, -3.0, 2.6, 1.6 | 78.61484837686227
-1.0, -4.0, -4.0, 0.0, 0.0, -0.5, -2.0, -2.0, 0.8, 0.0 | 114.86721779292395
-0.9, -4.1, -4.1, 0.0, 0.0, -0.4, -2.2, -2.2, 0.9, 0.3 | 125.25272469628734
-1.0, -4.0, -4.0, 0.0, 0.0, -0.5, -6.0, -6.0, 0.7, 0.0 | 94.28358559596985
4.0, 2.0, 6.0, -2.0, -2.0, -6.0, -6.0, -6.0, 6.0, 2.0 | 64.12635228253345
1.0, 2.0, 6.0, -2.0, -2.0, -3.0, -6.0, -6.0, 0.0, 0.0 | 55.27861552319073
-1.0, -4.0, -4.0, 0.0, 0.0, -0.5, -2.0, -2.0, 0.9, 0.1 | 120.388531518576
0.0, -2.0, -5.0, 1.0, 1.0, -3.0, -0.5, -5.0, 6.0, 0.0 | 66.97805529121233
-2.0, -5.0, -5.0, 0.2, 0.2, -1.2, -3.8, -3.8, 0.0, 0.1 | 79.82162938792034
0.0, -5.5, -5.5, 0.5, -0.5, -2.5, -3.5, -4.5, 0.0, 0.5 | 83.29007736113483
0.5, 6.0, 6.0, 0.0, 0.0, -3.0, -6.0, -6.0, 1.0, 0.5 | 84.994402410466
-1.0, -4.0, -4.0, -0.5, -0.5, -0.5, -2.0, -2.0, 0.7, 0.0 | 77.38702690970194
2.2, 1.0, 5.6, -0.9, -0.6, -1.8, -0.3, -3.0, 2.3, 0.8 | 75.37428599420983
-0.5, 6.0, 6.0, 0.0, 0.0, -2.0, -6.0, -6.0, 0.0, 0.0 | 100.44310677452869
2.0, 1.0, 6.0, -0.8, -0.7, -2.0, -0.3, -4.0, 2.2, 1.0 | 73.99881482963403
-2.0, -5.0, -5.0, -1.0, -1.0, -1.0, -3.0, -3.0, 5.0, 0.0 | 61.64010897610475
2.0, 1.2, 6.0, -0.8, -0.7, -2.0, -0.5, -5.0, 2.5, 1.0 | 75.41426703396765
-1.0, -4.0, -4.0, 0.0, 0.0, -0.6, -2.1, -2.1, 0.8, 0.0 | 112.88632609150993
0.5, 2.0, 6.0, -1.0, -1.0, -3.0, -0.5, -5.0, 2.5, 2.0 | 77.12139314431519
-10.0, -20.0, -20.0, 0.0, 0.0, -2.0, -20.0, -20.0, 0.0, 0.0 | 70.69526710518787
2.0, 1.2, 5.8, -1.0, -1.0, -1.7, -0.2, -2.8, 2.1, 1.0 | 75.32218519546379
-2.0, -5.0, -5.0, 0.0, 0.0, -1.0, -5.0, -5.0, 0.0, 0.1 | 89.41057201636846
2.5, 1.2, 5.8, -0.9, -0.8, -2.5, -0.5, -3.5, 4.0, 2.0 | 70.676514323404
-0.5, -4.5, -4.5, 0.0, 0.0, -0.5, -3.0, -3.0, 0.8, 0.2 | 96.61993769710469
2.2, 1.0, 5.8, -0.9, -0.6, -1.6, -0.1, -2.6, 2.2, 0.8 | 72.49746838369005
-1.0, -4.0, -4.0, 0.0, 0.0, -0.5, -2.0, -2.0, 0.7, -0.2 | 110.5197244601837
-2.0, -5.0, -5.0, 0.0, 0.0, -1.0, -3.5, -3.5, 0.0, 0.1 | 101.69705140250696
-2.0, -5.0, -5.0, 0.0, 0.0, -1.0, -3.4, -3.4, 0.0, 0.0 | 105.99262811615567
2.5, 1.2, 6.0, -0.9, -0.8, -1.5, -0.3, -2.9, 5.5, 3.5 | 57.148594432550034
2.5, 1.2, 5.9, -0.9, -0.8, -1.9, -0.2, -2.9, 2.5, 1.0 | 68.79424386305166
-1.1, -4.0, -4.0, 0.0, 0.0, -0.5, -2.0, -2.0, 0.7, 0.2 | 126.05761147485298
-1.1, -4.0, -4.0, 0.0, 0.0, -0.5, -2.0, -2.0, 0.7, 0.0 | 119.58345136448392
2.0, 1.2, 5.8, -0.8, -0.7, -1.7, -0.2, -2.8, 2.2, 1.1 | 75.69934500010893
-2.0, -6.0, -6.0, 0.0, 0.0, -1.0, -3.0, -3.0, 0.7, 0.0 | 104.52977636158064
3.0, 1.5, 6.0, -0.9, -0.8, -2.0, -0.3, -3.5, 3.5, 2.5 | 67.92264106070311
1.0, -4.0, -4.0, 0.0, 0.0, -0.5, -2.0, -2.0, 0.7, 0.2 | 100.54791863850096
-0.9, -4.3, -4.3, -0.1, 0.1, -0.5, -2.0, -2.0, 0.9, 0.2 | 118.10435442490959
-1.0, -4.5, -4.5, 0.0, 0.0, -0.6, -2.5, -2.5, 0.8, 0.2 | 106.99151588239609
-1.0, -4.0, -4.0, 0.0, 0.0, -0.5, -2.0, -2.0, 0.5, 0.0 | 129.78547237535548
-5.8, -5.8, -5.8, -5.8, -5.8, -5.8, 5.8, -5.8, 5.8, 0.0 | 56.54294554213435
2.5, 2.0, 6.0, -1.5, -1.5, -2.5, -0.8, -5.0, 0.0, 1.5 | 67.82336962063926
-1.0, -4.0, -4.0, 0.0, 0.0, -0.5, -2.2, -2.2, 0.8, 0.0 | 120.2579460199402
4.5, -5.0, 5.5, -5.5, 5.0, -5.0, 5.0, -5.0, 5.0, -5.0 | 57.409032312017516
2.0, 1.0, 6.0, -0.8, -0.8, -1.5, -0.5, -2.0, 5.0, 1.0 | 66.44126664936424
-1.0, -4.5, -4.5, 0.0, 0.0, -0.8, -2.5, -2.5, 0.8, 0.1 | 114.95260047720342
0.5, 0.5, 6.0, -2.0, -2.0, -3.0, -0.5, -5.0, 3.0, 0.5 | 61.28864831257856
2.9, 1.3, 6.0, -0.9, -0.8, -1.6, -0.2, -2.5, 2.5, 1.5 | 73.51554067893136
-1.0, -4.0, -4.0, 0.0, 0.0, -0.5, -2.0, -2.0, 0.9, 0.2 | 114.93472329705398
0.5, -5.0, -5.0, 0.0, 0.0, -0.5, -5.0, -5.0, 0.0, 0.0 | 90.06200460744887
-2.0, -5.0, -5.0, 0.0, 0.0, -1.0, -3.6, -3.6, 0.0, 0.0 | 102.15157807857533
-3.0, -6.0, -6.0, 0.0, 0.0, -2.0, -6.0, -6.0, 0.0, 0.0 | 102.28554060195731
-1.0, -4.0, -4.0, 0.0, 0.0, -0.5, -2.2, -2.2, 0.9, 0.2 | 114.47243393446813
-2.0, -5.0, -5.0, 0.0, 0.0, -1.0, -3.5, -3.5, 0.0, 0.5 | 108.79669779003761
-1.2, -4.8, -4.8, 0.0, 0.0, -0.6, -2.2, -2.2, 0.6, 0.2 | 104.24007082324022
-2.0, -5.0, -5.0, 0.2, -0.2, -0.8, -3.0, -3.0, 0.6, 0.2 | 115.75924016589666
-1.0, -4.0, -4.0, 0.0, 0.0, -0.5, -2.0, -2.0, 1.0, 0.0 | 115.95767353636805
-1.1, -4.1, -4.1, 0.0, 0.0, -0.6, -2.1, -2.1, 0.9, 0.2 | 113.90910378902481
-1.0, -4.0, -4.0, 0.0, 0.0, -0.5, -2.0, -2.0, 0.8, 0.2 | 116.88123135770627
5.0, 2.0, 6.0, -1.0, -1.0, -2.0, -0.2, -3.0, 3.0, 2.0 | 72.52022755237591
2.0, 1.0, 6.0, -0.8, -0.7, -1.5, -0.2, -2.8, 3.5, 1.0 | 74.80567599754625
-3.2, -5.8, -5.8, 0.0, 0.0, -2.0, -4.8, -4.8, 0.0, 0.0 | 92.28700479598133
2.2, 1.2, 6.0, -0.9, -0.8, -1.8, -0.3, -3.0, 3.5, 1.5 | 80.37505675925132
6.0, 6.0, 6.0, -6.0, -6.0, -6.0, -6.0, -6.0, 6.0, 0.0 | 43.86087440728183
-1.0, -4.1, -4.1, 0.1, -0.1, -0.5, -2.1, -2.1, 0.8, 0.2 | 107.90977864958438
-1.0, -4.0, -4.0, 0.0, 0.0, -0.5, -2.0, -2.0, 0.6, 0.2 | 120.20997341856923
2.0, 1.0, 5.5, -0.9, -0.8, -1.5, -0.2, -2.5, 2.5, 2.0 | 83.19120997989482
2.0, 1.2, 6.0, -0.9, -0.8, -1.4, -0.1, -2.4, 0.3, 0.4 | 57.05352123920862
-2.0, -5.0, -5.0, 0.0, 0.0, -1.0, -4.0, -4.0, 0.0, 0.0 | 101.18440489839722
-2.0, -5.0, -5.0, -0.5, -0.5, -1.0, -3.2, -3.2, 0.0, 0.0 | 86.15064923206695
-1.0, -4.0, -4.0, 0.0, 0.0, -0.5, -2.5, -2.5, 0.9, 0.2 | 120.60422728939469
-1.0, -5.0, -5.0, 0.0, 0.0, -0.5, -2.5, -2.5, 0.8, 0.2 | 112.83389520037943
2.0, 1.2, 5.8, -0.85, -0.75, -1.6, -0.2, -2.9, 5.5, 3.2 | 58.920413845209644
2.5, 1.2, 6.0, -1.0, -1.0, -2.0, -0.3, -4.5, 4.0, 1.2 | 68.38344499001613
-2.0, -5.0, -5.0, 0.0, 0.0, -1.0, -3.6, -3.6, 0.0, 0.0 | 114.95147022263559
2.2, 1.0, 6.0, -0.8, -0.7, -1.6, -0.2, -2.8, 2.8, 1.5 | 77.16283127459909
2.1, 1.2, 5.9, -0.8, -0.7, -1.8, -0.2, -2.9, 2.3, 1.0 | 69.84429753023515
2.0, 1.5, 6.0, -0.9, -0.8, -2.0, -0.5, -3.0, 6.0, 3.0 | 63.18658870838307
2.0, 1.2, 5.7, -0.8, -0.7, -1.6, -0.2, -2.9, 2.5, 1.0 | 84.07795925596528
2.8, 1.5, 6.0, -0.8, -0.7, -1.5, -0.2, -2.6, 3.0, 2.0 | 74.43748686508515
3.0, 2.0, 6.0, -1.2, -1.0, -0.5, -0.1, -1.5, 6.0, 5.0 | 43.76642371185562
1.0, 2.0, 6.0, -0.5, -0.5, -1.0, -0.5, -1.0, 0.5, 0.5 | 75.57787399957641
0.0, -3.0, -3.0, 0.0, 0.0, -0.5, -2.0, -2.0, 0.0, 0.2 | 100.02892428250343
2.5, 1.5, 6.0, -1.0, -0.9, -2.0, -0.5, -3.0, 2.5, 1.0 | 66.96439630745914
-1.0, -4.0, -4.0, 0.0, 0.0, -0.5, -1.7, -1.7, 0.8, 0.0 | 122.69156264085049
-1.0, -4.0, -4.0, 0.0, 0.0, -0.5, -2.0, -2.0, 0.7, 0.0 | 118.02143340727271
-1.0, -4.0, -4.0, 0.2, -0.2, -0.5, -2.3, -2.3, 0.8, 0.2 | 108.43863013029895
-2.0, 1.1, 5.7, -0.8, -0.7, -1.7, -1.0, -3.5, 2.1, 0.9 | 72.63346114717186
2.0, 1.2, 6.0, -0.8, -0.7, -2.0, -0.2, -4.0, 2.5, 1.0 | 77.593474030478
1.0, -5.0, 5.5, 0.0, -1.0, -3.5, -5.5, -5.5, 0.5, 0.5 | 73.71048561966326
-2.0, -5.0, -5.0, 0.0, 0.0, -1.0, -3.5, -3.5, 0.0, 0.1 | 113.06803996928099
2.0, 1.1, 6.0, -0.8, -0.7, -2.0, -0.2, -3.0, 3.0, 1.5 | 81.84594678240705
3.0, 1.2, 5.9, -0.9, -0.8, -1.6, -0.1, -2.5, 2.5, 1.0 | 73.95631645266103
-2.0, -5.0, -6.0, 0.0, 0.0, -0.5, -3.5, -3.5, 0.0, 0.0 | 91.9021581210321
-2.0, -5.5, -5.5, 0.5, -0.5, -1.0, -3.0, -3.0, 1.0, 0.5 | 114.58267737544665
-0.6, 6.0, 6.0, 0.0, 0.0, -2.2, -6.0, -6.0, 0.0, 0.0 | 83.60257360635384
-0.9, -4.0, -4.0, 0.0, 0.0, -0.5, -2.0, -2.0, 0.7, 0.0 | 128.10950717360774
-5.5, -5.5, -5.5, 0.0, 0.0, -2.0, -5.5, -5.5, 0.0, 0.0 | 110.67457944215354
-2.0, -5.0, -5.0, 0.0, 0.0, -1.5, -3.5, -3.5, 0.0, 0.5 | 94.6476487286914
2.0, 1.2, 6.0, -1.0, -0.8, -2.5, -0.4, -3.5, 2.5, 1.0 | 73.41330227028821
5.0, 3.0, 6.0, -1.0, -1.0, -3.0, -0.5, -5.0, 5.0, 3.0 | 67.00051679447247
-2.0, -5.0, -5.0, 0.0, 0.0, -1.0, -3.5, -3.6, 0.0, 0.0 | 103.54474761795306
-1.0, -3.8, -3.8, 0.0, 0.0, -0.4, -1.5, -1.5, 0.8, 0.2 | 129.82417380808155
-1.0, -4.0, -4.0, 0.0, 0.0, -0.5, -2.0, -2.0, 0.7, 0.0 | 116.04685907676972
-1.0, -4.0, -4.0, 0.0, 0.0, -0.5, -2.2, -2.2, 0.8, 0.1 | 127.4706872107885
-2.0, -5.5, -5.5, 0.0, 0.0, -1.0, -4.0, -4.0, 0.0, 0.1 | 90.62306204473646
2.1, 1.2, 5.8, -0.9, -0.8, -2.0, -0.3, -3.0, 2.0, 1.2 | 78.57190517141092
-2.0, -5.0, -5.0, 0.0, 0.0, -1.0, -3.2, -3.2, 1.0, 0.5 | 94.1237430564291
0.0, 2.5, 1.5, 0.0, 0.0, -0.5, 2.0, 1.2, 0.0, 0.0 | 70.88285326057577
-6.0, -6.0, -6.0, 0.0, 0.0, -2.0, -6.0, -6.0, 0.0, 0.0 | 101.6766566063798
-1.0, -3.8, -3.8, 0.0, 0.0, -0.5, -2.0, -2.0, 0.7, 0.0 | 114.84642754573667
-1.0, -4.0, -4.0, 0.1, -0.1, -0.5, -2.0, -2.0, 0.8, 0.0 | 124.79242435680888
-1.0, -4.0, -4.0, 0.2, -0.2, -0.5, -2.0, -2.0, 0.6, 0.0 | 119.54647071893969
1.0, 2.0, 6.0, -0.6, -0.6, -0.2, -0.6, -4.0, 1.0, 0.0 | 67.88778936572743
2.0, 2.0, 6.0, -0.8, -0.8, -1.0, -0.5, -3.0, 0.0, 1.0 | 71.12435142978896
2.5, 1.2, 6.0, -0.9, -0.8, -1.8, -0.2, -2.5, 3.0, 2.0 | 78.12533014761253
-1.0, -3.9, -3.9, 0.0, 0.0, -0.5, -2.0, -2.0, 0.8, 0.2 | 121.50726490362179
-1.0, -4.0, -4.0, 0.0, 0.0, -0.5, -2.0, -2.0, 0.6, 0.0 | 110.2064465695909
-2.1, -5.0, -5.0, 0.0, 0.0, -1.0, -3.5, -3.5, 0.0, 0.0 | 105.10193858498751
-2.0, 5.5, 6.0, -2.5, -2.5, -2.5, -3.0, -3.0, 0.0, 0.0 | 45.218429969693396
2.0, 1.1, 5.9, -0.9, -0.7, -1.6, -0.2, -3.0, 3.0, 1.5 | 73.92511313514053
-1.0, -5.0, -5.0, 0.5, -0.5, -1.0, -3.0, -3.0, 0.5, 0.5 | 90.42989917355104
-1.0, -4.0, -4.0, 0.0, 0.0, -0.5, -2.0, -2.0, 0.8, 0.1 | 127.07545092269558
-1.0, -4.0, -4.0, 0.0, 0.0, -0.5, -2.0, -2.0, 6.0, 0.0 | 116.19450885991857
1.5, 1.0, 6.0, -1.0, -0.8, -2.0, -0.3, -3.0, 4.5, 2.0 | 81.75744192138968
0.0, -2.0, -5.0, 0.5, -0.5, -2.0, -3.0, -4.0, 0.0, 0.5 | 92.55746822889152
2.0, 1.5, 5.8, -0.9, -0.8, -1.6, -0.5, -3.0, 2.0, 1.0 | 71.18943112366088
2.5, 1.5, 6.0, -1.0, -0.8, -2.0, -0.2, -3.0, 5.0, 2.5 | 64.62883133024334
-1.0, -4.0, -4.0, 0.0, 0.0, -0.5, -1.9, -1.9, 0.7, 0.0 | 121.75076090546182
-1.0, -4.0, -4.0, 0.0, 0.0, -0.5, -2.5, -2.5, 0.8, 0.0 | 116.42698446920137
-1.5, -5.5, -5.5, 0.5, 0.5, -1.5, -4.0, -4.0, 0.5, 0.2 | 87.05859023236667
-1.0, -4.0, -4.0, -0.3, 0.3, -0.5, -2.2, -2.2, 0.9, 0.2 | 110.63399254370897
-5.8, -1.5, 6.0, 0.9, 0.8, -3.2, -3.2, -3.2, 3.8, 1.2 | 48.56280545097296
-1.0, -4.0, -4.0, 0.0, 0.0, -0.5, -2.0, -2.0, 0.6, 0.0 | 120.26401702646099
-4.0, -5.0, -5.0, 0.0, 0.0, -2.0, -4.0, -4.0, 0.0, 0.0 | 107.58207760636644
2.0, 1.2, 6.0, -0.9, -0.8, -2.0, -0.2, -4.5, 2.5, 1.5 | 79.0258337912652
2.0, 1.2, 5.8, -0.9, -0.8, -1.5, -0.2, -3.0, 2.5, 1.0 | 73.4986863771154
1.5, 1.5, 6.0, -0.8, -0.8, -2.0, -0.2, -3.0, 2.5, 2.0 | 73.93055871396491
2.5, 1.5, 6.0, -0.6, -0.6, -1.5, -0.1, -2.0, 1.0, 2.0 | 64.44159481470152
-2.0, -5.0, -5.0, 0.1, 0.1, -1.2, -4.0, -4.0, 0.0, 0.1 | 91.62575591359867
2.1, 1.2, 5.8, -0.9, -0.7, -1.8, -0.2, -2.9, 3.0, 1.0 | 84.18644652477685
-2.0, -5.2, -5.2, 0.0, 0.0, -1.0, -3.6, -3.6, 0.0, 0.1 | 111.17906523371823
2.0, 1.2, 6.0, -0.8, -0.7, -1.7, -0.2, -2.8, 3.0, 1.5 | 75.26286088083354
2.0, 1.2, 5.8, -0.9, -0.8, -1.8, -0.3, -3.0, 2.2, 1.0 | 72.98050210695611
2.5, 1.5, 6.0, -0.9, -0.8, -2.0, -0.3, -4.0, 2.5, 1.0 | 76.73228907846332
-1.0, -4.0, -4.0, 0.0, 0.0, -0.5, -2.0, -2.0, 0.9, 0.4 | 115.36976448410323
-2.5, -5.0, -5.0, 0.2, -0.2, -1.2, -3.8, -3.8, 0.0, 0.0 | 93.0884244605081
2.0, 1.0, 6.0, -0.8, -0.6, -1.5, -0.3, -2.5, 2.5, 1.0 | 85.04517721806712
-5.0, -5.0, -5.0, 0.0, 0.0, -2.0, -4.0, -4.0, 1.0, 0.5 | 102.4095192206034
-2.0, -5.0, -5.0, -0.1, 0.0, -1.0, -3.5, -3.5, 0.0, 0.0 | 98.00991348897325
-3.0, -5.0, -5.0, 0.0, 0.0, -1.5, -4.0, -4.0, 0.5, 0.0 | 115.64379723167019
2.0, 1.2, 5.8, -0.8, -0.7, -1.5, -0.2, -3.0, 6.0, 5.0 | 52.3156836125104
-1.2, -4.2, -4.2, 0.1, -0.1, -0.4, -2.0, -2.0, 0.8, 0.3 | 101.86511247049205
-6.0, 6.0, 6.0, -6.0, -6.0, -6.0, -6.0, -6.0, 6.0, 1.0 | 49.06124940638154
2.0, 1.2, 5.8, -0.9, -0.8, -1.6, -0.2, -2.9, 2.2, 1.0 | 73.10002211477259
2.2, 1.4, 6.0, -0.9, -0.8, -2.0, -0.3, -4.5, 3.5, 1.2 | 81.90485992687144
2.4, 2.0, 6.0, -0.9, -0.8, -2.0, -0.1, -3.5, 3.5, 1.5 | 78.60563721263306
-2.0, -5.5, -5.5, 0.0, 0.0, -1.5, -3.6, -3.6, 0.5, 0.3 | 96.02203091192794
-1.0, -4.0, -4.0, 0.0, 0.0, -0.6, -1.9, -2.0, 0.8, 0.1 | 117.51239923560017
2.0, 1.0, 6.0, -0.9, -0.8, -2.0, -0.3, -2.6, 3.0, 2.0 | 66.97775403385847
-2.0, -5.0, -5.0, 0.0, 0.0, -2.0, -3.5, -3.5, 0.0, 0.0 | 101.2956209220827
-1.0, -4.0, -4.0, 0.2, 0.2, -0.5, -2.0, -2.0, 0.7, 0.0 | 114.87892317799633
2.2, 1.2, 6.0, -0.9, -0.8, -1.6, -0.3, -2.9, 3.0, 2.0 | 78.6055308330894
2.0, 1.2, 6.0, -0.9, -0.8, -2.0, -0.3, -3.0, 4.0, 1.5 | 77.62197913732572
-2.0, -5.0, -5.0, -1.0, -1.0, -1.0, -3.5, -3.5, 0.0, 0.0 | 62.792555325117675
-2.0, -5.0, -5.0, 0.0, 0.0, -1.0, -3.2, -3.2, 0.0, 0.0 | 115.56257705699443
2.0, 1.1, 5.7, -0.8, -0.7, -1.7, -0.2, -2.8, 5.0, 2.0 | 79.86222022560229
2.5, 1.5, 6.0, -1.0, -1.0, -2.5, -0.5, -6.0, 4.5, 1.5 | 71.60462512806407
-2.0, -5.0, -5.0, 0.0, 0.0, -1.3, -3.2, -3.2, 0.0, 0.0 | 106.2345550311185
-5.0, -5.5, -5.5, 0.0, 0.0, -2.5, -5.5, -5.5, 0.0, 0.0 | 106.0597321206244
-2.0, 1.2, 8.0, -1.0, -1.0, -2.0, -0.5, -4.0, 3.5, 2.0 | 71.63861861291085
0.0, -2.0, -5.0, 1.0, 1.0, -2.0, 0.5, 0.5, 0.0, 2.0 | 36.85610257146876
2.5, 1.2, 5.8, -0.9, -0.7, -1.5, -0.1, -2.5, 2.3, 0.9 | 69.27121577708319
-1.0, -5.0, -5.0, 0.0, 0.0, -0.7, -3.0, -3.0, 0.8, 0.2 | 100.78436866232704
2.0, 2.0, 6.0, -1.0, -1.0, -3.0, -0.2, -5.0, 3.0, 1.0 | 65.17548127730427
-1.0, -4.0, -4.0, 0.0, 0.0, -0.5, -2.0, -2.0, 2.0, 0.0 | 118.18194036235153
-2.0, -5.0, -5.0, 0.0, 0.0, -1.2, -4.0, -4.0, 0.0, 0.5 | 102.39917637248783
-1.0, -4.0, -4.0, 0.2, 0.0, -0.5, -2.0, -2.0, 1.0, 0.2 | 103.75686742016566
2.5, 1.2, 6.0, -0.8, -0.7, -2.0, -6.0, -6.0, 2.5, 1.0 | 74.2080493832612
-0.5, -2.0, -2.0, 0.5, 0.5, -0.2, -0.5, -0.5, 0.0, 0.2 | 32.29841773202254
-0.5, 3.0, 6.0, 0.0, 0.0, -2.0, -4.0, -4.0, 0.0, 0.0 | 82.34998209419874
-1.0, -4.0, -4.0, 0.0, 0.0, -0.5, -2.5, -2.5, 0.7, 0.5 | 100.90590760953577
0.0, 0.0, 0.0, 0.0, 0.0, 0.0, 0.0, 0.0, 0.0, 0.0 | 82.84017325790015
-1.0, -4.0, -4.0, 0.0, 0.0, -0.5, -2.0, -2.0, 0.9, 0.1 | 118.70030102463235
2.2, 1.2, 5.8, -0.9, -0.8, -2.0, -0.2, -3.0, 3.0, 1.5 | 78.1131427173029
-2.0, -4.0, -4.0, 0.0, 0.0, -0.5, 2.0, 2.0, 0.5, 0.0 | 31.51173641490568
-2.0, -5.0, -5.0, 0.0, 0.0, -1.0, -3.0, -3.0, 0.0, 0.0 | 114.25954514959842
3.0, 2.0, 6.0, -3.0, -3.0, -3.0, -1.5, -5.0, 0.0, 0.0 | 53.32831639424368
2.1, 1.1, 6.0, -0.8, -0.7, -1.7, -0.2, -2.8, 2.3, 1.0 | 78.14754298339159
0.0, 5.8, 6.0, -1.0, -1.2, -2.0, -0.5, -3.0, 2.5, 1.0 | 67.41246334914578
-2.0, -5.0, -5.0, 0.0, 0.0, -2.0, -4.0, -4.0, 0.0, 0.2 | 100.73020889926326
2.0, 1.0, 6.0, -0.9, -0.8, -2.0, -0.3, -3.0, 4.0, 1.0 | 70.69524900661114
-1.0, -4.0, -4.0, 0.0, 0.0, -0.5, -1.8, -1.8, 0.8, 0.0 | 106.56338482130695
2.2, 1.2, 5.9, -0.8, -0.7, -1.5, -0.2, -2.8, 2.2, 1.0 | 73.48328150161976
2.0, 2.0, 6.0, -1.0, -1.0, -2.5, -0.2, -3.0, 5.0, 3.0 | 68.71878710040643
4.0, 2.0, 6.0, -1.0, -1.0, -2.0, -0.3, -4.0, 4.0, 2.0 | 86.08527091200088
2.1, 1.2, 5.6, -0.8, -0.7, -1.3, -0.8, -3.5, 2.2, 1.0 | 76.76660648972641
6.0, 1.0, 6.0, -0.9, -0.8, -2.0, -0.3, -3.0, 6.0, 3.0 | 68.22005300664766
2.0, 1.0, 5.7, -0.8, -0.6, -1.6, -0.1, -2.5, 2.0, 1.1 | 72.00670079965927
-0.3, -2.5, -2.2, -1.4, 4.0, -0.5, 1.0, -2.1, 0.4, -0.8 | 61.881686798431815
-1.0, -4.1, -4.1, 0.0, 0.0, -0.5, -2.0, -2.0, 0.7, 0.0 | 111.27828852643135
3.0, 1.5, 6.0, -0.8, -0.8, -1.5, -0.2, -2.9, 2.5, 1.5 | 76.2856055687257
-1.0, -4.0, -4.0, 0.0, 0.0, -0.5, -3.0, -3.0, 0.5, 0.5 | 97.3342120284137
-1.2, -4.5, -4.5, 0.1, -0.1, -0.5, -2.5, -2.5, 0.9, 0.2 | 118.10604259837355
2.0, 1.2, 5.8, -0.8, -0.7, -1.8, -0.3, -3.0, 2.5, 1.0 | 72.99596825411408
2.0, 2.0, 6.0, -1.0, -0.5, -2.0, -0.1, -3.0, 5.5, 1.5 | 82.79767215638077
2.5, 1.5, 6.0, -1.0, -0.7, -2.5, -0.2, -3.5, 3.5, 1.0 | 77.63032240714105
3.0, 4.5, 6.0, -0.8, 0.0, -2.0, -0.2, -3.5, 2.5, 1.0 | 75.88039378881598
-2.0, 5.9, 5.9, 0.0, 0.0, -2.0, -2.0, -2.0, 5.0, 2.0 | 52.488059490862796
-2.0, -5.0, -5.0, 0.5, 0.5, -1.0, -3.2, -3.2, 0.0, 0.0 | 84.18750924948446
3.0, 1.0, 6.0, -0.9, -0.8, -2.5, -0.5, -4.0, 4.0, 2.0 | 74.89434352902079
-0.9, -4.0, -4.0, 0.0, 0.0, -0.5, -2.0, -2.0, 0.7, 0.0 | 122.7243653210023
-2.0, -3.5, -3.5, 0.2, -0.2, -0.8, -5.0, -5.0, 1.0, 0.3 | 87.38004783018803
2.0, 0.0, 6.0, -0.8, -0.7, -2.0, -0.2, -3.0, 2.5, 1.0 | 73.40907017701667
2.0, 1.1, 5.9, -0.8, -0.7, -1.6, -0.2, -2.8, 6.0, 1.0 | 77.67265474787992
-2.0, -4.9, -5.1, 0.0, 0.0, -1.0, -3.5, -3.5, 0.0, 0.0 | 110.86943439295305
3.0, 0.5, 6.0, -1.0, -0.8, -3.0, -0.3, -4.0, 2.5, 1.0 | 69.22983509577173
2.0, 1.1, 5.7, -0.8, -0.7, -1.7, -0.2, -2.8, 2.1, 1.0 | 71.64724318737403
2.0, 2.0, 6.0, -0.8, -0.7, -2.0, -0.3, -2.5, 3.0, 1.0 | 68.42037117015224
2.1, 1.2, 5.7, -0.8, -0.7, -1.7, -0.2, -2.9, 2.2, 1.0 | 75.27050289095406
-1.0, -4.8, -4.8, 0.2, -0.2, -0.5, -2.2, -2.2, 0.5, 0.2 | 100.24108953802754
3.0, 1.2, 6.0, -0.9, -0.8, -2.0, -0.3, -3.2, 3.5, 2.0 | 77.75385556476198
2.5, 2.0, 6.0, -1.0, -0.8, -2.0, -0.5, -4.0, 3.0, 1.0 | 75.3599291185245
-1.0, -4.5, -4.5, 0.2, -0.2, -0.6, -2.3, -2.3, 0.8, 0.3 | 110.63873967162412
-2.5, -6.0, -6.0, 0.5, 0.5, -2.0, -4.5, -4.5, 0.0, 0.0 | 84.3885159468351
-1.0, -4.0, -4.0, 0.0, 0.0, -0.5, -2.0, -2.0, 0.7, 0.0 | 114.20909442719285
-1.0, -4.0, -4.0, 0.0, 0.0, -0.5, -2.0, -2.0, 0.8, 0.2 | 120.98247443071212
-1.0, -3.9, -3.9, 0.0, 0.0, -0.5, -2.0, -2.0, 0.5, 0.0 | 111.56153845568492
2.4, 1.1, 5.9, -0.9, -0.8, -1.8, -0.3, -3.0, 2.2, 1.2 | 65.11886309138832
2.0, 1.1, 5.9, -0.9, -0.7, -1.8, -0.2, -2.9, 2.5, 0.9 | 72.55461871296228
-2.0, -4.0, -4.0, 0.0, 0.0, -0.5, -2.0, -2.0, 0.8, 0.2 | 118.78626814132448
2.0, 1.2, 6.0, -0.9, -0.9, -1.3, -0.1, -2.0, 3.5, 2.0 | 74.23096724499806
2.0, 1.1, 5.7, -0.8, -0.7, -1.7, -0.2, -2.5, 3.0, 1.0 | 77.61039049143395
-2.0, -5.8, -5.8, 0.0, 0.0, -2.0, -3.8, -3.8, 0.0, 0.0 | 92.29263690379024
2.2, 1.0, 5.7, -0.9, -0.7, -1.6, -0.2, -2.9, 2.3, 1.0 | 74.47960450029696
-2.0, -5.0, -5.0, 0.0, 0.0, -0.5, -3.5, -3.5, 0.0, 0.2 | 107.79249602843122
-0.3, 6.0, 6.0, 0.0, 0.0, -2.0, -2.0, -2.0, 0.0, 0.0 | 91.2651610345202
2.1, 1.2, 5.9, -0.9, -0.8, -1.6, -0.3, -2.9, 0.5, 1.0 | 67.87589782383586
-1.0, -4.0, -4.0, 0.2, -0.2, -0.5, -2.5, -2.5, 0.8, 0.2 | 116.35612304349286
-0.5, 2.0, 6.0, 0.0, 0.0, -2.5, -0.2, -3.5, 2.0, 0.5 | 78.9063132990381
-1.0, -4.0, -4.0, 0.0, 0.0, -0.5, -2.0, -2.0, 0.7, 0.0 | 132.85538796196576
2.8, 1.0, 5.9, -0.9, -0.8, -1.5, -0.2, -2.7, 4.8, 1.7 | 75.77503724138225
-1.0, -4.1, -4.1, 0.0, 0.0, -0.4, -2.2, -2.2, 0.9, 0.2 | 106.02454746058008
-1.0, 5.5, 6.0, -0.3, -0.3, -2.5, -5.5, -6.0, 2.0, 1.0 | 76.67619396841778
2.0, 1.1, 5.7, -0.8, -0.7, -1.7, -0.2, -2.8, 3.0, 1.0 | 73.1112324881981
2.0, 1.5, 6.2, -0.8, -0.7, -2.0, -0.5, -3.5, 2.1, 1.2 | 77.32932360846772
2.2, 1.2, 5.9, -0.9, -0.8, -2.0, -0.3, -3.0, 2.5, 1.0 | 68.78182451580687
2.0, 1.0, 5.7, -0.8, -0.7, -1.8, -0.2, -2.9, 2.5, 2.0 | 77.67118092650583
0.5, 2.0, 7.0, -1.2, -1.0, -2.0, -0.5, -4.0, 2.5, 2.2 | 79.98946153096833
-3.0, -5.1, -5.1, 0.0, 0.0, -1.5, -4.1, -4.1, 0.6, 0.0 | 98.68068233189409
-2.0, -5.0, -5.0, 0.0, 0.0, -0.9, -3.1, -3.1, 0.0, 0.0 | 105.10542505600183
0.0, -2.0, -2.5, -2.0, -2.0, -0.4, -0.4, -0.4, 0.0, 4.0 | 110.96418344935633
3.5, 0.5, 2.5, -5.3, 2.4, 2.4, 6.0, -1.5, 2.3, 4.5 | 68.6687942080736
-0.9, -2.2, -2.7, -2.2, -2.7, -0.5, -0.5, -0.5, -0.2, 5.5 | 71.85620024122701
3.0, 0.0, 2.5, -5.3, 2.3, 3.0, 6.0, -1.5, 2.5, 5.0 | 59.47578768956525
0.2, -2.6, -2.8, -2.6, -2.8, -1.2, -1.2, -1.2, -0.2, 4.3 | 65.86605264119427
-1.0, -2.5, -3.0, -2.5, -3.0, -1.5, -1.5, -1.5, -0.2, 5.0 | 99.14593984990425
0.5, -2.2, -2.8, -2.2, -2.2, -0.9, -0.9, -0.9, 0.0, 5.5 | 58.485487319226465
-0.9, -2.2, -2.6, -2.2, -2.2, -0.7, -0.7, -0.7, 0.2, 4.4 | 124.1604859222128
3.0, 0.0, 2.5, -5.5, 2.5, 6.0, 6.0, -1.5, 3.0, 4.0 | 86.0124842805798
6.0, 0.0, 2.5, -6.0, 2.5, 2.5, 6.0, -1.4, 2.5, 5.0 | 62.23812817113803
3.0, 0.0, 2.5, -5.3, 2.4, 2.4, 6.0, -1.4, 2.2, 4.2 | 60.43447373877137
4.0, -2.0, 3.0, -6.0, 3.0, -2.0, 6.0, -3.0, 3.0, 5.0 | 60.321119961900685
-0.9, -2.2, -2.6, -2.2, -2.2, -0.7, -0.7, -0.7, 0.0, 4.5 | 122.70263900807943
-0.7, -2.7, -2.9, -2.4, -1.9, -1.0, -1.0, -1.0, 0.0, 4.2 | 106.72767027052132
3.1, 0.0, 2.4, -5.3, 2.3, 2.3, 6.0, -1.4, 2.1, 4.0 | 67.40625342668686
0.2, -2.0, -2.5, -2.0, -2.0, -0.5, -0.5, -0.5, 0.0, 4.2 | 115.53295251205441
0.2, -2.2, -2.6, -2.2, -2.6, -0.4, -0.4, -0.4, 0.0, 5.0 | 95.06810191612024
3.0, 0.0, 2.5, -5.4, 2.4, 2.4, 6.0, -1.4, 2.2, 4.0 | 73.50505248528911
0.0, -2.1, -2.6, -2.1, -2.1, -0.6, -0.6, -0.6, 0.0, 4.2 | 122.60014983416188
0.0, -2.0, -2.5, -2.0, -2.0, -1.0, -1.0, -1.0, 0.0, 4.2 | 115.0410400420268
0.0, -5.0, -2.0, 0.0, 0.0, 0.0, 6.0, -2.5, 0.0, 0.0 | 78.52015886439092
3.0, 0.0, 2.5, -5.3, 2.5, 3.5, 6.0, -2.0, 2.5, 6.0 | 59.03902317718863
-0.5, -2.5, -2.5, -2.5, -2.5, -0.8, -0.8, -0.8, 0.0, 0.0 | 21.602447458780663
-0.5, -2.4, -2.6, -2.2, -2.4, -0.8, -0.8, -0.8, 0.0, 4.5 | 107.27760792034194
-0.8, -2.8, -3.0, -2.5, -2.0, -1.1, -1.1, -1.1, 0.0, 4.0 | 94.03483401210228
0.0, -2.0, -2.5, -2.0, -2.0, -0.5, -0.5, -0.5, 0.1, 4.3 | 94.40377958118452
3.0, 0.0, 2.3, -5.2, 2.2, 2.2, 6.0, -1.5, 2.0, 4.5 | 66.44981125889714
-0.5, -2.2, -2.6, -2.2, -2.2, -0.5, -0.5, -0.5, 0.0, 5.0 | 69.88674940175045
0.0, -5.0, -5.0, 0.0, 0.0, -4.0, -4.0, -4.0, 0.0, 2.0 | 66.58549590269496
-0.9, -2.2, -2.6, -2.2, -2.2, -0.4, -0.4, -0.4, -0.2, 5.4 | 39.86544094694247
5.5, -5.0, 5.0, -5.5, 5.0, -3.0, 6.0, -1.0, 5.0, 5.0 | 50.764825127714545
0.0, -2.0, -2.5, -2.0, -2.0, -0.5, -0.5, -0.5, 0.0, 4.2 | 92.67868443853058
0.1, -2.0, -2.2, -2.0, -2.2, -0.5, -0.5, -0.5, 0.0, 4.5 | 100.79796839754907
-0.9, -2.2, -2.6, -2.2, -2.2, -0.7, -0.7, -0.7, 0.0, 4.8 | 105.33323530422929
2.0, -1.0, 3.0, -6.0, 3.0, 3.0, 6.0, -2.0, 3.0, 4.0 | 80.86423635983026
4.5, 1.0, 5.0, -6.0, 4.0, 2.0, 6.0, -2.0, 0.0, 5.0 | 61.16864890980493
3.2, 0.1, 2.5, -5.2, 2.6, 2.4, 6.0, -1.3, 2.2, 4.0 | 66.91403941532204
-0.85, -2.25, -2.65, -2.25, -2.25, -0.75, -0.75, -0.75, 0.0, 4.4 | 123.69054867923421
-0.5, -2.5, -2.7, -2.2, -1.8, -0.8, -0.8, -0.8, 0.0, 4.0 | 117.55270904701288
5.0, 5.0, 5.0, -5.0, 5.0, 5.0, 5.0, -5.0, 5.0, 0.0 | 92.44321992248584
3.3, 0.1, 2.5, -5.4, 2.4, 2.4, 6.0, -1.5, 2.2, 4.5 | 67.2843985085498
3.0, 0.0, 2.5, -5.4, 2.5, -6.0, 6.0, -1.5, 2.5, 4.0 | 60.222057655244996
-0.9, -2.3, -2.7, -2.3, -2.7, -0.7, -0.7, -0.7, -0.2, 5.0 | 138.65642204692335
3.1, 0.0, 2.5, -5.4, 2.4, 2.4, 6.0, -1.5, 2.2, 4.1 | 66.04114505464077
0.0, -2.4, -2.6, -2.4, -2.4, -0.6, -0.6, -0.6, 0.0, 4.5 | 105.50819836354461
0.0, -1.9, -2.4, -2.0, -2.0, -0.5, -0.5, -0.5, 0.0, 4.1 | 114.83487384020498
3.5, 0.0, 2.6, -5.4, 2.5, 3.0, 6.0, -1.2, 2.2, 4.2 | 63.63855827734045
-0.9, -2.2, -2.5, -2.2, -2.2, -0.7, -0.7, -0.7, -0.2, 4.5 | 134.383163918524
-5.0, 5.0, 5.0, 5.0, 5.0, 5.0, 5.0, 5.0, 5.0, 5.0 | 20.662117007838216
0.2, -2.1, -2.6, -2.1, -2.6, -0.6, -0.6, -0.6, 0.0, 4.3 | 85.83219887218694
-1.0, -2.1, -2.5, -2.1, -2.1, -0.6, -0.6, -0.6, 0.0, 4.4 | 112.96955854536327
6.0, 6.0, 6.0, -5.0, 6.0, 6.0, 6.0, -1.5, 6.0, 4.0 | 56.16945654054052
0.0, 0.0, 3.0, -6.0, 3.0, 3.0, 6.0, -1.0, 5.0, 0.0 | 56.95787068728023
-0.9, -2.35, -2.85, -0.9, -2.35, -0.6, -0.6, -0.6, -0.2, 5.2 | 32.39408891068408
0.0, -2.0, -2.5, -2.0, -2.0, -0.5, -0.5, -0.5, 0.0, 4.1 | 118.37240132777745
3.0, 0.0, 2.5, -5.4, 2.4, 2.5, 5.5, -1.0, 3.5, 5.5 | 56.649825471690654
3.0, 0.0, 2.5, -5.3, 2.4, 2.5, 6.0, -1.3, 2.2, 5.0 | 63.593295369158014
0.0, -2.5, -3.0, -2.5, -2.5, -0.7, -0.7, -0.7, 0.0, 6.0 | 58.56467144781563
3.0, 0.0, 2.5, -5.6, 2.5, 2.5, 6.0, -1.5, 2.5, 5.0 | 64.47203357810895
0.0, -2.0, -2.5, -2.0, -2.0, -0.4, -0.4, -0.4, 0.0, 5.0 | 40.80610676534125
0.0, -3.0, -2.0, 0.0, 0.0, -0.5, 3.0, -3.0, 0.0, 0.5 | 75.38211322155412
3.1, 0.2, 2.6, -5.3, 2.4, 2.4, 6.0, -1.3, 2.2, 4.2 | 70.49459222141883
3.0, 0.0, 2.5, -5.0, 2.5, 2.5, 6.0, -5.0, 2.5, 5.0 | 68.87940546713735
3.0, 0.0, 2.8, -5.4, 2.8, 3.0, 6.0, -1.2, 2.6, 4.5 | 66.85058048128418
3.0, 0.2, 2.5, -5.3, 2.3, 2.3, 6.0, -1.4, 2.3, 4.5 | 61.273571776806776
-0.5, -4.0, -4.0, -2.0, 2.0, -3.0, -3.0, -1.0, 0.0, 0.0 | 26.8641321634693
-0.8, -2.2, -2.6, -2.2, -2.2, -0.7, -0.7, -0.7, 0.0, 4.4 | 130.5530626039596
3.0, 0.0, 2.5, -5.3, 2.3, 2.3, 6.0, -1.5, 2.2, 4.0 | 69.23255957734354
0.0, -5.0, -5.0, -5.5, 5.0, 5.0, 6.0, -2.5, 5.0, 0.0 | 83.33449719552524
2.9, 0.0, 2.5, -5.3, 2.3, 2.1, 6.0, -1.5, 2.0, 3.9 | 63.65810756677649
3.5, 0.0, 2.6, -5.4, 3.0, 2.0, 6.0, -1.5, 2.5, 5.0 | 59.29593834785136
0.2, -2.2, -2.6, -2.2, -2.2, -0.7, -0.7, -0.7, -0.2, 4.3 | 114.81006787574047
0.5, -2.0, -2.5, -2.0, -2.0, -0.5, -0.5, -0.5, 0.5, 4.5 | 71.17458612309926
0.0, -2.1, -2.6, -2.1, -2.6, -0.5, -0.5, -0.5, 0.0, 4.1 | 70.16187807798777
5.0, 0.0, 3.5, -5.5, 4.5, 2.5, 6.0, -1.5, 3.0, 5.0 | 56.98964685353495
3.5, -0.2, 2.6, -5.3, 2.6, 2.6, 6.0, -1.5, 2.5, 4.0 | 65.52009021860735
0.1, -2.0, -2.5, -2.0, -2.0, -0.5, -0.5, -0.5, 0.1, 4.1 | 113.3541830263541
3.2, 0.0, 2.5, -5.3, 2.5, 2.5, 6.0, -1.4, 2.2, 4.2 | 62.74113025082187
6.0, 6.0, 6.0, -6.0, 6.0, 6.0, 6.0, -6.0, 6.0, 2.0 | 76.74636114109946
0.0, -3.0, -3.5, -3.0, -3.0, -1.0, -1.0, -1.0, 0.0, 4.1 | 55.67303138962045
0.0, -2.5, -2.5, -2.5, -2.5, -0.5, -0.5, -0.5, 0.0, 4.0 | 52.76636692267965
-1.0, -2.3, -2.8, -2.3, -2.8, -0.9, -0.9, -0.9, 0.0, 4.5 | 84.83471824930379
0.0, -2.0, -2.5, 0.0, 0.0, -0.5, -1.0, -1.0, 0.0, 4.0 | 21.483715406483974
3.2, 0.0, 2.4, -5.3, 2.3, 2.4, 6.0, -1.4, 2.2, 4.2 | 63.15169032212507
0.2, -2.0, -2.5, -2.0, -2.5, -0.45, -0.45, -0.45, 0.0, 4.3 | 93.70205885018188
3.0, 0.1, 2.6, -5.6, 2.6, 2.2, 6.0, -1.6, 2.0, 4.1 | 64.60377024760643
5.0, -4.0, 5.0, -6.0, 5.0, 5.0, 6.0, -3.0, 0.0, 5.5 | 56.640597227215984
3.5, -0.1, 3.0, -5.0, 2.7, 2.8, 6.0, -1.2, 2.8, 4.5 | 62.22670224838349
4.5, 0.0, 2.6, -5.0, 2.4, 3.0, 6.0, -1.3, 2.4, 5.0 | 58.795396105449484
3.1, 0.0, 2.5, -5.2, 2.2, 2.5, 6.0, -1.3, 2.0, 3.7 | 70.66807536782747
0.0, -5.0, -5.0, 0.0, 0.0, 0.0, -2.5, -2.5, 0.0, 0.0 | 88.24554737244128
0.0, -5.0, -5.0, -5.0, -5.0, -2.0, -5.0, -5.0, 0.0, 10.0 | 96.99114368570942
0.0, -6.0, -6.0, 6.0, 6.0, -6.0, -6.0, -6.0, 0.0, 5.0 | 42.46290910940941
0.0, -2.0, -2.5, -2.0, -2.0, -0.5, -0.5, -0.5, 0.0, 4.0 | 113.30840528541337
3.5, 0.0, 2.9, -5.5, 4.5, 2.9, 6.0, -1.7, 3.0, 5.5 | 57.544023272745164
-0.6, -2.6, -2.8, -2.3, -1.8, -0.9, -0.9, -0.9, 0.0, 4.0 | 118.4631420573173
-0.7, -2.7, -2.9, -2.7, -2.3, -1.0, -1.0, -1.0, 0.0, 5.0 | 104.3443667383862
3.0, 0.0, 2.4, -5.3, 2.3, 2.3, 6.0, -1.3, 2.1, 4.5 | 74.31929042563794
1.0, -2.0, -2.0, -2.0, -2.0, -0.5, -0.5, -0.5, 0.0, 4.5 | 63.68964084067643
0.1, -2.0, -2.5, -2.0, -2.0, -0.5, -0.5, -0.5, 0.1, 4.1 | 114.51846339687336
-0.5, -2.5, -2.8, -2.5, -2.8, -0.9, -0.9, -0.9, 0.5, 4.5 | 73.09824810858493
-2.0, -5.0, -4.0, 0.0, 0.0, -2.0, -6.0, -2.0, 0.0, 0.0 | 26.786657266280713
-0.9, -2.2, -2.6, -2.2, -2.2, -0.65, -0.65, -0.65, -0.15, 5.0 | 74.61826858523054
-6.0, 6.0, 6.0, 0.0, 0.0, -6.0, -6.0, 6.0, 0.0, 5.0 | 21.450557639883844
-1.0, -2.2, -2.6, -2.2, -2.2, -0.7, -0.7, -0.7, -0.2, 4.5 | 125.31076837731601
3.0, 0.0, 2.4, -5.3, 2.3, 2.5, 6.0, -1.4, 2.1, 5.5 | 61.185164761565886
0.0, -2.0, -2.6, -2.0, -2.0, -0.5, -0.5, -0.5, 0.0, 5.0 | 44.38647738980608
-0.9, -2.3, -2.8, -2.3, -2.8, -1.0, -1.0, -1.0, -0.3, 5.0 | 115.02604027723476
3.0, 0.0, 2.5, -5.4, 2.5, 2.4, 6.0, -1.5, 2.5, 4.2 | 66.36228732844526
2.5, 0.0, 2.6, -5.4, 2.8, 2.8, 6.0, -1.2, 2.5, 4.5 | 63.17691678164836
0.1, -2.0, -2.5, -2.0, -2.0, -0.5, -0.5, -0.5, 0.0, 4.1 | 112.58468856949457
2.0, -4.5, -5.0, -4.5, -4.5, -2.0, -2.0, -2.0, 0.5, 6.0 | 55.9244461519746
3.0, 0.0, 2.5, -5.2, 2.0, 4.0, 6.0, -0.5, 3.0, 5.0 | 60.855734318491194
3.0, 0.0, 2.5, -5.3, 2.5, 2.2, 6.0, -1.4, 2.0, 4.5 | 69.1165528502673
-0.9, -2.2, -2.6, -2.2, -2.2, -0.7, -0.7, -0.7, 0.1, 5.2 | 65.66017001095078
-3.0, 0.5, 2.5, -5.5, 2.5, -2.5, 6.0, -1.5, 2.0, 3.0 | 68.195096598516
6.0, 0.0, 2.5, -5.3, 2.5, 2.5, 6.0, -1.5, 2.5, 5.0 | 58.8569958664519
3.0, 0.0, 2.6, -5.3, 2.5, 2.5, 6.0, -1.4, 2.5, 5.0 | 61.23611704990012
3.5, 0.0, 3.0, -5.0, 4.0, 3.0, 6.0, -1.0, 3.0, 5.5 | 52.835390544505856
-0.8, -2.2, -2.7, -2.2, -2.7, -0.6, -0.6, -0.6, -0.3, 5.5 | 70.87963736019485
3.1, 0.1, 2.6, -5.4, 2.6, 2.6, 6.0, -1.6, 2.6, 5.5 | 60.35320049135778
0.0, 0.5, 3.0, -5.2, 2.5, -2.5, 6.0, -1.5, 0.0, 6.0 | 61.15594028662302
-1.0, -2.2, -2.6, -2.2, -2.2, -0.7, -0.7, -0.7, -0.2, 4.5 | 132.43462868369448
0.0, -4.5, -4.5, -4.5, -4.5, -2.5, -2.5, -2.5, 0.0, 5.0 | 49.42901557189924
-0.9, -2.5, -3.0, -2.5, -3.0, -0.9, -0.9, -0.9, 0.0, 4.5 | 69.44120515782282
-1.0, -3.0, -3.0, -3.0, -3.0, -1.0, -1.0, -1.0, 0.0, 5.0 | 70.26368639586663
3.0, 0.0, 2.5, -5.8, 3.0, 2.0, 6.0, -1.5, 3.0, 5.0 | 64.50083983416087
0.0, -6.0, -6.0, -3.0, -3.0, -2.0, -2.0, -2.0, 0.0, 6.0 | 88.73684237771926
5.0, 0.0, 2.5, -6.0, 5.0, 3.0, 6.0, -2.0, 3.0, 5.5 | 55.23839674266039
-0.9, -2.8, -3.2, -2.5, -2.0, -1.1, -1.1, -1.1, 0.1, 4.5 | 109.50181552225786
-1.0, -2.2, -2.6, -2.2, -2.2, -0.7, -0.7, -0.7, -0.2, 4.5 | 131.52363530355078
0.0, -1.8, -2.3, -1.8, -2.3, -0.4, -0.4, -0.4, 0.0, 4.2 | 106.34026861009036
3.1, 0.0, 2.3, -5.3, 2.2, 2.3, 6.0, -1.4, 2.0, 4.0 | 65.02882518011623
4.0, 0.5, 3.0, -5.0, 3.0, 3.0, 6.0, -1.2, 2.5, 5.5 | 53.84195307432286
-1.0, -2.4, -2.8, -2.4, -2.8, -0.9, -0.9, -0.9, -0.5, 5.5 | 105.34533898072554
-1.1, -2.2, -2.6, -2.2, -2.2, -0.7, -0.7, -0.7, 0.3, 4.6 | 116.35009985692045
-0.9, -2.5, -2.5, -2.5, -2.5, -0.9, -0.9, -0.9, 0.0, 6.0 | 60.393258955119755
0.1, -2.0, -2.5, -2.0, -2.0, -0.5, -0.5, -0.5, 0.0, 4.6 | 67.50614245159454
-2.0, -4.0, -4.0, -4.0, -4.0, -1.5, -1.5, -1.5, 0.5, 4.2 | 47.691887637512025
-1.0, -2.0, -2.5, -2.0, -2.5, -0.5, -0.5, -0.5, 0.0, 4.2 | 97.01597960008431
0.0, -2.0, -2.5, -2.0, -2.0, -0.5, -0.5, -0.5, 0.0, 4.0 | 114.20879216644349
-0.9, -2.3, -2.7, -2.3, -2.7, -0.7, -0.7, -0.7, -0.2, 5.5 | 82.86663080785401
-0.5, 2.5, 1.5, -0.2, -0.2, -0.5, 1.0, 0.5, 0.0, 0.0 | 70.52295764175784
5.0, -2.0, 5.0, -6.0, 6.0, 6.0, 6.0, -3.0, 6.0, 0.0 | 73.92792357552315
3.0, 0.0, 2.5, -5.2, 2.4, 2.4, 6.0, -1.3, 2.3, 3.5 | 69.74637337315536
0.0, -5.0, -5.0, -5.0, -5.0, -0.5, -0.5, -0.5, 0.0, 6.0 | 22.072666488048952
1.5, 1.5, 1.5, 1.5, 1.5, 0.5, 0.5, 0.5, 0.0, 5.5 | 21.47063104549584
0.3, -2.3, -2.6, -2.1, -2.1, -0.5, -0.5, -0.5, 0.1, 5.0 | 53.882503129070074
0.1, -2.0, -2.5, -2.0, -2.0, -0.5, -0.5, -0.5, 0.0, 4.1 | 126.21947744190486
4.0, 0.0, 2.5, -5.3, 2.5, 3.0, 6.0, -1.5, 2.5, 5.0 | 61.39979967372706
3.0, 0.5, 2.5, -5.0, 2.4, 2.4, 6.0, -1.3, 2.4, 4.5 | 60.80177758211727
0.3, -2.0, -2.5, -2.0, -2.0, -0.4, -0.4, -0.4, 0.0, 4.3 | 90.35145633403222
-0.9, -2.2, -2.6, -2.2, -2.2, -0.6, -0.6, -0.6, -0.4, 5.0 | 73.63562483196671
-0.7, -2.7, -2.9, -2.5, -2.0, -1.0, -1.0, -1.0, 0.0, 4.0 | 88.93570872476951
3.0, 0.0, 2.5, -5.3, 2.3, 3.0, 6.0, -1.4, 2.1, 4.5 | 63.65860983473196
5.0, 0.0, 3.0, -6.0, 3.0, 3.0, 6.0, -2.0, 3.0, 5.0 | 65.87334044445865
-0.9, -2.3, -2.6, -2.3, -2.3, -0.8, -0.8, -0.8, -0.2, 4.5 | 130.9975543316094
3.1, 0.0, 2.4, -5.3, 2.3, 2.3, 6.0, -1.4, 2.1, 4.0 | 68.35022782749577
0.0, -2.0, -2.5, -2.0, -2.0, -0.5, -0.5, -0.5, 0.0, 6.0 | 27.203066723818534
1.0, 0.0, 1.0, -2.0, 1.0, 1.0, 6.0, -0.5, 1.0, 2.0 | 64.04075884885472
3.0, 0.0, 2.4, -5.3, 2.2, 2.0, 6.0, -1.4, 2.0, 3.8 | 70.17798827155988
-0.8, -3.4, -3.4, -3.4, -3.4, -1.2, -1.2, -1.2, 0.5, 4.3 | 49.99383083769734
3.0, 0.0, 2.5, -5.4, 2.4, 2.5, 6.0, -2.0, 2.5, 5.0 | 63.68369389512942
4.0, -0.5, 2.5, -5.5, 2.5, 2.5, 6.0, -2.0, 2.5, 4.0 | 66.42094276394913
0.0, -2.0, 2.5, -5.5, 2.5, 2.5, 6.0, -2.0, 2.5, 5.0 | 68.65314745860468
-0.85, -2.35, -2.85, -2.35, -2.85, -0.5, -0.5, -0.5, -0.25, 5.0 | 102.24903800678959
3.0, 0.0, 3.0, -5.5, 3.0, 3.0, 6.0, -2.0, 3.0, 5.0 | 60.35627641453176
-0.9, -2.1, -2.5, -2.1, -2.1, -0.6, -0.6, -0.6, -0.2, 4.5 | 97.81473420121601
5.0, 0.0, 3.6, -5.8, 4.0, 3.5, 6.0, -2.5, 4.0, 2.0 | 78.13851759052595
0.0, -3.0, -3.0, -3.0, -3.0, -1.0, -1.0, -1.0, 0.5, 5.5 | 91.28148849984905
4.5, -0.2, 4.0, -6.0, 3.5, -3.0, 6.0, -2.5, 0.0, 5.5 | 59.75469189089688
0.4, -2.2, -2.6, -2.2, -2.2, -0.6, -0.6, -0.6, 0.0, 5.5 | 48.68774023054767
-4.0, -2.0, 5.0, -5.5, 3.5, -2.5, 6.0, -2.5, 0.5, 5.0 | 62.10258636906775
0.2, -3.0, -3.5, -2.5, -2.5, -0.9, -0.9, -0.7, 0.3, 5.2 | 101.78739177620102
4.5, 0.0, 3.5, -5.8, 3.0, 2.8, 6.0, -1.5, 3.0, 5.5 | 61.25400844648546
-0.9, -2.2, -2.6, -2.2, -2.2, -0.7, -0.7, -0.7, -0.2, 4.6 | 126.18559792726762
0.0, -2.0, -2.5, -2.0, -2.0, -0.5, -0.5, -0.5, 0.0, 4.0 | 119.3355218667828
-6.0, -6.0, 6.0, 6.0, -6.0, 6.0, -6.0, 6.0, -6.0, 6.0 | 20.67814954813752
6.0, 6.0, 6.0, -6.0, 5.8, 6.0, 6.0, -5.5, 6.0, -0.5 | 71.33369952715053
3.5, 0.0, 2.4, -5.3, 2.3, 2.3, 6.0, -1.4, 2.1, 4.0 | 68.29798370334177
-1.0, -2.5, -3.0, -2.5, -3.0, -0.8, -0.8, -0.8, -0.3, 5.8 | 108.20535148942483
-0.9, -2.2, -2.6, -2.2, -2.2, -0.7, -0.7, -0.7, 0.0, 4.4 | 136.2956148169096
4.0, 0.5, 2.5, -5.2, 2.5, 3.0, 6.0, -1.2, 2.8, 5.5 | 65.38926923032358
-0.9, -2.3, -2.7, -2.3, -2.7, -0.7, -0.7, -0.7, -0.2, 5.1 | 126.44476300129807
3.0, 0.0, 2.5, -5.3, 2.5, 2.5, 6.0, -6.0, 2.5, 6.0 | 65.49942127880695
0.0, 2.0, 2.0, -2.0, -2.0, 0.0, 0.0, 0.0, 0.0, 5.0 | 22.38800295524062
-0.9, -2.2, -2.6, -2.2, -2.2, -0.5, -0.5, -0.5, -0.1, 4.5 | 124.6658326652732
-0.9, -2.2, -2.6, -2.2, -2.2, -0.7, -0.7, -0.7, 0.0, 4.5 | 152.00040003144687
0.1, -2.4, -2.6, -2.4, -2.6, -0.6, -0.6, -0.6, 0.0, 4.3 | 70.10700628501493
3.0, 0.0, 2.4, -5.4, 2.4, 2.4, 6.0, -1.3, 2.2, 4.5 | 62.75342077103568
3.0, 0.0, 2.3, -5.2, 2.2, 2.2, 6.0, -1.3, 2.0, 4.5 | 63.674425995813365
0.1, -2.0, -3.0, -2.0, -2.0, -0.5, -0.5, -0.5, 0.0, 4.2 | 115.75568943981814
5.0, 0.0, 2.5, -5.5, 2.5, 2.5, 6.0, -1.5, 2.5, 5.0 | 62.19134846433159
3.1, 0.0, 2.4, -5.3, 2.3, 2.3, 6.0, -1.4, 2.1, 4.0 | 72.84222825438843
-0.9, -2.2, -2.6, -2.2, -2.2, -0.7, -0.7, -0.7, -0.2, 5.0 | 80.63916930932801
4.2, 0.0, 2.5, -5.9, 3.5, 3.0, 6.0, -1.0, 2.6, 5.5 | 55.75758268846448
0.0, -6.0, -6.0, 0.0, 0.0, 0.0, 6.0, -6.0, 0.0, 6.0 | 66.00432271919395
-1.0, -2.2, -2.6, -2.2, -2.2, -0.7, -0.7, -0.7, 0.0, 4.5 | 131.0894861381046
3.0, 0.0, 2.5, -5.3, 2.4, 2.4, 6.0, -1.3, 3.0, 5.0 | 61.776386365781704
0.5, -2.2, -2.5, -2.2, -2.5, -0.5, -0.5, -0.5, 0.5, 5.0 | 92.88443180438303
0.0, -2.1, -2.6, -2.1, -2.6, -0.45, -0.45, -0.45, 0.0, 4.5 | 97.56331542996574
-0.9, -2.2, -2.6, -2.2, -2.2, -0.7, -0.7, -0.7, -0.4, 4.5 | 123.67288804366372
0.0, -2.0, -2.5, -2.0, -2.0, -0.5, -0.5, -0.5, 0.0, 4.5 | 74.65606186598892
0.4, -2.0, -2.5, -2.0, -2.0, -0.5, -0.5, -0.5, 0.0, 4.2 | 102.22338364951845
-0.9, -2.2, -2.6, -2.2, -2.2, -0.8, -0.8, -0.8, -0.3, 4.6 | 108.9466504287958
0.0, -2.1, -2.6, -2.1, -2.1, -0.6, -0.6, -0.6, 0.0, 4.2 | 125.97332363150045
-1.0, -2.3, -2.7, -2.3, -2.3, -0.8, -0.8, -0.8, 0.0, 4.5 | 128.7639892701774
-1.0, -4.0, -4.0, -4.0, -4.0, -2.0, -2.0, -2.0, -1.0, 5.0 | 55.14477808745098
6.0, 0.0, 5.0, -6.0, 5.0, 5.0, 6.0, -3.0, 5.0, 5.0 | 60.375950692833136
0.0, -2.2, -2.6, -2.2, -2.2, -0.6, -0.6, -0.6, 0.0, 5.0 | 71.02340218294076
0.0, -2.4, -2.4, -2.4, -2.4, -0.6, -0.6, -0.6, 0.0, 4.5 | 91.78489173370696
0.0, -5.5, -5.5, 0.0, 0.0, 0.0, -3.0, -3.0, 0.0, 1.0 | 77.78369748337539
3.5, 0.0, 2.5, -5.3, 2.5, 3.0, 6.0, -1.4, 2.5, 6.0 | 61.34659089567019
-0.9, -2.2, -2.6, -2.2, -2.2, -0.7, -0.7, -0.7, -0.1, 4.6 | 113.22462374854233
-0.9, -2.2, -2.6, -2.2, -2.2, -0.7, -0.7, -0.7, -0.3, 4.5 | 122.84861910015752
3.0, 0.0, 2.5, -6.0, 2.5, 2.5, 6.0, -2.0, 2.5, 5.0 | 65.04051623585748
5.9, 6.0, 6.0, -6.0, 6.0, 5.9, 6.0, -6.0, 6.0, 0.0 | 78.50866069060109
0.2, -2.4, -2.7, -2.2, -2.2, -0.7, -0.7, -0.7, 0.0, 4.2 | 114.56730286826374
0.0, -2.1, -2.6, -2.1, -2.0, -0.4, -0.4, -0.4, 0.0, 4.3 | 119.2245799576322
-1.0, -2.2, -2.6, -2.2, -2.6, -0.7, -0.7, -0.7, 0.1, 4.5 | 115.24876923506956
-0.9, -2.3, -3.0, -2.3, -2.3, -0.8, -0.8, -0.8, 0.0, 4.4 | 111.82027343113116
6.0, 6.0, 6.0, -6.0, 6.0, -6.0, 6.0, -6.0, 6.0, 0.0 | 73.39642411279324
2.0, -2.5, 2.5, -5.5, 3.0, 2.5, 6.0, -1.0, 2.5, 5.0 | 57.10435176348646
0.0, -2.1, -2.6, -2.1, -2.6, -0.5, -0.5, -0.5, 0.0, 4.1 | 74.44265549392614
-2.0, 2.0, 4.0, -4.0, 3.0, 3.0, 6.0, -2.0, 1.0, 0.0 | 66.0530336147564
3.0, 0.0, 2.5, -5.3, 2.5, 2.5, 6.0, -6.0, 2.5, 6.0 | 65.05299757050355
6.0, 6.0, 6.0, -6.0, 6.0, 6.0, 6.0, -1.4, 6.0, 6.0 | 52.33511261620323
5.0, -5.0, 5.0, -6.0, 5.0, 5.0, 6.0, -6.0, 5.0, 5.0 | 64.59644874738314
0.0, -2.5, -2.5, -2.0, -2.0, -0.5, 0.0, 0.0, 0.0, 6.0 | 22.166762048547728
0.0, -6.0, -6.0, 0.0, 0.0, 0.0, -6.0, -6.0, 0.0, 0.0 | 73.9279631561174
2.5, 0.0, 5.0, -5.5, 5.0, 3.0, 6.0, -1.5, 5.0, 5.0 | 56.119797776815155
0.0, -5.0, -5.0, -4.0, -4.0, -2.0, -2.0, -2.0, 0.0, 6.0 | 58.05139292045084
3.2, 0.5, 3.0, -5.5, 3.0, 2.5, 6.0, -1.5, 2.5, 5.0 | 61.23072124674174
-0.8, -2.2, -2.6, -2.2, -2.2, -0.7, -0.7, -0.7, 0.0, 4.5 | 134.77767042306454
-0.9, -2.2, -2.6, -2.2, -2.2, -0.7, -0.7, -0.7, 0.3, 5.2 | 67.10150918027708
-1.2, -2.2, -2.6, -2.2, -2.2, -0.7, -0.7, -0.7, -0.2, 5.0 | 74.55156420626109
3.5, 0.0, 2.5, -6.0, 3.0, 3.0, 6.0, -1.5, 2.2, 4.5 | 68.30307090905336
3.0, 0.0, 2.5, -5.8, 3.0, 2.5, 6.0, -2.0, 2.5, 5.5 | 62.71440703713341
3.0, 0.0, 2.5, -5.3, 2.5, 2.5, 6.0, -1.5, 2.5, 5.0 | 60.830309047250566
0.1, -2.0, -2.5, -2.0, -2.0, -0.5, -0.5, -0.5, 0.0, 4.2 | 100.48237941065581
-1.0, -5.0, -3.0, 0.0, 0.0, -0.5, -5.0, -2.0, 0.0, 0.0 | 26.37979477347394
-0.5, -2.0, -2.5, -2.0, -2.0, -0.7, -0.7, -0.7, 0.0, 4.5 | 86.54553033677516
-0.7, -2.8, -3.0, -2.5, -2.0, -1.1, -1.1, -1.1, 0.0, 4.5 | 111.91211698083903
-2.5, -3.5, -4.0, -3.5, -3.5, -1.5, -1.5, -1.5, -0.5, 5.0 | 60.4636507646534
0.0, -5.5, -5.5, 0.0, 0.0, 0.0, -5.5, -5.5, 0.0, 0.0 | 75.65365767742672
5.0, -6.0, -5.5, -5.5, -5.5, -3.0, -3.0, -3.0, 0.0, 0.0 | 25.815261601761097
0.0, -2.5, -3.0, -2.5, -2.5, -1.0, -1.0, -1.0, 0.0, 4.0 | 71.54404274238469
0.0, 2.5, 2.5, 0.0, 0.0, 0.0, -1.0, -1.0, 0.0, 0.0 | 94.83567798357483
3.0, -0.5, 2.5, -5.4, 2.5, 2.3, 6.0, -1.6, 2.2, 5.5 | 60.381451547279276
4.0, 0.0, 2.6, -5.3, 2.5, 2.5, 6.0, -1.4, 2.3, 4.0 | 64.56688428189851
6.0, -6.0, -6.0, -6.0, -6.0, -6.0, -6.0, -6.0, 6.0, 6.0 | 53.327094839321276
0.2, -1.9, -2.4, -1.9, -1.9, -0.4, -0.4, -0.4, 0.0, 4.2 | 71.67707102564239
0.0, -2.2, -2.6, -2.2, -2.2, -0.7, -0.7, -0.7, 0.0, 4.5 | 127.43796975013268
-1.0, -3.0, -3.0, -3.0, -3.0, -1.2, -1.2, -1.2, -0.3, 5.0 | 70.30366756299546
0.0, -2.0, -2.5, -2.0, -2.0, -1.0, -1.0, -1.0, 0.0, 6.0 | 48.079062293513545
3.0, -0.5, 2.5, -5.3, 2.5, 2.5, 6.0, -1.4, 2.5, 4.5 | 62.600519404343935
0.0, -2.2, -2.7, -2.2, -2.2, -0.6, -0.6, -0.6, 0.0, 6.0 | 35.643507233119195
3.0, 0.0, 2.4, -5.3, 2.4, 2.3, 6.0, -1.4, 2.2, 4.1 | 70.68444809185857
-0.5, -2.6, -2.8, -2.3, -1.8, -0.9, -0.9, -0.9, 0.0, 4.5 | 100.03060918572501
-0.9, -2.4, -2.4, -2.4, -2.4, -0.9, -0.9, -0.9, -0.4, 5.0 | 111.34511760577259
-0.9, -2.2, -2.5, -2.2, -2.2, -0.6, -0.6, -0.6, 0.0, 4.5 | 126.89575868368289
-0.85, -2.35, -2.85, -2.35, -2.85, -0.4, -0.4, -0.4, -0.15, 5.0 | 90.63851479328022
3.0, 0.0, 2.4, -6.0, 3.0, 3.5, 6.0, -1.4, 2.5, 5.0 | 62.69135029310932
0.0, -2.0, -2.5, -2.0, -2.0, -0.5, -0.5, -0.5, 0.0, 5.0 | 43.95730627236101
0.0, -5.0, -5.0, 0.0, 0.0, 0.0, -5.0, -5.0, 0.0, 0.0 | 78.59511475071899
-0.9, -2.2, -2.6, -2.2, -2.2, -0.7, -0.7, -0.7, 0.0, 4.3 | 118.00631869342162
-2.0, -3.5, -5.0, -3.5, -5.0, -1.0, -1.0, -1.0, 0.0, 5.5 | 52.78675212634509
0.5, -2.0, -2.5, -2.0, -2.0, -0.5, -0.5, -0.5, 0.0, 4.1 | 119.0732660561519
0.0, -6.0, -6.0, -6.0, -6.0, -6.0, -6.0, -6.0, 0.0, 6.0 | 54.2883167022203
3.0, 0.0, 2.5, -5.3, 2.3, 2.3, 6.0, -1.4, 2.1, 4.5 | 69.19547212061492
-0.9, -2.2, -2.6, -2.2, -2.2, -0.7, -0.7, -0.7, -0.3, 4.5 | 123.69117297234968
-0.9, -2.3, -2.8, -2.3, -2.8, -0.8, -0.8, -0.8, -0.2, 6.0 | 64.74640968365036
-0.9, -2.3, -2.7, -2.3, -2.7, -0.6, -0.6, -0.6, -0.2, 5.2 | 118.32526500562429
3.0, 0.0, 2.5, -5.2, 2.4, 2.4, 6.0, -1.5, 2.3, 4.5 | 65.01336293916869
3.0, 0.0, 2.4, -5.3, 2.4, 2.4, 6.0, -1.3, 2.3, 4.5 | 60.86790520126508
-3.0, 0.0, 2.5, -5.5, 2.5, -2.5, 6.0, -1.5, 2.5, 5.0 | 69.11732595495481
6.0, -6.0, 6.0, -6.0, 6.0, -6.0, -6.0, 6.0, -6.0, 6.0 | 20.67078692039373
-0.95, -2.15, -2.55, -2.15, -2.15, -0.7, -0.7, -0.7, 0.0, 4.5 | 110.10761718865373
-0.9, -2.2, -2.6, -2.2, -2.2, -0.9, -0.9, -0.9, -0.5, 6.0 | 52.4400889242569
-0.7, -2.8, -3.0, -2.5, -1.9, -1.1, -1.1, -1.1, 0.0, 4.4 | 115.84818452369905
-0.9, -2.2, -2.6, -2.2, -2.2, -0.7, -0.7, -0.7, -0.4, 5.5 | 50.139543908405
3.0, 0.0, 2.5, -5.5, 2.5, 2.5, 6.0, -1.7, 2.5, 5.0 | 62.65698696369011
0.3, -2.5, -2.5, -0.5, -0.5, -0.8, -0.8, -0.8, 0.0, 5.0 | 22.13109260765716
0.1, -2.3, -2.7, -2.3, -2.7, -0.45, -0.45, -0.45, 0.0, 4.3 | 65.70715516148945
0.0, -2.0, 5.0, -5.5, 3.0, 6.0, 6.0, -2.0, 0.0, 5.0 | 60.88033492539275
4.5, 0.0, 2.5, -5.3, 2.5, 2.5, 6.0, -1.5, 2.5, 5.0 | 58.55577687451806
4.0, 0.0, 2.5, -6.0, 2.5, 3.0, 6.0, -2.0, 3.0, 5.0 | 68.75633918660314
3.0, 0.0, 2.5, -5.0, 2.5, 2.5, 6.0, -1.2, 2.5, 5.0 | 59.35032036589426
-0.5, -2.0, -2.5, -2.0, -2.0, -0.5, -0.5, -0.5, 0.0, 4.2 | 118.84765691719277
1.0, -5.0, -5.0, 0.0, 0.0, 0.0, -4.0, -4.0, 0.0, 0.0 | 93.52536521756507
0.0, -2.2, -2.6, -2.2, -2.6, -1.0, -1.0, -1.0, 0.0, 5.0 | 108.48281013304477
6.0, 0.0, 2.5, -5.2, 2.5, 2.5, 6.0, -1.5, 2.5, 5.0 | 59.42869342984991
3.0, 0.0, 2.8, -5.4, 2.5, 2.5, 5.9, -1.2, 2.5, 5.5 | 57.93459434391012
5.5, 0.0, 3.5, -6.0, 3.0, 3.5, 6.0, -2.0, 3.0, 5.5 | 59.3862243993574
-0.9, -2.3, -2.7, -2.3, -2.7, -0.7, -0.7, -0.7, -0.3, 5.3 | 105.57443085363263
0.3, -1.9, -2.4, -2.0, -2.0, -0.4, -0.4, -0.4, 0.0, 4.2 | 93.50990162003185
0.0, -4.0, -4.0, 0.0, 0.0, 0.0, -2.0, -2.0, 0.0, 0.5 | 93.1798292000351
-0.9, -2.2, -2.5, -2.2, -2.2, -0.7, -0.7, -0.7, -0.2, 4.5 | 133.8195239054889
0.2, -2.0, -2.5, -2.0, -2.0, -0.5, -0.5, -0.5, 0.0, 4.1 | 114.81209004646317
0.1, -2.0, -2.5, -2.0, -2.0, -0.5, -0.5, -0.5, 0.0, 4.0 | 116.67504583615502
0.0, -4.5, -4.5, 0.0, 0.0, 0.0, -2.5, -2.5, 0.0, 0.0 | 87.51031135087992
-0.8, -2.3, -2.7, -2.3, -2.7, -0.6, -0.6, -0.6, -0.3, 4.6 | 87.62418162382362
3.0, 0.0, 2.4, -5.3, 2.3, 2.3, 6.0, -6.0, 2.1, 5.0 | 70.65724707024637
3.0, 0.0, 2.4, -5.3, 2.3, 2.2, 6.0, -1.4, 2.0, 4.0 | 64.65648428873182
5.0, 0.0, 5.0, -6.0, 4.5, 3.0, 6.0, -2.0, 3.0, 5.0 | 59.87013558916802
3.5, 0.0, 2.4, -5.3, 2.5, 2.5, 6.0, -1.5, 2.2, 5.0 | 64.49506122094994
0.0, -1.8, -2.2, -1.8, -2.2, -0.4, -0.4, -0.4, 0.0, 4.3 | 78.62187761503671
-1.0, -2.3, -3.0, -2.3, -2.3, -0.9, -0.9, -0.9, 0.2, 5.0 | 102.4790655620649
6.0, 6.0, 6.0, -6.0, 6.0, 6.0, 6.0, -6.0, 6.0, 0.0 | 92.9473304461045
0.2, -2.0, -2.5, -2.0, -2.0, -0.5, -0.5, -0.5, 0.0, 4.1 | 113.26510490279585
-0.9, -2.2, -2.6, -2.2, -2.2, -0.7, -0.7, -0.7, -0.2, 4.5 | 142.88343868412116
0.0, -4.0, -4.0, 0.0, 0.0, 0.0, -2.0, -2.0, 0.0, 0.0 | 116.11287203764068
-6.0, 6.0, -6.0, 6.0, -6.0, 6.0, -6.0, 6.0, -6.0, 0.0 | 24.704181052630027
0.3, -2.1, -2.6, -2.1, -2.6, -0.5, -0.5, -0.5, 0.0, 3.8 | 58.85408235924548
0.0, -2.0, -2.5, -2.0, -2.0, -0.5, -0.5, -0.5, 0.0, 5.0 | 46.90099767333551
3.5, 0.0, 2.5, -5.3, 2.5, 2.5, 6.0, -2.0, 2.5, 5.5 | 61.254548655416514
3.0, 0.0, 2.5, -5.4, 2.5, 2.5, 6.0, -1.5, 2.5, 4.0 | 68.27839526217433
0.0, -2.0, -2.5, -2.1, -2.1, -0.5, -0.5, -0.5, 0.0, 4.4 | 108.26623113145016
0.1, -1.8, -2.2, -1.8, -1.8, -0.5, -0.5, -0.5, 0.0, 4.1 | 72.567962652371
4.5, -0.5, 4.0, -5.8, 3.5, 3.0, 6.0, -2.5, 2.5, 5.0 | 61.393332350088926
0.0, -3.0, -3.0, -3.0, -3.0, -1.0, -1.0, -1.0, 0.0, 4.0 | 51.8801482598538
2.9, 0.0, 2.4, -5.3, 2.3, 2.3, 6.0, -1.4, 2.1, 4.0 | 69.25128538083035
-1.0, -2.4, -2.8, -2.4, -2.4, -0.9, -0.9, -0.9, 0.2, 4.8 | 113.76927568917208
4.5, 0.5, 2.8, -5.8, 2.8, 3.0, 6.0, -1.2, 3.0, 5.0 | 64.60745193240484
-0.9, -2.2, -2.6, -2.2, -2.2, -0.7, -0.7, -0.7, -0.3, 4.4 | 128.29548408017132
0.0, -4.0, -4.0, -4.0, -4.0, -1.0, -1.0, -1.0, 0.0, 8.0 | 105.2398888829257
-0.9, -2.2, -2.5, -2.2, -2.2, -0.6, -0.6, -0.6, -0.15, 5.0 | 70.93711153592173
3.0, 0.1, 2.5, -5.4, 2.5, 2.5, 6.0, -1.5, 2.2, 4.5 | 67.25568293108788
-1.1, -2.3, -2.7, -2.3, -2.7, -0.8, -0.8, -0.8, -0.3, 5.0 | 121.62318190412604
0.0, 0.0, 5.0, -5.5, 5.0, 2.0, 6.0, -5.0, 2.0, 0.0 | 76.28467020863984
-0.9, -2.2, -2.6, -2.2, -2.2, -0.6, -0.6, -0.6, -0.2, 4.5 | 113.41114396731855
0.0, -2.0, -2.5, -2.0, -2.0, -0.5, -0.5, -0.5, 0.0, 6.0 | 28.63220818557831
-0.88, -2.23, -2.63, -2.23, -2.23, -0.68, -0.68, -0.68, 0.0, 4.55 | 131.22526922100684
3.0, 0.5, 2.5, -5.3, 2.5, 2.5, 6.0, -1.5, 2.5, 5.0 | 60.82285251412219
0.1, -2.0, -2.5, -2.0, -2.0, -1.0, -1.0, -1.0, 0.0, 6.0 | 45.416468891369995
0.0, -2.0, -2.6, -2.0, -2.0, -0.5, -0.5, -0.5, 0.0, 4.3 | 98.54124650112384
3.2, -0.1, 2.5, -5.4, 2.5, 2.5, 6.0, -1.3, 2.3, 4.2 | 61.28750530173562
0.0, 6.0, 6.0, -6.0, 6.0, -6.0, 6.0, -6.0, 0.0, 0.0 | 70.6160872207839
3.5, 0.0, 2.5, -5.4, 2.5, 2.5, 6.0, -1.3, 2.5, 4.5 | 63.57410057890014
0.1, -2.0, -2.5, -2.0, -2.0, -0.5, -0.5, -0.5, 0.0, 5.2 | 40.24229713126001
6.0, 6.0, 6.0, -6.0, 6.0, 6.0, 6.0, -6.0, 6.0, 6.0 | 60.0050149444214
-1.0, -2.3, -2.7, -2.3, -2.7, -0.7, -0.7, -0.7, 0.0, 5.0 | 125.56172040305512
-2.3, -5.0, -5.5, 2.0, -2.0, 1.0, -4.0, 4.0, 0.0, 6.0 | 23.55618416399549
3.2, 0.0, 2.5, -5.3, 2.4, 2.6, 6.0, -1.3, 2.3, 5.0 | 63.090685640684015
-3.5, -2.0, -3.5, 5.5, -3.0, -2.0, -6.0, 2.0, -2.5, -1.0 | 22.39817956732744
3.0, 0.0, 2.4, -5.3, 2.3, 2.5, 6.0, -1.4, 2.5, 5.0 | 64.12026911766313
0.0, 5.0, 5.0, -5.0, 5.0, 0.0, 6.0, -2.0, 5.0, 5.0 | 56.999076712088616
3.0, 0.0, 2.8, -5.3, 2.6, 2.5, 6.0, -1.4, 2.5, 4.5 | 62.733098172143926
3.1, 0.0, 2.5, -5.3, 2.5, 2.6, 6.0, -1.4, 2.0, 4.2 | 66.39459585150374
-0.9, -2.2, -2.6, -2.2, -2.2, -0.7, -0.7, -0.7, -0.3, 4.6 | 123.91354273050035
0.0, -4.0, -4.0, 0.0, 0.0, 0.0, -2.0, -2.0, 0.0, 2.0 | 37.75949022605916
-0.7, -2.7, -2.9, -2.4, -1.9, -1.0, -1.0, -1.0, 0.0, 4.0 | 118.80376275782169
-0.7, -2.2, -2.6, -2.2, -2.2, -0.7, -0.7, -0.7, 0.1, 4.5 | 117.5531442672886
3.2, 0.0, 2.5, -5.3, 2.3, 2.3, 6.0, -1.4, 2.5, 4.5 | 62.22692537070118
3.0, 0.0, 3.0, -5.4, 3.2, 2.5, 6.0, -1.5, 2.3, 4.5 | 61.24431352332876
-5.0, 0.0, 2.5, -5.5, 2.5, 2.5, -6.0, -1.5, 2.5, 5.0 | 21.920637443100823
3.2, -0.1, 2.8, -5.4, 2.6, 2.5, 6.0, -1.3, 2.3, 4.5 | 63.65359346544655
0.0, -5.0, -5.0, 5.0, -5.0, 0.0, -5.0, -5.0, 0.0, 5.0 | 38.26458953014495
0.0, -2.4, -2.6, -2.4, -2.6, -0.6, -0.6, -0.6, 0.0, 5.0 | 117.06934103123979
4.0, 0.0, 2.4, -5.3, 2.3, 2.3, 6.0, -1.4, 2.1, 4.0 | 67.4063062301365
-0.6, -2.5, -2.8, -2.3, -1.9, -0.9, -0.9, -0.9, 0.0, 4.3 | 115.63847411293757
-0.9, -2.2, -2.6, -2.2, -2.2, -0.7, -0.7, -0.7, -0.2, 4.5 | 114.30770435470913
3.0, 0.0, 2.4, -5.5, 4.0, 2.4, 6.0, -1.5, 2.5, 5.0 | 60.78802917367742
5.0, 5.0, 5.0, -5.5, 5.0, 5.0, 5.0, -6.0, 5.0, 0.0 | 73.98284964239325
0.2, -2.0, -2.5, -2.0, -2.0, -0.45, -0.45, -0.45, 0.0, 4.4 | 77.78352245952871
-0.5, -2.0, -2.2, -2.0, -2.0, -0.5, -0.5, -0.5, 0.0, 5.0 | 42.56449873089625
0.0, -2.0, -2.0, 0.0, 0.0, 0.0, 6.0, -6.0, 0.0, 0.0 | 82.80204154280389
-3.0, 0.0, 2.5, -5.0, 2.5, 2.5, 6.0, -1.2, 2.5, 5.0 | 62.60275852128056
3.5, 0.1, 3.5, -5.5, 3.5, 3.5, 6.0, -2.0, 3.5, 5.5 | 61.747548035616646
-0.6, -3.0, -3.2, -2.9, -2.0, -1.2, -1.2, -1.2, 0.0, 4.2 | 80.11497272655748
3.5, 0.0, 2.4, -5.4, 2.4, 2.4, 5.0, -2.0, 2.2, 5.0 | 65.48312407500454
3.2, 0.0, 2.8, -5.5, 2.5, 2.7, 6.0, -1.2, 2.5, 5.0 | 64.94849477714413
-0.9, -2.2, -2.6, -2.2, -2.2, -0.7, -0.7, -0.7, 0.0, 4.5 | 132.33707049833407
0.2, -2.0, -2.4, -2.0, -2.4, -0.6, -0.6, -0.6, 0.0, 4.3 | 120.43550449139416
-0.5, -3.0, -3.2, -3.0, -3.2, -1.0, -1.0, -1.0, 0.0, 5.5 | 86.12818691358885
-0.95, -2.25, -2.65, -2.25, -2.25, -0.65, -0.65, -0.65, -0.25, 5.0 | 82.81303192424566
0.1, -2.0, -2.5, -2.0, -2.0, -0.5, -0.5, -0.5, 0.0, 4.0 | 121.66092572591393
3.0, 0.0, 3.0, -5.3, 2.5, 2.5, 6.0, -1.5, 3.0, 5.0 | 63.10546472422841
5.0, -0.5, 3.0, -5.9, 3.0, 4.0, 6.0, -1.0, 4.5, 5.0 | 61.15997869267587
-0.8, -2.2, -2.6, -2.2, -2.2, -0.7, -0.7, -0.7, -0.2, 4.5 | 118.91452837036177
6.0, 6.0, 6.0, -6.0, 6.0, 6.0, 6.0, -6.0, 6.0, 2.0 | 75.18380586293901
3.0, -5.0, 5.0, -5.0, 5.0, 2.0, 6.0, -6.0, 2.0, 0.0 | 76.73083451622759
0.0, -2.0, -2.5, -2.0, -2.0, -0.5, -0.5, -0.5, 0.0, 4.3 | 95.31744952547544
3.0, 0.2, 2.5, -5.3, 2.4, 2.4, 6.0, -1.3, 2.2, 5.5 | 59.74100204870623
0.5, -3.0, -3.0, -1.0, -1.0, -1.0, -1.0, -1.0, -0.5, 5.5 | 26.71475765373389
3.5, 0.0, 3.0, -5.5, 3.0, 2.5, 6.0, -1.5, 2.5, 4.5 | 61.37175620555526
-4.0, -4.0, -4.0, -4.0, -4.0, -4.0, -6.0, -6.0, -4.0, 0.0 | 53.691502647566935
-0.5, -3.0, -3.0, -3.0, -3.0, -2.5, -2.5, -2.5, 0.0, 5.0 | 74.38772700021815
3.2, -0.2, 2.6, -5.5, 2.5, 2.4, 6.0, -1.5, 2.3, 4.5 | 67.36349575213598
0.4, -2.0, -2.2, -2.0, -2.2, -0.45, -0.45, -0.45, 0.1, 4.2 | 101.08332305970787
6.0, 6.0, 6.0, -6.0, 6.0, 6.0, 6.0, -5.0, 6.0, 0.0 | 80.00275806894379
-2.0, -2.2, -2.6, -2.2, -2.2, -1.0, -1.0, -1.0, -0.5, 5.5 | 65.66382214192609
5.0, 0.0, 4.0, -5.5, 3.0, 3.0, 6.0, -2.0, 2.0, 5.0 | 63.12218950086712
0.0, -2.0, -2.5, -2.0, -2.0, -0.5, -0.5, -0.5, 0.0, 4.1 | 125.00101445314237
3.5, -0.5, -2.5, -5.8, 3.0, 3.0, 6.0, -2.0, 2.3, 4.5 | 67.85512674479065
3.0, 0.0, 2.4, -5.3, 2.3, 2.3, 6.0, -1.4, 2.1, 4.1 | 74.81206884489264
3.0, 0.0, 2.5, -5.3, 2.3, 2.3, 6.0, -6.0, 6.0, 6.0 | 67.02277144329896
3.0, 0.0, 2.8, -5.5, 2.4, 2.5, 6.0, -2.0, 2.2, 5.0 | 60.463457706015745
0.5, -3.0, -3.5, -3.0, -3.0, -0.9, -0.9, -0.9, 0.0, 4.2 | 54.61350200651208
0.0, -2.4, -2.8, -2.4, -2.8, -0.6, -0.6, -0.6, 0.0, 4.5 | 73.24423627496368
2.0, -5.0, -6.0, 0.0, 0.0, -1.0, -5.0, -5.0, 2.0, 0.5 | 77.378972089559
-0.7, -2.0, -6.0, -0.6, -0.6, -0.9, -3.0, -3.0, 1.0, 0.9 | 147.12985984467338
0.0, 5.0, -6.0, 0.0, 0.0, 0.0, -2.0, -2.0, 6.0, 0.0 | 279.9231197916483
0.5, 2.5, -6.0, 0.0, 0.0, -0.5, -2.5, -2.5, 0.5, 0.5 | 275.42134675822905
-2.0, 4.2, -6.0, 0.0, 0.0, -0.5, -3.1, -3.1, 0.6, 0.0 | 234.62496671422187
0.2, 5.0, -6.0, 0.0, 0.0, -0.2, -2.0, -2.0, 1.0, 0.0 | 317.10723823340294
0.8, 2.7, -6.0, 0.4, 0.4, -0.2, -2.2, -2.2, 1.2, 1.0 | 96.12242468852466
-0.2, 5.0, -6.0, 0.0, 0.0, -0.9, -2.3, -2.3, 0.9, 0.2 | 304.79495156116167
-0.5, -2.0, -6.0, -0.4, -0.4, -0.9, -3.0, -3.0, 1.0, 1.0 | 144.58804932891024
-0.4, -2.0, -5.0, -0.2, -0.2, -1.2, -3.5, -3.5, 1.2, 1.2 | 100.18211994429664
-1.0, -2.8, -4.8, -0.4, -0.4, -1.5, -3.5, -3.5, 0.9, 0.9 | 109.93853469019822
-0.5, -3.5, -3.5, 0.0, 0.0, -2.0, -2.0, -2.0, 0.0, 0.4 | 94.40430857255782
0.0, 6.0, -6.0, 0.0, 0.0, -0.2, -2.0, -2.0, 1.0, 0.2 | 266.56967813210065
-0.4, 4.2, -6.0, 0.0, 0.0, -0.5, -3.1, -3.1, 0.7, 0.2 | 212.5291162000668
0.6, 3.0, -6.0, 0.0, 0.0, -0.5, -2.5, -2.5, 0.6, 0.6 | 235.45310291001852
-0.4, 6.0, -6.0, 0.0, 0.0, -0.5, -6.0, -6.0, 6.0, 0.0 | 110.67368702625383
0.6, 2.7, -6.0, 0.0, 0.0, -0.9, -3.1, -3.1, 0.5, 0.5 | 198.88512597138188
-5.0, -5.0, -5.0, -5.0, -5.0, -5.0, -5.0, -5.0, 5.0, 0.5 | 47.015635188457324
5.0, 5.0, -6.0, 0.0, 0.0, -0.2, -2.5, -2.5, 0.5, 0.5 | 203.62394038864727
-0.5, 4.0, -6.0, 0.0, 0.0, -0.5, -3.0, -3.0, 0.5, 0.0 | 292.05524164544784
-0.7, -2.5, -6.0, -0.3, -0.3, -1.3, -5.0, -5.0, 0.9, 0.9 | 94.20855820793538
-0.5, -2.0, -6.0, -0.3, -0.3, -0.8, -2.7, -2.7, 1.0, 1.0 | 153.20948348048375
-0.4, 4.2, -6.0, 0.0, 0.0, -0.5, -2.9, -2.9, 0.6, 0.0 | 266.25635077819175
-0.4, 4.2, -6.0, 0.0, 0.0, -0.5, -3.0, -3.0, 0.6, 0.1 | 260.0211975609203
-0.4, 4.2, -6.0, 0.0, 0.0, -0.4, -2.9, -2.9, 0.6, 0.2 | 222.48994208627124
-0.4, 4.5, -6.0, 0.0, 0.0, -0.5, -3.0, -3.0, 0.8, 0.0 | 250.73104872843004
-0.7, -2.5, -4.5, -0.3, -0.3, -1.3, -2.8, -2.8, 0.8, 0.8 | 132.85744111704335
0.9, 2.5, -6.0, 0.0, 0.0, -0.3, -2.3, -2.3, 0.8, 0.8 | 228.0583284624257
0.4, 5.0, -6.0, 0.0, 0.0, -0.3, -2.5, -2.5, 0.8, 0.6 | 213.8460877386628
0.0, 5.9, -6.0, 0.0, 0.0, -0.2, -2.8, -2.8, 1.6, 0.3 | 218.16428997054922
-0.5, -2.0, -6.0, -0.4, -0.4, -1.2, -3.0, -3.0, 1.0, 0.9 | 143.21333843192332
0.8, 2.5, -6.0, 0.0, 0.0, -0.4, -2.4, -2.4, 2.0, 1.0 | 194.9961622048629
-0.3, 4.2, -6.0, 0.0, 0.0, -0.5, -3.2, -3.2, 0.6, 0.0 | 257.79370722439444
0.0, 5.0, -6.0, 0.0, 0.0, -0.2, -2.0, -2.0, 0.8, 0.0 | 325.97242438469635
-0.5, -2.0, -6.0, -0.4, -0.4, -0.8, -2.9, -2.9, 1.1, 1.1 | 150.60378335749095
-0.4, -4.5, -4.5, -0.3, -0.3, -1.0, -3.0, -3.0, 0.6, 0.6 | 97.08906493859799
-0.8, -2.5, -5.0, -0.4, -0.4, -1.5, -4.5, -4.5, 0.9, 0.9 | 122.13866566487422
0.0, 5.0, -6.0, 0.0, 0.0, -0.2, -2.0, -2.0, 1.0, 0.1 | 285.3334539857995
-0.5, 4.6, -6.0, 0.0, 0.0, -0.5, -3.2, -3.2, 0.9, 0.3 | 248.9595397478412
0.5, 2.9, -6.0, 0.0, 0.0, -0.5, -2.5, -2.5, 0.5, 0.5 | 242.57355407864605
-0.5, -2.0, -5.5, -0.3, -0.3, -0.9, -2.6, -2.6, 0.9, 0.9 | 155.18962757564077
-0.4, -2.0, -3.5, -0.2, -0.2, -0.6, -2.0, -2.0, 0.8, 0.8 | 130.86306200911602
0.0, 5.8, -6.0, 0.0, 0.0, -0.1, -2.0, -2.0, 1.1, 0.1 | 260.1412511277752
-0.9, -5.8, -5.8, -0.4, -0.4, -1.8, -4.5, -4.5, 0.9, 0.9 | 93.38893307523756
0.7, 2.5, -6.0, 0.0, 0.0, -0.4, -2.4, -2.4, 0.5, 0.5 | 255.14986355509058
-1.0, 4.8, -6.0, 0.0, 0.0, -0.6, -3.5, -3.5, 0.5, 0.0 | 171.14322809517967
-0.7, -2.6, -4.6, -0.3, -0.3, -1.3, -3.2, -3.2, 0.9, 0.9 | 108.34642516239333
0.0, 5.2, -6.0, 0.0, 0.0, -0.1, -1.5, -1.5, 1.3, 0.3 | 213.08131166386892
0.0, 6.0, -6.0, 0.0, 0.0, -0.1, -2.5, -2.5, 1.5, 0.1 | 209.86791422552832
-0.6, 4.2, -6.0, 0.0, 0.0, -0.5, -3.0, -3.0, 0.8, 0.2 | 249.14090291165454
-0.2, 5.5, -6.0, 0.5, -0.5, -2.0, -4.0, -4.0, 1.0, 0.5 | 213.79451747025945
0.0, 6.0, -6.0, 0.0, 0.0, -3.0, -6.0, -6.0, 0.0, 0.0 | 147.54175136699791
0.5, 2.7, -6.0, 0.0, 0.0, -0.5, -2.8, -2.8, 1.0, 1.0 | 179.4477021132836
0.0, 5.5, -6.0, 2.0, 2.0, -1.0, -4.0, -4.0, 2.0, 0.5 | 82.18835997931943
0.8, 2.5, -6.0, 0.0, 0.0, -0.4, -2.5, -2.5, 0.5, 0.5 | 232.95210854676503
-0.5, -2.0, -6.0, -0.3, -0.3, -1.0, -3.5, -3.5, 1.0, 1.0 | 143.43805914528838
-1.0, -3.0, -6.0, -0.5, -0.5, -2.0, -6.0, -6.0, 2.0, 2.0 | 86.28973701521561
0.9, 2.5, -6.0, 0.1, 0.1, -0.3, -2.2, -2.2, 0.6, 0.5 | 204.71666672456712
-0.8, -2.5, -4.5, -0.3, -0.3, -1.3, -3.1, -3.1, 0.8, 0.8 | 130.66234871126008
0.9, 2.6, -6.0, 0.0, 0.0, -0.4, -2.4, -2.4, 0.6, 0.6 | 216.40312868544578
0.0, -3.0, -3.0, 0.0, 0.0, -1.5, -2.0, -2.0, 0.0, 0.0 | 99.20435302048841
-0.6, -2.6, -4.7, -0.3, -0.3, -1.2, -3.3, -3.3, 0.7, 0.7 | 118.75526699415825
-0.5, -2.0, -5.0, -0.3, -0.3, -0.9, -2.7, -2.7, 0.9, 0.9 | 137.6489187520105
-0.7, -2.5, -5.0, -0.2, -0.2, -1.3, -3.0, -3.0, 0.9, 0.9 | 127.86986236516188
-0.5, -2.0, -3.5, -0.2, -0.2, -0.9, -2.2, -2.2, 0.8, 0.8 | 122.24358997150622
0.0, -5.0, -5.0, 0.0, 0.0, -2.0, -3.5, -3.5, 0.0, 0.0 | 95.22708091982174
-0.5, 6.0, -6.0, 0.0, 0.0, -0.5, -2.5, -2.5, 0.8, 0.5 | 197.7360594118815
-0.5, -5.5, -5.5, -0.2, -0.2, -1.5, -2.5, -2.5, 0.5, 0.4 | 99.90216645123016
-0.5, -2.0, -5.5, -0.3, -0.3, -0.9, -2.8, -2.8, 0.9, 0.9 | 131.06484051649085
-0.7, -2.5, -4.5, -0.3, -0.3, -1.3, -3.0, -3.0, 1.2, 1.2 | 104.84321614812009
-0.6, -2.5, -4.5, -0.3, -0.3, -1.3, -3.2, -3.2, 1.0, 1.0 | 111.39395573776672
-0.3, 4.3, -6.0, 0.0, 0.0, -0.5, -3.0, -3.0, 0.7, 0.1 | 247.15561197489887
0.9, 2.6, -5.8, 0.2, 0.2, -0.5, -2.6, -2.6, 0.8, 0.8 | 130.139193656535
1.0, 2.5, -6.0, 0.0, 0.0, -0.3, -2.3, -2.3, 0.6, 0.6 | 261.4655159971131
0.0, -3.3, -3.3, 0.0, 0.0, -2.2, -2.6, -2.6, 0.0, 0.6 | 87.77767048331927
-0.8, -2.6, -5.0, -0.4, -0.4, -1.5, -3.5, -3.5, 0.9, 0.9 | 126.52397462192721
-0.2, 4.9, -6.0, 0.0, 0.0, -0.5, -3.3, -3.3, 0.8, 0.4 | 229.2646878720512
-0.5, -6.0, -6.0, -0.5, -0.5, -6.0, -6.0, -6.0, 0.0, 0.5 | 84.38531257350681
-0.5, -2.0, -6.0, -0.5, -0.5, -2.0, -3.0, -3.0, 1.0, 1.0 | 115.12461357326386
1.0, 3.0, -6.0, -0.5, -0.5, -0.3, -2.6, -2.6, 0.6, 0.6 | 257.7106937119707
-1.0, 5.0, -6.0, 0.0, 0.0, -0.5, -5.0, -5.0, 4.0, 2.0 | 102.56102559791854
-0.3, 4.3, -6.0, 0.2, -0.2, -0.4, -2.7, -2.7, 0.7, 0.2 | 336.8873529015887
-0.5, 5.0, -5.0, 0.5, 0.5, -0.5, -3.0, -3.0, 1.0, 0.5 | 107.89291135460091
-0.5, -2.0, -5.5, -0.3, -0.3, -0.9, -2.6, -2.6, 0.8, 0.8 | 177.01119001810065
-0.3, 4.6, -6.0, 0.0, 0.0, -0.5, -3.4, -3.4, 0.7, 0.1 | 196.96175461241506
-1.0, -3.0, -5.5, -0.5, -0.5, -2.0, -4.5, -4.5, 0.8, 0.8 | 116.92035858772833
-1.0, -3.0, -6.0, -0.5, -0.5, -2.0, -4.0, -4.0, 0.5, 1.0 | 98.80921457763097
-0.5, -5.0, -5.0, -0.2, -0.2, -2.0, -6.0, -6.0, 0.5, 0.5 | 86.090214082578
-0.7, -2.5, -5.0, -0.3, -0.3, -1.3, -3.2, -3.2, 0.9, 0.9 | 115.89846113521426
-0.4, -2.0, -3.5, -0.2, -0.2, -0.8, -2.2, -2.2, 0.8, 0.8 | 120.79418460301781
1.0, 2.5, -6.0, 0.2, 0.2, -0.5, -2.5, -2.5, 0.7, 0.5 | 174.33311975839086
1.0, 2.5, -6.0, 0.0, 0.0, -0.3, -3.0, -3.0, 0.8, 0.8 | 155.14068645571047
-0.4, 4.8, -6.0, 0.0, 0.0, -0.5, -3.0, -3.0, 0.6, 0.0 | 299.89716827858103
0.8, 2.5, -6.0, 0.0, 0.0, -0.4, -2.4, -2.4, 0.5, 0.5 | 287.0288119585515
-0.7, -2.5, -4.5, -0.3, -0.3, -1.3, -2.5, -2.5, 1.0, 1.0 | 131.80908057877505
-0.5, 4.3, -6.0, -0.5, -0.5, -0.4, -3.0, -3.0, 0.7, 0.2 | 170.6047308554562
-0.4, 4.7, -6.0, 0.0, 0.0, -0.5, -3.2, -3.2, 0.8, 0.2 | 209.26214327684542
-0.5, -2.0, -5.5, -0.2, -0.2, -0.9, -2.7, -2.7, 1.0, 1.0 | 128.861574182923
0.2, 4.8, -6.0, 0.2, -0.2, -0.4, -2.0, -2.0, 0.8, 0.3 | 264.51610024553713
-0.4, 4.3, -6.0, 0.0, 0.0, -0.5, -3.1, -3.1, 0.7, 0.2 | 265.4469494492339
-0.5, 4.7, -6.0, 0.0, 0.0, -0.5, -3.1, -3.1, 0.8, 0.2 | 234.36255325482952
-0.7, -2.5, -4.5, -0.3, -0.3, -1.3, -3.0, -3.0, 0.8, 0.8 | 133.72085745900415
0.0, 5.6, -6.0, 0.0, 0.0, -0.5, -2.5, -2.5, 1.2, 0.0 | 264.7828693833303
-0.5, -2.0, -6.0, -0.5, -0.5, -1.0, -6.0, -6.0, 6.0, 0.8 | 84.00603966211543
0.0, 5.0, -6.0, 0.0, 0.0, -0.2, -2.2, -2.2, 0.9, 0.0 | 325.2784843844009
-0.7, -2.1, -6.0, -0.4, -0.4, -1.0, -3.1, -3.1, 1.0, 1.0 | 146.54908277772748
1.0, 3.0, -6.5, 0.0, 0.0, -0.3, -2.3, -2.3, 0.7, 0.7 | 201.7041085608713
0.1, 5.0, -6.0, 0.0, 0.0, -0.2, -2.0, -2.0, 1.0, 0.0 | 297.5356412512905
-0.5, -2.6, -5.0, -0.3, -0.3, -1.2, -5.0, -5.0, 1.0, 1.0 | 97.02170564690424
-0.8, -2.8, -5.2, -0.4, -0.4, -1.5, -4.5, -4.5, 1.0, 1.0 | 109.93937483196882
-0.5, 4.4, -6.0, 0.0, 0.0, -0.5, -3.2, -3.2, 1.2, 0.0 | 246.13897926343688
-0.4, 4.2, -6.0, 0.0, 0.0, -0.4, -3.0, -3.0, 0.6, 0.0 | 244.47444780417896
-0.5, -2.0, -6.0, -0.4, -0.4, -0.9, -2.9, -2.9, 0.9, 0.9 | 144.44884238556327
-0.7, -2.5, -4.5, -0.3, -0.3, -1.3, -2.9, -2.9, 0.9, 0.9 | 131.06973882496598
0.0, 5.0, -6.0, 0.0, 0.0, -0.2, -2.2, -2.2, 1.0, 0.0 | 289.1718195813066
-0.5, -5.5, -5.5, -0.2, -0.2, -2.0, -5.0, -5.0, 0.8, 0.8 | 86.6854117958957
0.5, 2.6, -6.0, 0.5, 0.5, -0.8, -3.0, -3.0, 0.5, 0.5 | 117.99419409488402
-1.0, -3.0, -6.0, -1.0, -1.0, -2.0, -5.0, -5.0, 0.0, 0.0 | 72.02118410168792
-0.4, -2.1, -3.6, -0.2, -0.2, -0.9, -2.3, -2.3, 0.5, 0.5 | 141.3139901008107
0.1, 5.5, -6.0, 0.0, 0.0, -1.0, -3.0, -3.0, 0.0, 0.0 | 301.8179394771156
-2.0, -2.0, -5.0, -0.3, -0.3, -1.0, -3.0, -3.0, 0.8, 0.8 | 126.9459491928653
-0.5, -2.2, -3.6, -0.2, -0.2, -0.7, -2.4, -2.4, 0.8, 0.8 | 134.421190778727
0.0, 5.1, -6.0, 0.0, 0.0, -0.2, -2.0, -2.0, 1.1, 0.0 | 303.50524497826916
0.0, 6.0, 6.0, 0.0, 0.0, -6.0, -6.0, -6.0, 0.0, 0.0 | 73.5186074150497
-0.3, 5.5, -6.0, 0.0, 0.0, -0.2, -2.0, -2.0, 1.0, 0.0 | 239.87526033487103
3.0, 5.0, -6.0, 0.0, 0.0, -0.1, -1.0, -1.0, 0.5, 0.5 | 147.492594708193
-0.6, -2.2, -3.5, -0.3, -0.3, -0.9, -2.5, -2.5, 0.9, 0.9 | 114.52704661642152
-2.0, 5.0, -6.0, 0.0, 0.0, -0.5, -3.5, -3.5, 0.8, 0.2 | 218.83879715617314
-0.2, -4.0, -4.0, -0.2, -0.2, -1.5, -2.0, -2.0, 0.0, 0.4 | 104.00671927712185
-0.2, 4.9, -6.0, 0.3, -0.3, -0.8, -2.5, -2.5, 0.9, 0.4 | 264.55013499476655
0.1, 5.0, -6.0, 0.0, 0.0, -0.2, -2.1, -2.1, 1.1, 0.0 | 288.4563268144649
1.0, 2.6, -6.0, 1.0, 1.0, -0.3, -2.3, -2.3, 0.8, 0.8 | 80.21818359889666
-0.6, -3.0, -5.3, -0.3, -0.3, -1.2, -3.3, -3.3, 0.9, 0.9 | 121.03684313952002
-0.5, -2.0, -5.5, -0.3, -0.3, -0.9, -2.5, -2.5, 0.9, 0.9 | 156.27720387751998
0.0, 5.0, -6.0, 0.0, 0.0, -0.1, -1.7, -1.7, 1.4, -0.5 | 175.15130388123927
-0.3, 5.3, -6.0, 0.2, -0.2, -0.3, -2.8, -2.8, 0.9, 0.3 | 272.16935842810994
0.0, 5.0, -6.0, 0.0, 0.0, -0.3, -2.1, -2.1, 1.1, 0.1 | 323.8736767622126
-0.6, 4.6, -6.0, 0.0, 0.0, -0.5, -3.2, -3.2, 1.0, 0.2 | 230.97448710821658
0.0, 5.0, -5.0, 0.0, 0.0, -2.0, -3.0, -3.0, 0.0, 0.0 | 182.07994423955046
-0.5, 5.5, -6.0, 0.5, -0.5, -0.6, -3.5, -3.5, 1.5, 0.5 | 185.02631145788084
-0.4, 4.2, -6.0, 0.0, 0.0, -0.5, -3.0, -3.0, 0.6, 0.0 | 325.6326555067547
0.5, 5.0, -6.0, 0.5, -0.5, -0.2, -2.0, -2.0, 1.0, 0.0 | 270.764356720178
-0.5, -2.1, -3.6, -0.2, -0.2, -0.9, -2.3, -2.3, 0.8, 0.8 | 120.4784187079284
-0.3, -2.5, -4.0, -0.1, -0.1, -0.8, -2.0, -2.0, 0.5, 0.5 | 128.4157569391869
-0.3, -2.0, -5.0, -0.2, -0.2, -0.8, -2.6, -2.6, 0.9, 0.9 | 116.23965592003768
0.9, 2.6, -6.0, 0.1, 0.1, -0.3, -2.3, -2.3, 0.6, 0.6 | 180.20669561615833
-0.2, 5.5, -6.0, 0.5, -0.5, -0.4, -2.5, -2.5, 0.8, 0.2 | 252.54919385120365
-0.4, 5.5, -6.0, 0.0, 0.0, -0.5, -3.0, -3.0, 0.6, 2.0 | 90.43858830688166
-0.4, 4.2, -6.0, 0.0, 0.0, -0.5, -3.1, -3.1, 0.6, 0.0 | 209.94899126547995
-3.0, -4.0, -5.5, -0.5, -0.5, -1.0, -4.0, -4.0, 0.5, 0.5 | 109.7131229268934
0.5, 2.6, -6.0, 0.0, 0.0, -0.5, -2.5, -2.5, 0.5, 0.5 | 259.0550988525821
-0.4, 4.2, -6.0, 0.0, 0.0, -0.5, -3.0, -3.0, 0.6, 0.1 | 272.67127118896326
0.0, 5.0, -6.0, 0.0, 0.0, -0.3, -2.1, -2.1, 1.0, 0.0 | 315.19019702233544
-0.5, 4.8, -6.0, 0.0, 0.0, -0.5, -3.0, -3.0, 1.0, 0.5 | 179.3545123842078
-0.4, -2.0, -3.5, -0.2, -0.2, -0.8, -2.2, -2.2, 0.7, 0.7 | 136.2073066883062
-0.8, -3.0, -5.5, 0.5, 0.5, -1.5, -5.0, -5.0, 1.2, 1.2 | 68.9077727853992
-0.3, 5.6, -6.0, 0.2, -0.2, -0.1, -2.0, -2.0, 1.2, 0.3 | 209.22434182916408
-0.5, -2.0, -6.0, -0.5, -0.5, -0.8, -2.7, -2.7, 1.2, 1.2 | 147.0470085296278
2.0, 4.5, -4.0, 0.5, -0.5, -0.3, -2.8, -2.8, 1.2, 0.6 | 197.02784782737086
-0.5, -2.0, -5.8, -0.4, -0.4, -0.9, -3.0, -3.0, 1.0, 1.0 | 137.10919335330595
-0.6, -3.0, -5.0, -0.2, -0.2, -1.0, -2.7, -2.7, 0.7, 0.7 | 119.43052192049666
0.0, 5.2, -6.0, 0.2, -0.2, -1.0, -2.4, -2.4, 0.8, 0.2 | 250.62818068350944
-0.7, -2.5, -5.0, -0.3, -0.3, -1.5, -5.0, -5.0, 0.9, 1.0 | 91.49100085587222
-0.5, -5.5, -5.5, 0.0, 0.0, -3.0, -4.0, -4.0, 0.0, 0.0 | 97.16391313122311
-0.7, -3.0, -5.0, -0.3, -0.3, -1.5, -4.0, -4.0, 1.0, 1.0 | 107.41679622208376
0.0, 5.0, -6.0, 0.1, -0.1, -0.2, -2.2, -2.2, 1.1, 0.1 | 341.04265360198923
-2.0, -4.5, -6.0, -0.8, -0.8, -2.5, -5.5, -5.5, 1.4, 1.4 | 92.62958478458609
0.0, 5.0, -6.0, 0.0, 0.0, -0.5, -3.0, -3.0, 0.8, 0.0 | 184.94558155561248
-0.5, -4.0, -5.5, -0.2, -0.2, -1.4, -3.5, -3.5, 0.7, 0.7 | 98.17076688371648
-0.2, 5.0, -6.0, 0.2, -0.2, -0.5, -3.2, -3.2, 0.8, 0.5 | 187.41482102872908
-0.8, -5.8, -5.8, -0.3, -0.3, -1.5, -5.0, -5.0, 0.9, 0.9 | 86.159857361848
-0.4, 4.6, -6.0, 0.0, 0.0, -0.5, -3.0, -3.0, 0.7, 0.0 | 300.6398176847992
-0.4, -2.0, -3.5, -0.2, -0.2, -0.8, -2.2, -2.2, 0.7, 0.7 | 130.71504786796453
-0.5, 4.5, -6.0, 0.5, -0.5, -0.5, -3.3, -3.3, 0.9, 0.2 | 217.6814893669031
-0.9, -3.0, -5.2, -0.5, -0.5, -2.0, -4.5, -4.5, 1.2, 1.2 | 113.52289375425354
0.0, 6.0, -6.0, 0.0, 0.0, -1.0, -5.0, -5.0, 2.0, 0.0 | 134.71027712817153
0.9, 2.5, -6.0, 0.0, 0.0, -0.3, -2.3, -2.3, 0.6, 0.6 | 225.56968022431587
1.0, 4.2, -6.0, -0.5, -0.5, -0.5, -3.0, -3.0, 0.6, 0.6 | 240.31557209163302
2.0, 4.0, -6.0, 0.0, 0.0, -0.1, -2.5, -2.5, 0.5, 0.5 | 219.92772480634625
-0.5, -2.0, -6.0, -0.4, -0.4, -0.9, -2.8, -2.8, 0.9, 0.9 | 185.80891020187667
0.0, 5.0, -6.0, 0.0, 0.0, -0.1, -1.8, -1.8, 2.0, 0.1 | 262.8207379302793
-6.0, 6.0, -6.0, 0.0, 0.0, -6.0, -6.0, -6.0, 6.0, 0.0 | 104.56784765106843
-0.7, -2.5, -4.5, -0.3, -0.3, -1.3, -3.5, -3.5, 1.5, 1.5 | 87.38888070722744
0.0, 5.5, -6.0, 0.0, 0.0, -0.3, -2.5, -2.5, 1.2, 0.2 | 260.86251222697985
-0.3, -2.0, -3.5, -0.2, -0.2, -0.8, -2.2, -2.2, 0.6, 0.6 | 129.29434405565968
0.0, 6.0, -6.0, 0.0, 0.0, -0.3, -2.0, -2.0, 1.5, 0.5 | 192.71595747887835
0.0, 5.0, -6.0, 0.0, 0.0, -0.2, -2.0, -2.0, 1.2, 0.0 | 281.45376718108884
0.1, 5.0, -6.0, 0.0, 0.0, -0.2, -2.0, -2.0, 1.1, 0.0 | 345.0753640256425
-0.5, 4.5, -6.0, 0.0, 0.0, -0.5, -3.1, -3.1, 0.7, 0.0 | 239.5600367100892
-0.5, -2.0, -5.5, -0.3, -0.3, -0.9, -2.7, -2.7, 1.0, 1.0 | 152.12061623638627
0.0, 2.0, -6.0, 0.0, 0.0, -0.2, -2.5, -2.5, 0.5, 0.5 | 226.1537486529431
-0.4, 5.5, -6.0, 0.0, 0.0, -1.0, -4.0, -4.0, 1.0, 0.5 | 206.5128233312402
-0.4, -2.0, -3.5, -0.2, -0.2, -0.8, -2.2, -2.2, 1.0, 1.0 | 112.90774924079963
-0.5, -2.5, -3.5, -0.2, -0.2, -0.8, -3.0, -3.0, 0.8, 0.8 | 98.99051085999672
0.0, 5.6, -6.0, 0.0, 0.0, -0.2, -2.0, -2.0, 1.0, 0.1 | 301.2685667711878
0.5, -4.5, -4.5, 0.0, 0.0, -2.5, -3.0, -3.0, 0.0, 0.0 | 96.2970590451848
-0.4, -2.0, -3.5, -0.2, -0.2, -1.0, -2.4, -2.4, 0.9, 0.9 | 111.63267212142361
-0.1, 4.5, -6.0, 0.2, -0.2, -1.0, -2.5, -2.5, 0.6, 0.2 | 350.7442851249456
-0.6, -2.0, -6.0, -0.4, -0.4, -0.9, -2.8, -2.8, 1.0, 1.0 | 146.8399663850049
2.0, 5.0, -6.0, 1.0, 1.0, -2.0, -5.0, -5.0, 2.0, 2.0 | 83.27891042559926
0.0, 5.0, -6.0, 0.0, 0.0, -0.3, -2.5, -2.5, 0.5, 0.5 | 215.03971244478512
0.0, 5.0, -6.0, 0.0, 0.0, -0.1, -1.9, -1.9, 1.2, 0.1 | 308.7866155855198
-0.5, 4.0, -6.0, 0.0, 0.0, -0.5, -3.0, -3.0, 0.5, 0.5 | 193.18308782357195
-0.5, 5.5, -6.0, 0.0, 0.0, -0.5, -3.8, -3.8, 0.8, 0.2 | 214.33651976576917
-0.5, 6.0, -5.0, 0.2, -0.2, -0.2, -2.5, -2.5, 1.5, 0.2 | 271.21632901875216
-0.4, 4.1, -6.0, 0.0, 0.0, -0.5, -3.0, -3.0, 0.7, 0.0 | 252.12720195449828
-0.3, 4.6, -6.0, 0.0, 0.0, -0.5, -3.0, -3.0, 0.6, 0.0 | 260.0082262031275
0.0, 5.0, -6.0, 0.0, 0.0, -0.1, -2.0, -2.0, 0.0, 0.5 | 214.19340389536964
-0.6, -2.5, -5.0, -0.2, -0.2, -1.4, -4.5, -4.5, 1.4, 1.4 | 105.36650261464561
0.8, 2.4, -6.0, 0.0, 0.0, -0.4, -2.4, -2.4, 0.5, 0.5 | 280.28754402823444
-0.3, 4.2, -6.0, 0.0, 0.0, -0.5, -3.0, -3.0, 0.7, 0.0 | 243.44004718117125
1.0, 5.0, -6.0, 0.0, 0.0, -0.3, -2.5, -2.5, 0.7, 0.6 | 234.02750860623684
-0.5, -2.0, -6.0, -0.5, -0.5, -0.9, -3.0, -3.0, 1.0, 1.0 | 153.91752771996843
0.0, 5.0, -6.0, 0.0, 0.0, 0.0, -2.0, -2.0, 1.5, 0.2 | 284.4470483792785
-0.1, 5.2, -6.0, 0.4, -0.4, -1.2, -2.5, -2.5, 0.6, 0.3 | 240.39742757264762
0.5, 2.5, -6.0, 0.0, 0.0, -0.5, -2.5, -2.5, 0.5, 0.6 | 190.93045024405043
0.7, 3.5, -6.0, 0.0, 0.0, -0.3, -2.2, -2.2, 0.6, 0.6 | 248.60412315355126
-0.5, 5.0, -6.0, 0.0, 0.0, -0.5, -3.5, -3.5, 1.0, 0.0 | 204.4021963351337
1.0, 3.0, -6.0, 0.2, 0.2, -0.3, -2.3, -2.3, 0.6, 0.6 | 182.21436506050836
-0.2, 4.4, -5.5, 0.3, -0.3, -0.3, -2.5, -2.5, 0.9, 0.3 | 289.5382535326762
-0.5, 5.0, 6.0, 0.0, 0.0, -0.5, -3.0, -3.0, 0.5, 0.2 | 103.41108141969892
0.5, 2.8, -6.0, 0.2, 0.2, -0.5, -2.8, -2.8, 0.5, 0.8 | 135.4634869324775
-0.5, -5.0, -5.0, 0.0, 0.0, -3.5, -5.0, -5.0, 0.0, 0.5 | 83.64834677970205
-0.6, 4.1, -6.0, 0.0, 0.0, -0.6, -3.1, -3.1, 0.5, 0.5 | 229.01878017730922
-0.5, -2.0, -6.0, -0.3, -0.3, -0.8, -2.8, -2.8, 1.0, 1.0 | 155.0516359878128
-0.4, -2.0, -5.0, -0.2, -0.2, -0.8, -2.5, -2.5, 0.6, 0.6 | 161.91567904807303
-0.5, -2.0, -6.0, -0.5, -0.5, -0.7, -3.0, -3.0, 1.2, 1.2 | 174.02921561222115
0.0, -4.5, -4.5, 0.0, 0.0, -0.5, -1.0, -1.0, 0.0, 0.0 | 112.54728021950034
1.0, 6.0, -6.0, 0.0, 0.0, -0.3, -2.5, -2.5, 0.8, 0.8 | 170.06815346982927
0.9, 2.5, -6.0, 0.0, 0.0, -0.4, -2.4, -2.4, 0.6, 0.6 | 239.06153511516715
-1.0, -2.0, -5.5, -0.2, -0.2, -1.0, -4.0, -4.0, 0.5, 0.5 | 120.46973939444422
-0.3, 4.2, -6.0, 0.0, 0.0, -0.5, -3.3, -3.3, 1.0, 0.2 | 213.88458793498063
-0.5, -3.2, -3.2, -0.2, -0.2, -1.7, -2.2, -2.2, 0.0, 0.6 | 101.99272804488984
0.0, 5.0, -6.0, 0.0, 0.0, -0.2, -2.0, -2.0, 0.9, 0.0 | 308.7395650844628
-0.4, 5.0, 6.0, 0.0, 0.0, -0.5, -3.0, -3.0, 0.8, 0.0 | 108.83769045572903
0.0, 5.0, -6.0, 0.0, 0.0, -0.2, -2.0, -2.0, 1.3, 0.1 | 244.9888213810284
-1.0, -6.0, -6.0, 0.0, 0.0, -5.0, -5.0, -5.0, 0.0, 0.0 | 98.14082590899761
-0.3, -4.2, -4.2, -0.2, -0.2, -2.0, -2.5, -2.5, 0.5, 0.5 | 99.07605712367652
-0.6, -2.5, -4.5, -0.2, -0.2, -1.4, -2.7, -2.7, 0.9, 0.9 | 117.91653082801216
-0.3, 4.5, -6.0, 0.0, 0.0, -0.5, -3.0, -3.0, 0.6, 0.0 | 265.2162495910281
0.5, 3.0, -6.0, 0.2, 0.2, -1.0, -3.0, -3.0, 0.5, 1.0 | 153.85762311264585
0.9, 2.5, -6.0, 0.0, 0.0, -0.5, -2.5, -2.5, 0.6, 0.6 | 226.3291019581853
-0.4, 4.8, -6.0, 0.0, 0.0, -0.5, -3.2, -3.2, 0.9, 0.2 | 279.3304796642382
0.0, 5.0, -6.0, 0.0, 0.0, -0.2, -2.0, -2.0, 1.0, 0.0 | 357.35641376997506
1.1, 5.0, -6.0, 0.0, 0.0, -0.3, -2.5, -2.5, 0.7, 0.6 | 196.8829974544438
-0.5, 5.5, -6.0, 0.0, 0.0, -0.5, -3.5, -3.5, 2.0, 0.5 | 182.78618153890005
1.0, 4.5, -6.0, 0.0, 0.0, 0.0, -2.0, -2.0, 0.5, 0.5 | 177.92833414232263
-0.4, 4.3, -6.0, 0.0, 0.0, -0.5, -3.2, -3.2, 0.8, 0.2 | 267.83658930273
-0.4, -3.0, -5.0, -0.3, -0.3, -1.2, -3.5, -3.5, 0.7, 0.7 | 109.02247035927265
-0.6, -2.0, -5.5, -0.4, -0.4, -1.0, -3.0, -3.0, 0.9, 0.9 | 154.43235301528193
5.5, -5.5, -5.5, 5.5, -5.5, 5.5, -5.5, 5.5, -5.5, 5.5 | 19.831910973757342
-0.5, 4.3, -6.0, 0.0, 0.0, -0.5, -3.0, -3.0, 0.7, 0.1 | 245.38440866845377
0.1, 5.0, -6.0, 0.0, 0.0, -0.3, -2.2, -2.2, 1.2, 0.0 | 331.07602819400745
0.0, 5.1, -6.0, 0.0, 0.0, -0.1, -2.0, -2.0, 1.1, 0.0 | 317.0275202803772
3.0, 5.5, -6.0, 0.5, 0.5, -0.2, -4.5, -4.5, 1.0, 1.0 | 82.78153572380323
-0.4, -2.0, -3.5, -0.2, -0.2, -0.8, -2.2, -2.2, 0.7, 0.7 | 129.87432058697976
2.0, 5.0, -6.0, 0.0, 0.0, -1.0, -3.0, -3.0, 1.0, 1.0 | 168.02518693477532
-0.4, -2.0, -3.5, -0.2, -0.2, -1.5, -5.0, -5.0, 0.5, 2.0 | 72.08681292066252
-0.5, 4.4, -6.0, -0.5, -0.5, -0.6, -3.3, -3.3, 0.7, 0.0 | 141.48963061867258
0.0, 5.0, -6.0, 0.0, 0.0, -0.1, -1.8, -1.8, 1.2, 0.1 | 277.7391276007415
-0.2, 5.8, -6.0, 0.6, -0.4, -2.0, -5.0, -5.0, 0.9, 0.5 | 161.26601188796772
0.0, 5.0, 5.0, 0.0, 0.0, -0.2, -2.0, -2.0, 1.0, 0.5 | 106.60805841303556
-0.3, -2.0, -3.5, -0.1, -0.1, -0.7, -2.0, -2.0, 1.2, 1.2 | 86.53365223707019
0.9, 2.6, -6.0, 0.2, 0.2, -0.3, -2.3, -2.3, 0.6, 0.6 | 182.31283385912093
1.0, 3.0, -6.0, 0.0, 0.0, -2.0, -4.0, -4.0, 2.0, 0.0 | 154.08258539197425
0.0, 6.0, -6.0, 0.0, 0.0, -0.5, -4.0, -4.0, 2.0, 0.0 | 186.2867153020016
0.0, 5.0, -6.0, 0.0, 0.0, -0.1, -3.5, -3.5, 1.0, 0.0 | 192.2137843531096
-0.5, 5.0, -6.0, 0.0, 0.0, -0.5, -3.0, -3.0, 0.5, 0.0 | 243.80982047844228
2.0, 3.5, -6.0, 0.0, 0.0, -0.4, -3.0, -3.0, 0.5, 0.5 | 178.44361396932092
-0.5, -0.6, -0.7, -0.3, -0.3, -1.0, -4.0, -4.0, 1.0, 1.0 | 92.75693132522179
0.0, 5.2, -6.0, 0.2, -0.2, -0.3, -1.9, -1.9, 1.2, 0.2 | 297.9188944305275
0.0, 5.0, -6.0, 0.0, 0.0, -0.2, -2.0, -2.0, 1.2, 0.0 | 297.80547281273857
0.0, 5.5, -6.0, 0.0, 0.0, -0.2, -5.0, -5.0, 3.0, 0.0 | 124.60668184598129
-0.4, -2.0, -3.5, -0.2, -0.2, -0.8, -2.2, -2.2, 0.9, 0.9 | 118.1603898065438
-0.6, -2.2, -5.8, -0.3, -0.3, -1.0, -3.2, -3.2, 0.9, 0.9 | 140.67652917277272
-0.5, -2.0, -6.0, -0.6, -0.6, -0.9, -2.9, -2.9, 0.9, 0.9 | 138.6298432038629
-0.3, -2.2, -3.8, -0.2, -0.2, -0.9, -2.4, -2.4, 0.9, 0.9 | 130.9195553917956
0.0, 5.0, -6.0, 0.0, 0.0, -0.2, -2.0, -2.0, 1.3, 0.0 | 297.08615847303776
0.0, 5.3, -6.0, 0.0, 0.0, -0.2, -2.0, -2.0, 1.0, 0.2 | 251.89135049910473
-0.4, 4.2, -5.0, 0.0, 0.0, -0.4, -3.0, -3.0, 0.6, 0.0 | 235.18492499571568
0.0, 6.0, -6.0, 0.0, 0.0, -0.2, -2.0, -2.0, 1.0, 0.0 | 252.91181565129304
1.0, 3.0, -6.0, 0.0, 0.0, -0.5, -2.5, -2.5, 0.5, 0.5 | 256.6095341190617
-0.5, 4.5, -6.0, 0.0, 0.0, -0.5, -3.2, -3.2, 2.0, 0.5 | 232.48211101898173
0.9, 5.5, -6.0, 0.0, 0.0, -0.6, -3.5, -3.5, 0.5, 0.5 | 181.96291474769458
-0.7, -2.5, -4.5, -0.3, -0.3, -1.2, -2.9, -2.9, 0.7, 0.7 | 126.72251254637561
-0.9, -2.7, -5.2, -0.4, -0.4, -1.5, -3.8, -3.8, 1.2, 1.2 | 103.59588007977739
-0.5, -2.6, -5.5, -0.3, -0.3, -1.6, -4.5, -4.5, 1.0, 1.0 | 101.10426005079478
-0.5, -2.2, -3.6, -0.2, -0.2, -0.9, -2.5, -2.5, 0.8, 0.8 | 139.41999273041347
0.8, 2.5, -6.0, 0.0, 0.0, -0.4, -2.5, -2.5, 0.5, 0.5 | 288.76311731785654
0.8, 2.5, -6.0, 0.5, 0.5, -0.4, -2.5, -2.5, 0.5, 0.5 | 114.44093805876624
-0.5, 4.0, -6.0, 0.0, 0.0, -0.5, -5.5, -5.5, 0.5, 0.0 | 136.66070049682122
-0.9, -2.7, -5.0, -0.4, -0.4, -1.5, -3.3, -3.3, 0.9, 0.9 | 125.49754631817571
-0.5, -2.0, -5.5, -0.4, -0.4, -0.9, -2.7, -2.7, 0.8, 0.8 | 168.13919880545035
-0.5, -5.0, -6.0, -0.5, -0.5, -2.0, -5.0, -5.0, 0.0, 0.0 | 79.66257303172162
0.0, 5.0, -6.0, 0.0, 0.0, -0.2, -2.0, -2.0, 1.0, 0.1 | 309.4911447161326
-0.3, 4.4, -6.0, 0.0, 0.0, -0.5, -3.2, -3.2, 0.8, 0.0 | 267.73530504664046
1.2, 3.0, -6.0, 0.0, 0.0, -0.3, -2.5, -2.5, 0.8, 1.0 | 152.49159721390978
-0.1, 5.1, -6.0, 0.0, 0.0, -0.2, -2.0, -2.0, 1.1, 0.1 | 280.7877240775637
-0.4, 4.2, -6.0, 0.0, 0.0, -0.5, -3.0, -3.0, 0.6, 0.5 | 236.5219434850349
-0.4, 4.4, -6.0, 0.0, 0.0, -0.5, -3.0, -3.0, 3.0, 0.5 | 208.37591889717382
1.5, 4.0, -6.0, 0.0, 0.0, -0.2, -2.5, -2.5, 0.8, 0.8 | 172.33839830993566
-0.5, 5.5, -6.0, 0.0, 0.0, -0.2, -2.3, -2.3, 1.2, 0.0 | 219.0994957410523
-0.6, -2.5, -4.5, -0.3, -0.3, -1.3, -2.9, -2.9, 1.0, 0.9 | 109.68992611290676
-0.55, -2.1, -5.6, -0.35, -0.35, -0.95, -2.75, -2.75, 0.85, 0.85 | 149.67674549530096
-0.4, -2.6, -4.2, -0.2, -0.2, -0.9, -2.1, -2.1, 0.6, 0.6 | 131.20253531207322
-0.7, -3.0, -5.0, -0.3, -0.3, -1.5, -4.5, -4.5, 1.0, 0.0 | 88.94324236729622
5.0, 5.0, -6.0, 0.5, 0.5, -5.0, -5.0, -5.0, 5.0, 0.0 | 95.30323808330077
-0.5, 5.5, -6.0, 0.0, 0.0, -0.5, -2.3, -2.3, 0.9, 0.2 | 282.4266082237705
0.0, 6.0, -6.0, 0.0, 0.0, -1.0, -6.0, -6.0, 0.5, 0.5 | 113.34283805852655
0.9, 2.5, -6.0, 0.0, 0.0, -0.4, -2.4, -2.4, 0.5, 0.5 | 275.5768346023804
-0.2, 5.0, -6.0, 0.2, -0.2, -0.8, -2.6, -2.6, 0.6, 0.4 | 266.0998969655967
1.0, 2.5, -6.0, 0.0, 0.0, -0.3, -2.2, -2.2, 0.7, 0.7 | 208.83867056180688
0.5, 2.5, -6.0, 0.5, 0.5, -0.5, -2.5, -2.5, 0.5, 0.5 | 112.75866545775837
-0.5, 5.2, -6.0, 0.0, 0.0, -0.5, -3.0, -3.0, 0.9, 0.0 | 220.10802667219173
0.0, 2.5, -6.0, 0.0, 0.0, -0.3, -6.0, -6.0, 0.5, 0.5 | 105.89574858533001
-0.9, -2.6, -4.6, -0.4, -0.4, -1.5, -3.5, -3.5, 0.9, 0.9 | 117.2706787750412
-0.7, -2.5, -4.8, -0.3, -0.3, -1.4, -3.2, -3.2, 1.0, 1.0 | 116.55865968120108
0.9, 3.5, -6.2, 0.3, 0.3, -0.5, -2.8, -2.8, 0.7, 0.5 | 158.02028386837503
-0.5, 5.0, -5.5, 0.5, -0.5, -1.0, -4.0, -4.0, 1.0, 0.0 | 196.73509094944257
-2.0, -5.0, -5.0, 0.0, 0.0, -4.0, -6.0, -6.0, 0.0, 0.5 | 76.24898866790433
0.9, 2.4, -6.0, 0.0, 0.0, -0.3, -2.3, -2.3, 0.6, 0.6 | 231.31262622654572
-0.5, -2.0, -6.0, -0.5, -0.5, -1.0, -3.0, -3.0, 0.9, 0.9 | 139.39326342600015
-1.0, 5.0, -6.0, 0.0, 0.0, -1.0, -4.0, -4.0, 2.0, 1.0 | 154.19474394493278
-0.5, -2.5, -6.0, -0.3, -0.3, -1.0, -5.0, -5.0, 1.0, 0.8 | 104.65834935137912
0.0, 5.0, -6.0, 0.0, 0.0, -0.2, -2.0, -2.0, 1.2, 0.0 | 302.01311940117597
-0.6, 4.5, -6.0, 0.0, 0.0, -0.6, -3.2, -3.2, 0.4, 0.2 | 235.19510227445875
0.0, 5.0, -6.0, 0.0, 0.0, -0.1, -2.0, -2.0, 1.0, 0.0 | 332.2324351731919
-0.6, -2.4, -4.4, 0.0, 0.0, -1.2, -2.8, -2.8, 0.0, 0.0 | 125.70030663408599
0.0, 5.1, -6.0, 0.2, -0.2, -0.2, -1.9, -1.9, 1.2, 0.2 | 281.9537264635128
0.0, -2.9, -2.9, 0.0, 0.0, -1.3, -1.6, -1.6, 0.0, 0.3 | 109.3105390151843
0.1, 5.2, -6.0, 0.0, 0.0, -0.1, -2.0, -2.0, 1.1, 0.1 | 308.7493150472616
0.9, 3.0, -6.0, 0.0, 0.0, -0.3, -2.3, -2.3, 0.8, 0.8 | 198.68125354594815
0.0, 5.0, -6.0, 0.0, 0.0, -0.2, -2.0, -2.0, 1.0, 0.0 | 303.6715097265502
-0.6, -2.4, -5.0, -0.3, -0.3, -1.3, -3.0, -3.0, 1.3, 1.3 | 115.76318278641058
-0.4, 4.5, -6.0, 0.0, 0.0, -0.5, -2.5, -2.5, 0.8, 0.2 | 285.0729155095842
0.8, 3.0, -6.0, 0.5, 0.5, -0.3, -2.8, -2.8, 0.8, 0.5 | 136.59735570188138
0.0, -5.5, -5.5, -1.0, -1.0, -5.0, -5.0, -5.0, 0.0, 2.0 | 86.05140194818989
-0.5, -2.0, -4.0, -0.2, -0.2, -1.0, -2.5, -2.5, 1.5, 2.0 | 65.50387878232091
-0.2, -2.6, -3.8, -0.2, -0.2, -0.9, -2.1, -2.1, 0.6, 0.6 | 126.29096434383595
-0.6, 5.0, -6.0, 0.5, -0.5, -0.5, -3.3, -3.3, 1.2, 0.3 | 250.822038117479
0.7, 2.8, -6.0, 0.0, 0.0, -0.5, -2.5, -2.5, 0.7, 0.7 | 227.3377104650096
0.0, 5.0, -6.0, 0.2, -0.2, -0.2, -2.1, -2.1, 1.2, 0.2 | 288.7402348005321
1.0, 2.7, -6.0, 0.0, 0.0, -0.4, -2.5, -2.5, 0.7, 0.7 | 206.636181966281
-0.5, -2.0, -6.0, -0.4, -0.4, -1.0, -3.0, -3.0, 1.0, 0.9 | 147.51365939559057
-0.4, -2.0, -3.5, -0.2, -0.2, -0.8, -2.2, -2.2, 0.6, 0.6 | 146.34521268724464
0.5, 2.5, 4.5, 0.3, 0.3, 1.3, 3.0, 3.0, -0.8, -0.8 | 27.306910609290735
0.5, 5.0, -6.0, 0.0, 0.0, -1.0, -5.0, -5.0, 0.5, 0.5 | 132.00054944940464
-0.7, -2.5, -4.5, -0.3, -0.3, -1.3, -3.0, -3.0, 1.0, 1.0 | 106.5017432691142
-0.9, -2.5, -5.8, -0.3, -0.3, -0.9, -4.5, -4.5, 1.2, 1.2 | 112.65663778147398
0.1, 5.6, -6.0, 0.1, -0.1, -0.1, -2.2, -2.2, 1.4, 0.2 | 253.06873402555198
2.0, 5.0, -6.0, 0.0, 0.0, -0.5, -2.5, -2.5, 1.2, 1.2 | 130.1757323441708
-0.4, 4.2, -6.0, 0.0, 0.0, -0.5, -3.0, -3.0, 0.7, 0.2 | 253.5495391008426
-2.0, 5.0, -6.0, 0.0, 0.0, -2.0, -6.0, -6.0, 0.5, 0.0 | 136.37965797616644
-0.5, -2.0, -6.0, -0.5, -0.5, -1.0, -5.0, -5.0, 2.0, 2.0 | 96.07782813260539
-1.0, -4.2, -6.0, -0.8, -0.8, -2.2, -5.5, -5.5, 2.0, 2.0 | 95.5753278598519
-0.8, -3.0, -5.0, -0.5, -0.5, -1.5, -4.0, -4.0, 1.0, 1.0 | 115.98335009406318
-0.7, -2.5, -4.5, -0.4, -0.4, -1.5, -3.0, -3.0, 0.9, 0.9 | 124.45917632029723
-0.4, -2.0, -3.5, -0.2, -0.2, -0.9, -2.3, -2.3, 0.5, 0.5 | 142.178091900042
0.7, 2.5, -6.0, 0.0, 0.0, -0.3, -2.3, -2.3, 0.8, 0.8 | 222.28562758980857
-0.5, -2.0, -6.0, -0.5, -0.5, -0.9, -2.9, -2.9, 1.0, 1.0 | 164.73309002552608
-0.3, 5.0, -6.0, 0.0, 0.0, -0.4, -2.9, -2.9, 0.9, 0.2 | 274.57987051150633
0.0, 5.2, -5.8, 0.0, 0.0, -0.3, -2.5, -2.5, 1.0, 0.1 | 310.8050113242791
-0.5, -3.5, -5.5, -0.3, -0.3, -2.0, -4.5, -4.5, 0.9, 0.9 | 103.97254935307338
0.5, 3.5, -6.2, 0.0, 0.0, -0.5, -3.0, -3.0, 0.5, 0.5 | 220.6638059200337
-0.4, 5.0, -6.0, 0.5, -0.5, -0.5, -3.5, -3.5, 0.9, 0.3 | 199.7796329019638
0.8, 2.6, -6.0, 0.0, 0.0, -0.2, -2.2, -2.2, 0.8, 0.5 | 264.4444157409855
-0.5, -6.0, -6.0, -0.5, -0.5, -6.0, -6.0, -6.0, 3.0, 0.5 | 79.0057211888844
-2.0, -3.0, -5.0, -0.5, -0.5, -2.0, -4.0, -4.0, 0.8, 0.5 | 111.69880958330273
-0.3, -1.8, -3.2, -0.2, -0.2, -0.7, -2.0, -2.0, 0.6, 0.6 | 139.82752689483618
-0.5, 4.4, -6.0, 0.0, 0.0, -0.4, -2.8, -2.8, 1.0, 0.2 | 255.37295348320305
-0.5, -2.0, -5.8, -0.3, -0.3, -0.9, -3.2, -3.2, 0.9, 0.9 | 132.82012376661822
-0.5, -3.0, -5.0, -0.2, -0.2, -1.2, -3.0, -3.0, 0.6, 0.4 | 118.26919471829144
0.0, 6.0, -6.0, 0.0, 0.0, -0.1, -2.0, -2.0, 1.0, 0.1 | 267.70585465009356
-0.5, 4.5, -6.0, 0.0, 0.0, -0.5, -3.2, -3.2, 1.0, 0.2 | 281.70039062243177
-0.4, 4.5, -6.0, 0.0, 0.0, -0.4, -2.5, -2.5, 0.9, 0.0 | 318.34379973478127
0.2, 5.2, -6.0, 0.1, 0.1, -0.2, -2.0, -2.0, 1.0, 0.5 | 177.05400817832913
-0.4, 4.2, -6.0, 0.0, 0.0, -0.5, -3.0, -3.0, 0.5, 0.5 | 195.04058955823285
-0.3, -2.0, -3.6, -0.2, -0.2, -0.7, -2.0, -2.0, 0.9, 0.9 | 131.25396209503123
0.5, -2.0, -6.0, -0.4, -0.4, -0.9, -2.8, -2.8, 0.9, 0.9 | 128.60288557579713
0.0, 5.0, -6.0, 0.0, 0.0, -0.3, -2.0, -2.0, 1.1, 0.3 | 261.5635718659971
0.5, 2.5, -6.0, 0.1, 0.1, -0.4, -2.4, -2.4, 0.5, 0.5 | 228.1161616960184
-0.8, -2.4, -4.6, -0.2, -0.2, -1.2, -3.1, -3.1, 0.9, 0.9 | 106.80586971329399
0.9, 2.6, -6.0, 0.0, 0.0, -0.2, -2.2, -2.2, 1.5, 1.5 | 94.41084460146115
-0.5, -2.0, -6.0, -0.4, -0.4, -0.9, -2.7, -2.7, 1.0, 1.0 | 184.00589559339562
-1.0, 5.0, -6.0, 0.0, 0.0, -0.5, -3.0, -3.0, 1.0, 0.0 | 234.71848792879655
-1.0, -3.0, -5.0, -0.4, -0.4, -1.5, -4.0, -4.0, 1.0, 1.0 | 117.99580586872143
-0.4, -2.0, -6.0, -0.4, -0.4, -0.9, -2.7, -2.7, 0.9, 0.9 | 150.40692368900915
-0.1, 5.0, -6.0, 0.3, -0.3, -1.0, -2.5, -2.5, 0.8, 0.3 | 270.28444067681204
-0.3, -5.2, -5.2, -0.2, -0.2, -2.8, -3.6, -3.6, 0.6, 0.9 | 83.09769575275163
-0.6, 4.8, -6.0, 0.0, 0.0, -0.5, -3.2, -3.2, 1.0, 0.3 | 270.74652953035604
0.6, 2.5, -6.0, 0.0, 0.0, -0.4, -2.4, -2.4, 0.5, 0.5 | 285.5387887319018
0.0, 5.9, -6.0, 0.0, 0.0, -0.1, -1.5, -1.5, 1.3, 0.2 | 192.28077500691043
-1.0, -5.5, -5.5, 0.0, 0.0, -2.0, -5.0, -5.0, 0.0, 0.0 | 96.87503905319045
1.0, 4.0, -6.0, 0.0, 0.0, -0.2, -2.2, -2.2, 0.8, 0.8 | 194.47680287796967
-0.5, -3.0, -3.0, -0.5, -0.5, -1.8, -2.2, -2.2, 0.0, 0.5 | 100.03524174472724
-0.3, -2.3, -3.8, -0.2, -0.2, -0.9, -2.1, -2.1, 0.7, 0.7 | 126.36144554340885
-0.5, -2.0, -6.0, -0.4, -0.4, -1.0, -3.0, -3.0, 1.0, 1.0 | 134.98032234236922
-0.5, -2.9, -2.9, -0.2, -0.2, -1.3, -1.6, -1.6, 0.0, 0.4 | 112.69115201516153
-0.5, 5.0, -6.0, 0.5, -0.5, -1.0, -5.0, -5.0, 2.0, 0.5 | 157.00109018796957
1.0, 5.0, -6.0, 0.0, 0.0, -0.2, -2.2, -2.2, 0.9, 0.9 | 159.04414484420994
3.5, -2.1, 4.7, -5.3, 2.0, -3.2, 5.1, -4.8, 1.2, -0.6 | 63.49132522694394
-0.5, 6.0, -0.9, -1.5, 3.0, 2.0, -0.5, -2.5, -0.3, -0.5 | 117.10084511948587
-0.3, 5.5, -0.9, -1.5, 2.0, 1.5, -0.5, -2.0, -0.3, -0.4 | 152.9614739590186
-0.5, 5.2, -0.9, -1.5, 2.5, 1.4, 0.0, -2.0, -0.5, -0.5 | 124.0887445914902
-0.5, 5.0, -0.9, -1.5, 2.0, 1.7, -0.5, -2.0, -0.3, -0.3 | 151.81415775038175
-0.5, 7.0, -2.0, -2.0, 4.0, 2.5, -1.5, -3.0, -0.5, 0.0 | 90.1910547308614
-0.5, 5.5, -0.9, -1.5, 2.5, 2.5, -0.5, -3.0, -2.0, -0.5 | 143.28796690476065
-0.5, 5.4, -0.9, -1.5, 2.0, 1.4, 0.0, -2.0, -0.3, -0.3 | 159.9613073983513
-0.5, 5.0, -0.9, -1.5, 2.5, 1.4, -1.0, -2.0, -0.3, -0.5 | 166.8798636584695
-0.5, 6.0, -1.0, -2.0, 3.0, 1.5, 0.0, -3.0, -0.5, -0.5 | 98.43367371385669
-0.7, 3.4, -0.8, -1.2, 2.0, 0.9, 6.8, -2.0, -0.3, -0.4 | 76.7103881914035
-2.5, 5.5, -2.5, -2.5, 3.0, 2.0, 6.0, -5.0, -0.3, -0.5 | 95.18926640464201
-0.5, 5.9, -0.9, -1.5, 2.0, 1.5, -0.5, -2.0, -0.3, -0.4 | 164.03515071435325
-2.5, 6.0, -6.0, -3.0, 4.0, 3.0, -3.0, -3.0, 0.0, 2.0 | 22.31096482544502
-0.4, 4.5, -0.9, -1.5, 2.0, 1.2, -0.4, -2.0, -0.3, -0.5 | 159.25491508442673
-0.5, 6.0, -0.9, -1.5, 2.0, 6.0, -0.5, -2.0, -0.3, -0.5 | 29.359453881935917
-0.6, 5.9, -0.9, -2.0, 3.0, 1.5, -1.0, -2.5, -0.5, -0.5 | 147.17274596667264
-0.5, 5.0, -1.0, -1.5, 2.2, 1.0, 0.0, -2.0, -0.2, -0.5 | 116.67889660301655
-0.5, 4.5, 0.0, -1.5, 2.0, 1.2, -0.5, -2.0, -0.3, -0.5 | 151.00666557084332
-0.5, 5.5, -0.9, -1.5, 2.5, 2.5, -0.5, -2.0, -0.3, -0.5 | 133.1888855132519
-0.5, 5.5, -2.0, -1.5, 2.5, 0.5, 6.0, -5.0, -0.5, -0.5 | 83.69325375283691
-0.5, 4.5, -0.9, -1.5, 2.5, 1.3, -0.6, -2.1, -0.3, -0.4 | 133.0514196836412
0.0, 5.8, -1.0, -1.6, 2.5, 2.0, -0.5, -2.0, -0.4, -0.2 | 161.09500274746367
-0.5, 5.4, -0.9, -1.5, 2.3, 1.6, -0.5, -2.0, -0.3, -0.5 | 160.6595196072572
6.0, -6.0, 6.0, -6.0, 6.0, -6.0, 6.0, -6.0, 6.0, -6.0 | 58.71040892722709
-0.5, 5.4, -0.9, -1.5, 2.2, 1.6, -0.5, -2.0, -0.3, -0.4 | 169.3537989610944
-0.5, 5.0, -0.8, -1.3, 2.5, 1.0, 7.0, -3.0, -0.3, -0.5 | 86.71760599262483
-0.5, 6.0, -0.9, -1.5, 2.0, 1.2, -0.5, -2.0, -0.3, -0.5 | 162.74800647660203
-0.5, 5.0, -0.9, -1.5, 2.0, 1.5, -0.5, -2.0, -0.2, -0.3 | 147.36161468901872
-0.5, 5.8, -0.9, -1.5, 2.2, 1.6, -0.5, -2.2, -0.3, -0.4 | 172.1314043826065
-0.5, 4.5, -0.9, -1.5, 2.2, 2.0, 0.0, -2.0, -0.3, -0.5 | 142.32023537578434
-0.5, 6.0, -0.9, -1.5, 3.0, 2.0, -1.0, -2.5, -0.5, -0.5 | 124.75236968548636
0.0, 5.5, -0.9, -1.5, 2.0, 1.5, -0.5, -1.9, -0.1, 0.0 | 163.63419284531273
-0.5, 5.4, -0.9, -1.5, 2.0, 1.5, -0.5, -2.0, -0.3, -0.4 | 138.9374501433725
-0.5, 4.4, -0.9, -1.5, 2.0, 1.2, -0.6, -2.0, -0.3, -0.5 | 173.3977241194486
-0.6, 4.2, -0.9, -1.2, 2.2, 0.9, 7.0, -3.3, -0.4, -0.5 | 85.03306720159567
-0.7, 4.0, -0.8, -1.4, 2.5, 1.0, 6.0, -2.5, -0.3, -0.6 | 75.35948744924485
-0.5, 4.5, -0.9, -1.5, 2.0, 1.4, -0.5, -2.0, -0.3, -0.4 | 165.8518081104713
-0.5, 5.6, -0.9, -1.5, 4.0, 2.0, -0.5, -2.0, -0.3, -0.5 | 83.04853540099242
-0.5, 4.5, -0.9, -1.5, 2.2, 1.3, 0.0, -2.0, -0.3, -0.5 | 153.6924657134732
-0.5, 4.5, -0.9, -1.5, 2.0, 1.2, 0.0, -2.0, -0.3, -0.5 | 158.1616528680074
-0.5, 5.0, -0.9, -1.5, 2.5, 1.3, -0.8, -2.0, -0.3, -0.5 | 150.94182786851056
-0.5, 5.4, -0.9, -1.5, 2.0, 1.4, -0.5, -2.0, -0.25, -0.4 | 174.9011314757816
-5.0, 5.0, -5.0, -5.0, 5.0, -5.0, 5.0, -5.0, 5.0, 0.0 | 93.3845275873378
-0.5, 5.7, -0.9, -1.5, 2.8, 1.0, -0.6, -2.0, -0.3, -0.5 | 117.8459066261133
-0.5, 5.0, -0.9, -1.5, 2.0, 1.5, -0.5, -1.9, -0.3, -0.3 | 158.6213481012456
-0.8, 3.5, -0.8, -1.3, 2.0, 0.5, 6.9, -2.2, -0.2, -0.5 | 76.65856394750796
-0.6, 5.8, -1.0, -1.6, 2.4, 2.0, -0.6, -2.2, -0.4, -0.5 | 138.4242284134634
-0.6, 5.6, -0.8, -1.6, 2.2, 1.5, -0.6, -2.2, -0.4, -0.5 | 139.91193171649442
-1.0, 6.0, -1.0, -2.0, 3.5, 2.0, -2.0, -2.5, -0.5, -0.5 | 47.7423333237992
-0.5, 6.0, -1.0, -2.0, 3.0, 2.5, 0.0, -2.0, 0.0, 0.0 | 111.02704624003229
-0.5, 4.9, -0.9, -1.5, 2.2, 1.5, -0.5, -2.0, -0.3, -0.5 | 135.97429761035912
0.0, 5.0, -0.9, -2.0, 2.5, -1.0, -5.0, -5.0, -0.5, 0.0 | 96.93812071193463
-0.5, 5.3, -0.9, -1.5, 2.0, 1.5, -0.5, -2.0, -0.3, -0.4 | 153.09596016955248
-0.5, 5.0, -0.9, -1.5, 2.0, 1.5, -0.5, -2.0, -0.3, -0.3 | 187.72428514419673
-0.5, 4.5, -0.9, -1.5, 2.0, 1.3, 0.0, -2.0, -0.3, -0.5 | 155.06648260518347
-0.5, 5.0, -0.9, -1.5, 2.0, 1.2, 1.0, -3.0, -0.3, -0.5 | 98.11993754027547
-0.5, 6.0, -0.9, -1.5, 3.0, 2.0, 1.0, -4.0, -1.0, 0.0 | 78.64650421256148
-0.6, 3.5, -0.8, -1.2, 2.0, 0.8, 7.0, -1.8, -0.4, -0.5 | 81.3303523006091
-0.5, 5.2, -0.9, -1.5, 2.5, 2.0, -0.6, -2.2, -0.4, -0.5 | 137.1839208003603
0.0, 5.2, -5.0, -2.5, 5.0, 0.0, 6.0, -5.0, 0.0, -0.5 | 79.48527388599527
-0.6, 5.0, -1.0, -1.3, 2.8, 1.0, 6.0, -4.0, -0.5, -0.5 | 82.30362604838209
-0.5, 5.3, -0.9, -1.5, 2.6, 1.2, 0.0, -2.0, -0.3, -0.5 | 98.59685758718993
-0.9, 3.3, -0.9, -1.2, 2.1, 0.8, 7.0, -2.3, -0.4, -0.6 | 87.35868894995973
-0.5, 4.6, -0.9, -1.5, 2.0, 1.0, 0.0, -2.0, -0.3, -0.5 | 150.4065905929608
-1.0, 5.0, -2.0, -3.0, 3.0, -1.0, 6.0, -4.0, -0.5, -2.0 | 68.23498322202447
0.5, 5.0, -1.0, -2.0, 2.5, 2.0, -0.5, -2.5, -0.4, -0.5 | 154.58219687011314
-2.0, 5.0, -1.5, -2.0, 3.0, 1.5, 7.5, -4.5, -1.0, -0.5 | 86.05641555608658
-0.5, 4.6, -0.9, -1.5, 2.0, 1.4, 0.0, -2.0, -0.3, -0.5 | 156.6018508167218
-0.6, 5.6, -0.9, -1.4, 2.8, 1.2, 6.0, -2.2, -0.4, -0.5 | 84.05362688096741
-0.6, 5.5, -0.9, -1.4, 2.5, 0.8, 7.0, -2.2, -0.4, -0.5 | 85.9214004471255
-0.5, 5.6, -0.9, -1.5, 2.2, 1.6, -0.5, -2.0, -0.4, -0.2 | 157.11063872618132
-0.5, 4.4, -0.9, -1.5, 2.0, 1.3, -0.5, -2.0, -0.3, -0.5 | 172.76464760080933
-0.5, 5.5, -0.9, -1.5, 3.0, 1.5, -0.5, -2.0, -0.3, -0.5 | 117.64865690100555
-0.7, 4.0, -1.0, -1.3, 2.5, 0.9, 6.0, -2.1, -0.3, 0.0 | 78.92214711109409
-1.0, 4.5, -0.9, -1.5, 2.0, 1.2, 7.0, -2.4, -0.3, -0.4 | 80.37821238364768
2.3, -4.2, 1.5, 3.4, -2.1, -3.7, 4.5, 0.6, -5.8, 2.0 | 45.20188788574913
-0.6, 4.0, -0.9, -1.2, 1.7, 0.8, 7.0, -2.2, -0.3, -0.5 | 84.13290661746404
-0.5, 4.5, -0.9, -1.5, 2.0, 1.1, -0.5, -2.0, -0.3, -0.5 | 171.07136549392166
0.0, 5.5, -0.9, -1.5, 3.0, 2.5, -1.0, -4.0, -0.5, 0.0 | 71.8309884867263
-0.5, 5.0, -0.9, -1.5, 2.0, 1.5, -0.5, -2.0, 0.5, 0.0 | 158.39689704748307
-0.4, 5.2, -0.9, -1.4, 2.2, 1.6, -0.4, -2.1, -0.2, -0.4 | 136.97785444198766
-0.3, 6.0, -1.0, -1.8, 2.8, 2.5, -0.8, -2.2, -0.4, -0.5 | 133.03201488720399
-3.5, 5.5, -3.0, -2.5, 4.0, 2.0, -2.0, -3.0, 1.0, -4.0 | 85.83538030830282
-0.5, 5.4, -0.9, -1.5, 2.3, 1.3, 0.2, -2.0, -0.3, -0.5 | 128.9358989489445
-0.5, 4.0, -1.0, -1.5, 3.0, 0.8, 7.0, -3.0, -0.4, -0.5 | 85.03274196292367
-2.0, 6.0, -6.0, -1.5, 3.0, -0.5, 6.0, -5.5, -0.5, 0.0 | 72.03208830514782
-0.8, 4.2, -0.9, -1.4, 2.8, 0.9, 7.2, -2.5, -0.4, -0.5 | 78.95877134067324
-0.7, 5.5, -0.8, -1.3, 2.5, 1.0, 6.0, -2.0, -0.2, -0.4 | 93.40584507290694
-0.5, 5.5, -1.0, -1.6, 2.5, 1.2, 0.5, -2.5, -0.2, -0.5 | 87.43481410287242
-0.5, 4.5, -0.9, -1.5, 2.0, 1.3, -0.5, -2.0, -0.3, -0.5 | 155.82500136104352
-0.5, 5.0, -0.9, -1.5, 2.5, 1.0, 0.5, -2.0, -0.3, -0.5 | 105.8675033963282
-0.55, 5.05, -0.95, -1.55, 2.05, 1.45, -0.55, -2.05, -0.35, -0.55 | 161.75657531862126
-0.5, 6.0, -0.9, -1.5, 2.5, 2.5, -0.5, -2.0, -0.3, -0.5 | 141.93380142540963
-2.0, 6.0, -2.0, -2.0, 4.0, 1.5, 6.0, -2.0, -0.5, 0.0 | 71.01822762466104
-0.5, 5.5, -0.9, -1.5, 2.0, 1.5, -0.5, -2.0, -0.3, -0.4 | 155.28682108338595
-0.5, 5.8, -1.0, -2.0, 3.0, 2.0, -0.5, -2.0, -0.3, -0.5 | 159.08073786830866
-0.5, 5.4, -0.9, -1.5, 2.0, 1.5, 0.0, -2.0, -0.3, -0.5 | 148.4073606037904
-0.4, 5.4, -0.9, -1.5, 2.0, 1.5, -0.4, -2.0, -0.2, -0.4 | 155.00849361975236
-0.5, 5.8, -0.9, -1.5, 3.0, 2.0, -0.5, -2.0, -0.3, -0.5 | 113.27705014736743
-0.5, 5.5, -0.9, -1.5, 2.4, 2.0, -0.5, -2.0, -0.3, -0.4 | 147.11151881270422
-2.0, 6.0, -2.5, -2.5, 3.0, 1.5, 6.0, -4.5, -1.0, -1.0 | 80.89759103394586
-0.48, 5.42, -0.92, -1.48, 2.02, 1.52, -0.48, -2.02, -0.31, -0.38 | 148.29111164068507
-0.5, 5.0, -0.9, -1.5, 2.5, 1.8, -0.1, -2.0, -0.3, -0.5 | 140.00415356134118
3.0, -3.0, 3.0, -3.0, 3.0, -3.0, 3.0, -3.0, 3.0, -3.0 | 58.37467988457344
-0.5, 5.0, -0.9, -1.5, 2.0, 1.4, -0.1, -2.2, -0.2, -0.6 | 134.80853567730045
-0.5, 5.0, -0.9, -1.5, 2.0, 1.2, -0.5, -2.0, -0.3, -0.5 | 158.97075803492982
-0.5, 5.4, -0.9, -1.5, 1.8, 1.4, -0.5, -2.5, -0.3, -0.2 | 127.42264551339977
-0.7, 5.0, -1.1, -1.5, 2.4, 1.2, 6.0, -3.0, -0.4, 0.0 | 89.141692293916
-0.7, 4.2, -0.8, -1.4, 2.2, 0.9, 5.9, -2.1, -0.3, -0.5 | 98.02668638268956
-0.5, 5.0, -0.9, -1.5, 2.0, 1.5, -0.4, -2.0, -0.3, -0.3 | 160.35733419199494
-0.45, 5.45, -0.85, -1.45, 2.05, 1.35, -0.45, -1.95, -0.35, -0.35 | 161.43984422034347
-0.5, 5.0, -0.9, -1.5, 2.0, 1.4, 0.0, -2.0, -0.3, -0.5 | 152.78289663975454
-0.6, 4.6, -0.8, -1.3, 2.0, 1.0, 6.0, -2.1, -0.3, -0.5 | 88.75727266547102
-0.4, 5.5, -0.9, -1.5, 2.0, 1.4, -0.4, -2.0, -0.3, -0.3 | 158.98457551172618
-1.0, 4.8, -1.0, -1.5, 3.0, 0.8, 7.0, -2.5, -0.4, -0.5 | 71.04412249376703
-1.0, 5.5, -0.8, -1.4, 2.5, 2.5, -0.5, -2.0, 0.0, 0.0 | 91.74408414443101
-0.1, 5.0, -0.9, -1.5, 2.3, 1.5, 0.0, -2.0, -0.3, -0.5 | 132.64653505983208
-0.5, 6.0, -2.0, -1.6, 4.0, 1.2, 6.0, -2.0, -0.3, -0.5 | 61.82761862695081
-0.5, 5.5, -0.9, -1.5, 2.0, 1.4, -0.5, -2.0, -0.2, -0.4 | 170.10592069461148
-0.5, 4.6, -0.9, -1.4, 2.0, 0.8, 0.0, -2.0, -0.2, -0.5 | 145.91197689263802
-0.5, 4.0, -0.8, -1.3, 2.5, 2.0, 6.0, -1.0, -0.1, -0.2 | 72.9239469586183
-0.5, 5.4, -0.9, -1.5, 2.0, 1.4, -0.5, -2.0, -0.3, -0.3 | 156.4440051271119
-0.5, 5.5, -0.9, -1.5, 2.5, 2.5, -0.5, -2.5, -0.3, -0.3 | 117.96587767062428
-0.5, 5.5, -0.9, -1.5, 2.0, 1.5, -0.5, -2.0, -0.3, -0.3 | 149.81287784357144
-1.0, 6.0, -0.9, -1.5, 2.5, 2.0, -1.0, -2.0, -0.3, -0.5 | 166.44106515328036
-0.5, 5.5, -0.9, -1.5, 4.0, 2.0, 0.0, -2.0, -0.3, -0.5 | 73.81430429519503
-0.5, 5.3, -0.9, -1.5, 2.0, 1.8, -0.5, -2.0, -0.3, -0.3 | 165.08585656828515
-0.6, 3.2, -0.9, -1.4, 2.0, 0.9, 6.8, -2.0, 0.0, -0.5 | 78.58060897834321
-0.5, 5.5, -1.0, 1.5, 2.0, 1.5, -0.5, -2.0, -0.3, -0.4 | 75.59128729260101
-2.0, 5.0, -1.0, -2.0, 2.5, 2.0, -1.0, -2.5, -0.5, -0.5 | 144.5163948515988
-0.5, 5.0, -0.9, -1.5, 2.3, 1.4, 0.0, -2.0, -0.3, -0.5 | 141.18038952876867
-0.8, 3.4, -0.8, -1.3, 2.0, 1.0, 6.8, -2.0, -0.3, -0.5 | 91.54924178379635
-0.5, 5.0, -0.9, -1.5, 2.5, 1.2, 0.5, -2.0, -0.2, -0.4 | 93.49917178830609
-6.0, 6.0, -6.0, -6.0, 6.0, 6.0, -6.0, -6.0, -6.0, -6.0 | 22.728731957457207
-0.6, 5.1, -0.9, -1.5, 2.1, 1.6, -0.5, -2.0, -0.3, -0.4 | 159.451578653548
-0.4, 5.5, -0.9, -1.4, 2.2, 1.6, -0.6, -1.8, -0.5, -0.3 | 167.87424485094004
-0.5, 5.4, -0.9, -1.5, 2.1, 1.5, -0.5, -2.0, -0.3, -0.4 | 142.77812967789336
-0.4, 5.5, -0.9, -1.5, 2.0, 1.4, -0.5, -2.0, -0.3, -0.4 | 164.54135214821235
-0.5, 5.6, -0.9, -1.5, 3.0, 1.8, -0.5, -2.0, -0.3, -0.5 | 135.7860702639191
-1.0, 5.5, 3.0, -1.0, 2.0, -2.0, -4.0, -4.0, 0.5, -1.5 | 87.6412737119546
-0.5, 5.4, -0.9, -1.5, 2.0, 1.4, -0.6, -2.1, -0.3, -0.4 | 171.77645326266983
-2.0, 5.5, -5.0, -2.0, 5.0, -2.0, 6.0, -5.0, 0.0, 0.0 | 68.74397561305155
-0.6, 4.5, -1.0, -2.0, 2.2, 0.9, 6.0, -3.0, -0.4, -0.5 | 80.38969846438299
-0.5, 4.6, -0.9, -1.5, 2.5, 1.3, 0.0, -2.0, -0.3, -0.5 | 133.52742942128486
-0.5, 4.6, -0.9, -1.5, 2.0, 2.0, -2.0, 5.0, -0.9, 1.0 | 21.185697728772176
-0.45, 5.45, -0.9, -1.5, 2.1, 1.6, -0.5, -2.0, -0.3, -0.45 | 177.20472240245823
-0.5, 5.9, -1.0, -1.5, 3.0, 2.0, -0.5, -2.0, -0.3, -0.5 | 115.20283078801886
-0.2, 5.5, -0.9, -1.5, 2.5, 2.0, -0.5, -2.0, -0.3, -0.5 | 143.98476730233045
-0.7, 3.6, -0.9, -1.4, 2.1, 0.8, 6.8, -2.2, -0.2, -0.4 | 79.47767551868635
-0.5, 4.4, -0.9, -1.5, 2.0, 1.2, -0.5, -2.0, -0.3, -0.6 | 167.07508191031707
-0.5, 5.5, -0.9, -1.5, 2.0, 1.5, -0.5, -2.0, -0.3, -0.3 | 180.73682632067172
-0.5, 5.5, -0.9, -1.5, 2.0, 1.4, -0.5, -1.9, -0.3, -0.4 | 168.17729790662844
-0.5, 5.7, -0.9, -1.5, 2.4, 1.7, -0.4, -2.0, -0.4, -0.3 | 132.31806744951103
-0.5, 4.7, -0.9, -1.5, 2.0, 0.9, 0.0, -2.0, -0.3, -0.5 | 132.45370111825892
-0.5, 6.0, -1.5, -1.5, 3.5, 0.8, 6.0, -2.0, -0.4, -0.5 | 70.20690537734086
-0.5, 6.0, -0.9, -1.5, 2.0, 1.5, -0.5, -2.0, -0.3, -0.4 | 151.6192362565318
-0.3, 5.0, -0.9, -1.5, 2.2, 1.3, 0.0, -2.0, -0.3, -0.5 | 141.9668437893052
-1.0, 6.0, -0.9, -2.0, 4.0, 3.0, -1.0, -3.0, -1.0, -0.5 | 77.04327324721967
-0.5, 4.6, -0.9, -1.5, 2.0, 1.3, 0.0, -2.0, -0.3, -0.5 | 156.31370731732903
-0.6, 5.0, -0.8, -1.2, 2.0, 0.8, 6.8, -2.0, -0.2, -0.5 | 76.23306017860214
-0.5, 5.7, -0.8, -1.5, 2.0, 1.5, -0.5, -2.0, -0.3, -0.4 | 153.53477916686728
-0.8, 4.0, -0.9, -1.4, 2.2, 0.9, 7.0, -2.5, -0.2, -0.2 | 76.75323624298372
-0.5, 4.5, -1.5, -2.0, 2.0, 0.5, 6.0, -4.0, 0.0, -0.5 | 89.27688687020398
-0.7, 3.5, -0.8, -1.2, 2.2, 0.9, 7.0, -2.2, -0.3, -0.4 | 74.32259525379158
-0.5, 6.0, -1.0, -2.0, 4.0, 2.0, -1.0, -2.0, -0.5, -0.5 | 87.78203134481973
-2.0, 6.0, -1.6, -2.0, 4.0, 0.5, 6.0, -3.0, -0.5, -0.5 | 69.30906802771597
-0.5, 5.4, -0.9, -1.5, 2.0, 1.5, -0.5, -2.0, -0.3, -0.4 | 165.4873817872208
-0.9, 5.5, -0.9, -1.5, 2.0, 0.6, 9.0, -3.0, -2.0, -0.5 | 85.93870638179504
-0.5, 5.8, -0.9, -1.5, 2.6, 2.0, -0.5, -2.0, -0.3, -0.5 | 142.08092445210386
-0.8, 5.0, -1.2, -1.8, 2.6, 1.0, 6.0, -3.2, -0.5, -0.5 | 85.09609961737215
5.0, -5.0, 5.0, -5.0, 5.0, -5.0, 5.0, -5.0, 5.0, -5.0 | 57.90386926589165
0.0, -4.0, -4.0, 0.0, 0.0, -1.0, -4.0, -4.0, 0.0, 0.0 | 97.73163018350462
-0.5, 5.5, -0.9, -1.5, 2.3, 1.6, 0.0, -2.0, -0.3, -0.5 | 133.23278768819642
-1.5, 5.5, -1.2, -1.4, 2.5, 1.0, 6.8, -2.0, -0.4, -0.5 | 78.58905417707261
-0.5, 5.5, -0.9, -1.5, 2.5, 1.8, -0.5, -2.2, -0.3, -0.5 | 150.9640373646715
-0.5, 5.3, -0.9, -1.5, 2.6, 2.0, 0.1, -2.0, -0.2, -0.4 | 117.70511393637143
-0.3, 5.6, -0.8, -1.2, 2.2, -0.5, 0.5, -2.0, -0.2, -0.2 | 80.5886085847167
-0.5, 4.5, -0.9, -1.5, 2.0, 1.5, -0.5, -2.0, -0.3, -0.5 | 167.73606393063017
-0.5, 4.5, -0.9, -1.5, 2.0, 1.2, 0.0, -1.9, -0.3, -0.5 | 132.33924645218647
-0.5, 5.4, -0.9, -1.5, 2.0, 1.3, -0.5, -2.0, -0.3, -0.4 | 162.86959592486969
-3.5, 5.5, -0.9, -1.5, 3.5, 2.5, -0.5, -2.0, -0.2, -0.5 | 90.93003297057119
-0.7, 6.0, -1.0, -1.6, 2.8, 1.2, 7.0, -2.5, -0.5, -0.5 | 77.09265662136804
0.0, 5.5, -0.9, -1.5, 2.0, 1.5, -0.5, -2.0, -0.3, -0.4 | 161.55321706946137
-0.5, 6.0, -6.0, -6.0, 6.0, 2.0, 0.0, -6.0, 0.0, -0.5 | 91.08114575661139
-0.6, 5.6, -1.0, -1.6, 2.2, 1.6, -0.6, -2.2, -0.4, -0.5 | 158.6102335228829
-0.6, 5.5, -0.9, -1.5, 2.0, 1.6, -0.5, -2.0, -0.3, -0.3 | 138.81985521228054
-0.5, 5.5, -0.9, -1.5, 2.0, 1.4, -0.5, -2.0, -0.3, -0.3 | 187.35372324817362
-0.4, 5.2, -0.9, -1.5, 2.4, 2.0, -0.4, -2.0, -0.3, 0.0 | 137.79060714280882
-0.5, 5.9, -0.9, -1.5, 2.6, 1.4, 0.0, -2.0, -0.3, -0.5 | 109.59227312812943
-6.0, 5.5, -5.5, 4.5, -3.5, 2.0, -2.0, 5.0, -1.0, 1.0 | 21.12338698254191
-0.5, 5.6, -0.9, -1.5, 2.4, 1.8, -0.5, -2.0, -0.3, -0.4 | 139.6185737724568
-0.5, 5.3, -0.9, -1.5, 2.6, 1.3, 0.0, -2.0, -0.3, -0.5 | 115.56059081803319
-0.6, 4.8, -0.9, -1.4, 2.3, 1.4, 7.2, -2.5, -0.2, -0.3 | 78.55017287213818
-0.5, 5.4, -0.9, -1.5, 2.0, 1.6, -0.5, -2.0, -0.3, -0.4 | 170.2115400012885
-0.6, 5.5, -0.9, -1.3, 2.4, 0.9, 6.0, -2.3, -0.2, -0.5 | 79.06057971732965
-0.5, 5.0, -0.9, -1.5, 3.0, 1.0, 0.0, -2.0, -0.3, -0.5 | 98.0133444003348
-1.0, 5.5, -0.9, -1.5, 2.0, 2.0, -0.5, -2.0, -0.3, -0.4 | 161.3237554342997
-0.5, 4.5, -0.9, -1.5, 2.0, 1.5, 0.0, -2.0, -0.3, -0.5 | 132.235011531098
0.0, 6.0, -0.9, -2.0, 3.0, 2.0, -1.0, -2.5, -0.2, -0.2 | 124.34452490731633
-0.5, 5.0, -0.9, -1.5, 2.0, 2.0, -0.5, -2.0, -0.3, 0.0 | 141.1433881978817
-0.5, 5.5, -0.9, -1.5, 2.0, 2.5, -0.5, -2.0, -0.3, -0.3 | 150.1464599029827
-0.3, 5.0, -0.9, -1.5, 2.2, 2.0, -0.5, -2.0, -0.3, -0.5 | 170.2972368121413
-0.5, 5.5, -0.9, -1.5, 2.5, 1.5, -0.5, -1.0, -0.3, -0.5 | 56.01080470547426
-0.5, 5.5, -0.9, -1.5, 2.0, 1.5, -0.5, -2.0, -0.3, -0.4 | 155.17050340463237
-0.5, 5.3, -0.9, -1.5, 2.4, 1.7, -0.5, -2.0, -0.3, -0.4 | 144.05934467212177
-0.5, 5.4, -0.9, -1.5, 2.0, 1.3, -0.5, -2.0, -0.3, -0.4 | 141.43914558446076
0.0, 0.0, 0.0, -2.0, 2.0, -0.5, -1.0, -1.0, 0.0, 0.0 | 154.44606385602208
-0.6, 3.4, -0.9, -1.2, 2.0, 0.8, 6.8, -2.0, -0.3, -0.5 | 82.75410708457521
-0.5, 6.0, -0.9, -1.5, 3.0, 2.5, -0.5, -2.0, 0.5, 0.0 | 86.5408532243164
-2.0, 6.0, -5.0, -2.5, 4.0, -1.5, -2.0, -3.0, -0.5, -0.5 | 93.93294586431726
-0.5, 5.9, -0.9, -1.5, 2.1, 1.4, -0.5, -2.0, -0.3, -0.5 | 172.46197350273235
-0.5, 4.5, -0.9, -1.5, 2.0, 1.2, -0.5, -2.0, -0.3, -0.5 | 185.61505579718184
-0.5, 5.0, -0.9, -1.5, 2.0, 1.5, -0.5, -2.0, -0.1, -0.5 | 166.37529568684846
-0.5, 5.0, -0.9, -1.5, 2.2, 2.2, -0.5, -2.0, -0.3, -0.2 | 145.19143302070572
-0.4, 4.6, -0.9, -1.5, 2.0, 1.3, -0.5, -2.0, -0.3, -0.4 | 172.8553697464247
-1.0, 6.0, -0.9, -1.5, 2.0, 2.0, -1.0, -3.0, -1.0, -0.5 | 140.42454152948397
-0.5, 5.5, -0.9, -1.5, 2.5, 2.0, -0.5, -1.5, -0.1, -0.5 | 150.11745508582248
-0.1, 5.2, -0.9, -1.5, 2.0, 1.5, 0.0, -2.0, -0.3, -0.5 | 148.88730627136906
-0.5, 5.4, -0.9, -1.5, 2.0, 1.5, -0.5, -2.0, -0.3, -0.1 | 162.07311156316095
-0.5, 5.6, -1.0, -1.5, 2.5, 2.0, -0.5, -2.0, -0.2, -0.4 | 131.09812760399478
-0.5, 5.0, -0.9, -1.5, 2.2, 1.6, 0.0, -2.0, -0.3, -0.5 | 145.6815788979923
-3.0, 5.0, -5.0, -2.0, 2.0, 0.5, 6.0, -6.0, 0.0, 0.0 | 79.50843684145647
-0.5, 5.1, -0.9, -1.5, 2.0, 1.6, -0.5, -2.0, -0.3, -0.2 | 155.74530310652239
-0.5, 4.5, -0.9, -1.5, 2.0, 1.5, 0.0, -2.0, -0.3, -0.5 | 148.8250609941906
-0.5, 4.7, -0.9, -1.5, 2.5, 1.0, 0.0, -2.0, -0.3, -0.5 | 98.1240516598981
-0.5, 5.0, -0.9, -1.5, 2.4, 1.5, 0.1, -2.0, -0.2, -0.5 | 111.86529744100388
-0.9, 4.0, -2.0, -2.0, 2.0, 3.0, 6.0, -3.0, -0.5, 0.5 | 100.89504986505587
-0.6, 5.2, -0.9, -1.5, 2.1, 1.6, 0.0, -2.0, -0.2, -0.5 | 134.69057015416837
-0.5, 5.9, -0.9, -1.5, 2.1, -0.5, -0.5, -2.0, -0.3, -0.4 | 127.17975625908673
-0.5, 4.4, -0.9, -1.5, 2.0, 1.2, 0.0, -2.0, -0.3, -0.5 | 152.60490429092525
-0.3, 5.7, -0.9, -1.4, 2.6, 2.2, -0.4, -1.9, -0.2, -0.3 | 130.99391965579522
-0.4, 4.5, -1.1, -1.8, 2.6, 0.9, 7.5, -3.2, -0.5, -0.6 | 88.84285250843305
-2.0, -5.0, 5.0, -2.0, 2.0, -1.0, -1.0, -1.0, 0.0, 0.0 | 55.35869521898262
-0.6, 5.5, -0.9, -1.5, 2.1, 1.5, -0.5, -2.0, -0.3, -0.5 | 161.3583331553442
-0.48, 5.38, -0.89, -1.48, 2.02, 1.38, -0.48, -2.02, -0.28, -0.48 | 148.98592836548806
-1.5, 5.5, -5.0, -4.5, 5.0, -0.5, 6.0, -5.0, -0.5, -2.0 | 72.45082228200555
-0.8, 3.6, -0.9, -1.4, 2.1, -0.1, 7.0, -2.5, 0.0, -0.5 | 81.82318715488962
-0.7, 3.5, -0.8, -1.3, 2.0, 0.7, 6.0, -2.2, -0.3, -0.6 | 78.6401133283636
-0.5, 5.0, -0.9, -1.5, 2.0, 1.5, -0.5, -2.0, -0.3, -0.1 | 149.03961776333836
-0.5, 4.5, -0.9, -1.5, 2.0, 1.4, 0.0, -2.0, -0.3, -0.4 | 150.5360125049753
-0.6, 6.0, -0.9, -1.5, 2.5, 2.0, -0.5, -2.0, -0.3, 0.0 | 105.66958293943381
-0.5, 5.7, -0.9, -1.5, 2.3, 2.0, -0.6, -2.2, -0.5, -0.5 | 145.0799572014434
-0.5, 5.5, -0.9, -1.5, 2.0, 1.3, -0.6, -2.1, -0.3, -0.4 | 172.4271840712592
-0.4, 5.1, -0.9, -1.5, 2.3, 1.5, 0.1, -1.9, -0.4, -0.4 | 137.5517722999495
-0.5, 5.5, -0.9, -1.5, 2.3, 2.0, -0.5, -2.0, -0.3, -0.4 | 149.42276843169157
0.0, -4.5, -4.5, 0.0, 0.0, -1.0, -4.5, -4.5, 0.0, 0.0 | 90.53233485219909
-0.5, 5.1, -0.8, -1.5, 2.0, 1.5, -0.5, -2.0, -0.3, -0.5 | 155.19371641863938
-0.7, 4.0, -0.9, -1.5, 2.2, -0.8, 6.6, -2.5, -0.4, -0.5 | 81.31162635878863
-0.5, 4.5, -0.9, -1.5, 2.0, 1.1, 0.0, -2.0, -0.3, -0.5 | 152.6073691062921
-0.5, 5.0, -0.9, -1.5, 2.5, -5.0, -0.5, -2.0, -0.3, -0.5 | 79.51076420913006
-0.5, 5.5, -0.9, -1.5, 2.2, 2.0, -0.5, -2.0, -0.3, -0.5 | 159.35839612206146
-1.0, 5.0, -1.0, -2.0, 2.5, 2.0, -1.0, -2.0, -0.5, -0.5 | 180.90120387296582
-0.5, 5.4, -0.9, -1.5, 2.0, 1.4, -0.5, -2.0, -0.3, -0.3 | 165.55266278386887
-0.5, 5.2, -0.9, -1.5, 2.2, 1.4, 0.0, -2.0, -0.2, -0.5 | 138.63785280922917
-0.4, 5.0, -0.9, -1.5, 2.2, 0.9, 6.5, -2.0, -0.3, -0.5 | 83.69249364308234
-0.5, 6.0, -0.9, -1.5, 3.5, 2.0, -0.6, -2.0, -0.1, -0.4 | 98.35700445993515
-1.0, 5.5, -1.5, -1.5, 3.0, 2.0, 6.0, -4.0, -1.0, -0.5 | 71.63400773434208
-0.5, 5.4, -0.9, -1.5, 2.0, 0.0, -0.5, -2.0, -0.3, -0.5 | 158.6515625352252
-0.6, 5.4, -0.9, -1.5, 2.1, 1.5, -0.5, -2.0, -0.3, -0.4 | 150.2174259171361
-0.5, 5.9, -1.0, -1.5, 2.8, 2.5, -0.5, -2.0, -0.3, -0.4 | 129.2472390673671
-0.5, 5.4, -0.9, -1.5, 2.0, 1.4, -0.5, -2.0, -0.3, -0.3 | 185.03732394553143
-1.0, 5.0, -0.9, -1.4, 2.5, 1.2, 7.0, -2.2, -0.2, -0.4 | 89.16115636877238
-0.5, 5.9, -0.9, -1.5, 2.4, 1.3, -0.5, -2.0, -0.3, -0.5 | 163.8539971057201
-0.5, 6.0, -0.9, -1.5, 2.5, 6.0, -6.0, -2.0, -6.0, -0.5 | 25.2221571992171
-0.5, 5.6, -0.85, -1.45, 2.1, 1.6, -0.55, -1.9, -0.28, -0.35 | 133.0766323639435
-0.5, 5.5, -0.9, -1.5, 2.0, 1.5, -0.5, -2.0, -0.3, -0.4 | 143.93510738691015
-0.5, 5.0, -0.9, -1.5, 2.0, 1.6, -0.5, -2.0, -0.3, -0.2 | 156.12058974432884
-0.5, 5.8, -0.9, -1.5, 2.5, 1.6, -0.5, -2.0, -0.3, -0.5 | 153.99301646724848
-0.5, 4.5, -0.9, -1.4, 2.0, 0.8, 0.0, -2.0, -0.3, -0.5 | 132.5689466541118
-0.5, 5.9, -0.9, -1.6, 2.3, 2.5, -0.5, -2.1, -0.3, -0.3 | 133.6109563836778
-1.5, 4.0, -1.0, -2.0, 3.0, 2.0, -1.0, -3.0, -0.5, -0.5 | 148.73474518056952
-0.5, 5.5, -0.9, -1.5, 2.0, 5.0, -0.5, -2.0, -0.3, -0.5 | 30.786427776198316
-0.5, 4.7, -0.9, -1.5, 2.0, 0.9, 0.0, -2.0, -0.3, -0.5 | 136.16876544463804
2.0, -2.0, 2.0, -2.0, 2.0, -2.0, 2.0, -2.0, 2.0, -2.0 | 60.16591543709384
-0.2, 5.2, -0.9, -1.5, 2.2, 1.5, -1.0, -2.0, -0.3, -0.5 | 173.61969669600938
-0.5, 5.2, -0.9, -1.5, 2.5, 1.2, 0.0, -2.0, -0.3, -0.5 | 121.12467869235597
-0.6, 5.0, -1.0, -1.5, 2.5, 1.5, -0.5, -2.0, -0.3, -0.5 | 138.87438689259773
-0.5, 5.0, -0.9, -1.5, 2.0, -5.0, -0.5, -2.0, -0.3, -0.4 | 79.91022462412397
-0.5, 5.4, -0.9, -1.5, 2.1, 1.4, -0.5, -2.0, -0.3, -0.4 | 184.56475158331045
-0.5, 5.3, -0.9, -1.5, 2.0, 1.4, -0.5, -2.0, -0.3, -0.4 | 168.45725372499615
-1.0, 5.5, -0.9, -1.5, 2.5, 1.5, -0.5, -2.0, -0.3, -0.5 | 166.38659635310682
-0.6, 5.6, -1.0, -1.5, 2.6, 2.0, -0.3, -2.5, -0.2, -0.4 | 157.1868601832923
-0.7, 5.0, -0.9, -1.5, 2.0, 1.5, -0.5, -2.0, -0.3, -0.3 | 143.8774836209101
-0.7, 3.5, -0.8, -1.3, 2.0, 0.8, 6.8, -2.0, -0.3, -0.5 | 87.35784746402034
-0.7, 3.5, -0.9, -1.4, 2.0, 1.0, 7.0, -2.5, -0.2, -0.4 | 86.88795104985408
-0.7, 5.2, -0.8, -1.3, 2.2, 1.2, 6.8, -2.4, -0.4, -0.6 | 87.45897175551346
-0.6, 3.5, -0.9, -1.2, 2.0, 0.8, 6.7, -2.0, -0.2, -0.4 | 86.47001569788539
-0.5, 5.2, -0.9, -1.5, 2.4, 1.6, -0.6, -2.2, -0.2, -0.4 | 155.78365559171345
-0.5, 5.3, -0.9, -1.5, 2.6, 1.2, 0.6, -2.0, -0.1, -0.3 | 88.34216738171365
-0.4, 5.0, -0.9, -1.5, 2.3, 1.6, -0.4, -1.9, -0.3, -0.3 | 147.81212288307552
-0.5, 4.0, -0.8, -1.4, 2.5, 1.0, 7.0, -2.5, -0.3, -0.5 | 75.73694765560771
-0.5, 5.8, -0.9, -1.5, 2.5, 1.5, 0.0, -2.0, -0.3, -0.5 | 122.94186054686381
0.1, 3.2, -0.9, -1.0, 1.5, 0.8, 7.0, -1.5, -0.3, -0.5 | 79.03718809485565
-0.5, 5.5, -0.9, -1.5, 2.0, 1.5, -0.5, -2.0, 0.0, 0.0 | 144.04218906056406
-0.6, 5.0, -0.9, -1.5, 2.1, 1.6, -0.4, -2.0, -0.2, -0.2 | 155.1541999388316
-0.5, 5.1, -0.9, -1.5, 2.4, 1.4, -0.4, -2.0, -0.3, -0.5 | 126.68464545629774
-0.5, 10.0, -1.0, -2.0, 3.0, 0.0, -1.0, -2.0, -0.5, 0.0 | 110.52449329862017
-0.4, 5.3, -0.9, -1.5, 2.3, 1.6, -0.5, -2.1, -0.3, -0.5 | 144.5709058959759
-0.5, 5.9, -1.2, -2.0, 2.5, 0.0, -0.3, -1.5, -0.2, -0.5 | 122.76063097837736
-0.5, 4.5, -0.9, -1.5, 2.0, 1.2, 0.1, -2.0, -0.3, -0.5 | 121.84123850514345
-0.2, 5.0, -1.0, -2.0, 2.0, 4.0, -1.0, -2.0, -0.5, 0.0 | 29.969384401749625
-0.6, 5.0, -0.9, -1.4, 2.5, 1.1, 7.5, -2.5, -0.4, 0.0 | 81.74620535608196
-0.5, 5.0, -0.9, -1.5, 2.5, 2.0, 0.0, -2.0, -0.3, -0.5 | 145.51131257685321
-0.9, 4.5, -1.2, -1.8, 2.5, 0.8, 6.0, -3.6, -0.2, -0.5 | 77.73354589987363
-0.7, 5.0, -0.9, -1.4, 2.2, 0.8, 6.0, -2.2, -0.4, -0.5 | 85.11767151582322
5.0, -5.0, 5.0, -5.0, 5.0, -5.0, 5.0, -5.0, 5.0, -5.0 | 58.33224954811105
-0.5, 5.5, -0.9, -1.5, 2.2, 1.6, -0.5, -2.0, -0.2, -0.5 | 151.52160254414602
-0.5, 5.6, -0.9, -1.5, 2.6, 1.3, -0.2, -2.1, -0.3, -0.5 | 111.32490953411772
-0.5, 5.0, -2.0, -1.5, 4.0, 1.5, -0.5, -2.0, -0.3, -0.5 | 83.80546380017218
-0.5, 5.4, -0.9, -1.5, 2.0, 1.4, -0.5, -2.0, -0.3, -0.3 | 171.72708379258347
-0.6, 5.5, -0.9, -1.5, 2.5, 1.5, -0.5, -2.0, -0.3, -0.5 | 147.1068830286909
-0.5, 6.0, -0.9, -1.5, 3.0, 2.0, 0.0, -2.0, -0.3, 0.0 | 83.1257391444331
-0.5, 5.5, -0.9, -1.5, 2.0, 5.0, -5.0, -5.0, -0.3, -0.5 | 25.283512076369743
-0.5, 5.0, -0.9, -1.5, 3.0, 2.0, -0.5, -2.0, -0.3, -0.5 | 113.72297249925353
-0.7, 3.5, -0.8, -1.3, 2.0, 0.8, 6.7, -2.2, -0.3, 0.0 | 90.45688245651048
-0.7, 4.0, -0.8, -1.3, 2.2, 0.9, 6.5, -2.0, -0.3, -0.5 | 83.29499236808107
0.5, 5.0, -0.9, -1.5, 2.0, 1.5, -0.5, -2.0, -0.3, -0.5 | 150.15526293468605
0.5, 4.9, -0.5, -0.5, 0.0, 2.5, 1.0, 0.0, 0.0, 0.0 | 38.46925105944736
5.8, -5.9, 5.6, -5.2, 5.0, -5.5, 5.9, -5.2, 5.1, -5.0 | 60.166123354640604
-0.5, 5.5, -0.9, -2.0, 3.5, 1.5, -0.5, -2.5, -0.5, -0.6 | 101.45323314564104
-0.5, 5.0, -0.9, -1.5, 2.5, 1.5, -1.0, -2.0, -0.3, -0.5 | 164.83605921509232
-1.0, 6.0, -1.5, -2.0, 3.0, 2.5, -1.0, -3.0, -1.0, 0.0 | 103.76911805146385
-0.5, 4.5, -0.9, -1.5, 2.0, 1.2, 0.0, -2.0, -0.3, -0.5 | 136.74698861985758
-0.5, 5.5, -0.9, -1.5, 2.0, 1.4, -0.5, -2.0, -0.3, -0.4 | 159.3736404755597
-0.5, 5.2, -0.9, -1.5, 2.0, 1.5, -0.5, -2.0, -0.3, -0.4 | 154.6207148278639
-0.6, 5.5, -0.9, -1.6, 2.1, 1.5, -0.5, -2.0, -0.3, -0.4 | 155.19462119305777
-0.5, 5.0, -0.9, -1.2, 2.3, 1.0, 6.0, -3.0, -0.5, -1.1 | 82.39630307532082
2.5, -3.7, 1.2, -4.8, 3.0, -2.1, 2.8, -5.5, 4.2, -1.9 | 64.13757360082545
0.0, 6.0, -6.0, -2.0, 3.0, -5.0, 6.0, -5.0, -2.0, 0.0 | 71.56702992993276
-0.51, 5.01, -0.91, -1.51, 2.01, 1.51, -0.51, -2.01, -0.31, -0.51 | 168.8527978472992
-0.5, 5.9, -0.9, -1.5, 2.4, 1.7, 0.0, -2.0, -0.3, -0.5 | 140.97086199996502
5.0, -5.0, 5.0, -5.0, 5.0, -5.0, 5.0, -5.0, 5.0, -5.0 | 55.55480602696231
-0.8, 3.2, -0.9, -1.2, 2.2, 1.2, 6.4, -2.4, -0.4, -0.5 | 71.66503558323748
-0.5, 5.1, -0.9, -1.5, 2.0, 1.5, -0.5, -2.0, -0.3, -0.4 | 147.91511093458388
-0.4, 5.6, -0.8, -1.4, 2.6, 2.2, -0.6, -2.0, -0.2, -0.4 | 145.73104550666935
-1.0, 5.0, -1.0, -1.0, 2.0, 0.5, 7.0, -2.5, -0.3, -0.5 | 86.4232863776873
-0.7, 3.4, -0.8, -1.3, 2.0, 1.0, 6.8, -2.0, -0.2, -0.4 | 82.32983881733878
-0.5, 4.8, -1.6, -2.0, 2.5, 1.0, 6.0, -5.0, -0.4, -0.5 | 91.68874843049113
-0.2, 5.5, -0.9, -1.5, 2.4, 1.6, -1.0, -2.0, -0.3, -0.5 | 150.66847170317257
-0.5, 5.0, -0.9, -1.5, 2.0, 1.8, 0.5, -2.0, -0.3, -0.5 | 126.1953105897865
-0.5, 5.4, -0.8, -1.5, 2.0, 1.4, -0.5, -2.0, -0.3, -0.4 | 150.2460588989999
-0.5, 6.0, -0.9, -1.5, 3.0, 1.5, 0.2, -2.0, -0.3, -0.5 | 83.69000253649321
-0.6, 5.0, -0.9, -1.5, 2.0, 1.5, -0.6, -2.0, -0.2, -0.5 | 147.8325051433274
6.0, 6.0, -6.0, 6.0, -6.0, 6.0, 6.0, -6.0, 6.0, -6.0 | 67.42380919584892
-0.5, 4.0, -0.9, -1.3, 2.5, 0.9, 7.0, -2.2, -0.3, -0.5 | 89.27416089575362
-0.5, 4.5, -0.9, -1.5, 2.0, 1.2, -0.4, -2.0, -0.3, -0.4 | 162.80386881185055
-0.7, 3.5, -0.8, -1.3, 2.0, 0.8, 6.0, -2.0, -0.2, 0.0 | 84.54670478840461
-2.0, 5.5, -2.0, -2.0, 3.0, 1.5, 6.0, -4.0, -0.5, -0.5 | 83.24513981598878
-0.7, 6.0, -1.2, -1.6, 2.8, 2.0, -1.0, -2.5, -0.5, -0.5 | 127.36051308186389
-0.3, 5.2, -0.9, -1.5, 2.3, 1.3, -0.6, -2.1, -0.2, -0.5 | 163.28023852808164
-4.0, 6.0, -4.5, -2.5, 3.5, 5.5, -3.5, -5.0, 2.0, -1.5 | 47.654169339474436
-4.0, 4.0, -4.0, -4.0, 4.0, 4.0, -4.0, -4.0, -4.0, -4.0 | 22.730487746124055
-0.5, 4.5, -0.9, -1.5, 2.0, 1.6, -0.5, -2.0, -0.3, -0.5 | 159.0482547387176
-0.4, 5.5, -0.9, -1.5, 2.6, 1.1, 6.0, -2.3, -0.4, -0.4 | 81.30453385531145
-0.6, 3.4, -0.8, -1.3, 2.0, 0.9, 6.8, -2.2, -0.3, -0.5 | 74.41973269012257
-0.5, 3.6, -0.9, -1.4, 2.2, 0.9, 7.2, -2.8, -0.4, -0.5 | 77.31032563598669
-0.5, 4.6, -0.9, -1.5, 2.0, 0.9, 0.0, -2.0, -0.3, -0.5 | 150.4180689496538
-0.5, 5.0, -0.9, -1.5, 2.0, 1.4, -0.5, -2.0, -0.1, -0.5 | 163.88219406275783
-0.5, 5.5, -0.9, -1.5, 2.5, 1.4, -0.5, -2.0, -0.3, -0.5 | 133.12979772488387
-0.5, 5.0, -0.9, -1.5, 2.0, 2.0, -0.5, -2.0, -0.3, -0.5 | 160.28039793420638
-0.5, 5.0, -0.9, -1.5, 2.0, 1.5, -0.5, -2.0, -0.3, -0.5 | 153.4671587563924
-0.7, 3.5, -0.9, -1.4, 2.3, 1.0, 6.8, -2.2, -0.3, 0.0 | 72.00395437329217
-0.5, 5.5, -0.9, -1.5, 2.0, 1.5, -0.5, -2.0, -0.3, -0.5 | 155.68399199111326
-2.0, 5.5, -0.9, -1.5, 2.5, 3.0, -0.5, -2.5, -0.3, -0.5 | 142.9539766052711
-0.5, 6.0, -0.9, -1.5, 2.6, 2.0, -0.5, -2.0, -0.3, -1.1 | 167.2795669553872
-0.6, 5.8, -1.0, -1.4, 2.4, 1.2, 6.2, -2.6, -0.3, -0.4 | 85.15822848711721
-0.5, 5.2, -0.9, -1.4, 2.5, 0.8, 0.0, -2.0, -0.2, -0.5 | 114.08242535227797
-0.7, 4.0, -0.8, -1.3, 2.2, 0.9, 6.5, -2.0, -0.3, -0.5 | 77.6666599249326
-0.45, 5.4, -0.9, -1.5, 2.0, 1.5, -0.5, -2.0, -0.3, -0.4 | 174.62336184018255
-0.5, 5.5, -0.9, -1.5, 2.5, 1.2, 0.0, -6.0, -0.3, -0.5 | 104.06440945878428
-0.6, 4.0, -1.2, -1.5, 2.5, 0.9, 6.0, -2.5, -0.3, -0.5 | 83.27696039845927
0.0, 6.0, -1.0, -1.5, 2.0, -1.5, -5.0, -5.0, 0.0, 0.0 | 123.82344388099759
-0.5, 5.4, -0.9, -1.5, 2.0, 1.4, -0.5, -2.0, -0.3, -0.4 | 188.0338497369907
-0.5, 5.4, -0.9, -1.5, 2.0, 1.4, -0.5, -2.0, -0.3, -0.3 | 152.43051267439165
-0.5, 5.5, -0.9, -1.5, 2.0, 1.4, -0.5, -2.0, -0.3, -0.4 | 170.06438093875715
-0.5, 5.5, -0.9, -1.5, 2.1, 1.5, -0.5, -2.1, -0.2, -0.3 | 141.16107834258395
-0.5, 5.0, -0.9, -1.5, 2.0, 1.0, 0.0, -2.0, -0.3, -0.5 | 134.70383316872878
-0.2, 5.1, -0.9, -1.5, 2.6, 1.6, 0.0, -2.0, -0.3, -0.5 | 131.12930815629596
-0.5, 5.4, -0.9, -1.5, 2.0, 1.4, -0.5, -2.0, -0.3, -0.35 | 169.62052607284778
-0.5, 4.7, -0.9, -1.5, 2.1, 1.3, -0.5, -2.0, -0.3, -0.5 | 172.02735614279874
-0.7, 3.4, -0.8, -1.3, 2.0, 0.6, 6.6, -2.1, -0.2, -0.4 | 85.02974561560002
-2.0, 5.0, -0.9, -1.5, 2.5, 2.0, -0.5, -2.0, -0.3, -0.5 | 157.98376243133583
-0.2, 5.0, -0.9, -1.5, 2.2, 1.4, 0.0, -2.0, -0.3, -0.5 | 182.68348888259422
-0.6, 5.4, -0.9, -1.5, 2.5, 1.5, -1.0, -3.0, -0.3, -0.4 | 124.18348143164621
-0.7, 3.4, -0.8, -1.3, 2.0, 0.8, 6.8, -2.2, -0.4, -0.4 | 77.53637261216849
-0.5, 5.5, -0.9, -1.5, 2.5, 1.5, 0.0, -2.0, 0.0, 0.0 | 100.31033371398568
5.0, -5.0, 5.0, -5.0, 5.0, -5.0, 5.0, -5.0, 5.0, -5.0 | 58.40944406831155
-0.5, 4.5, -1.3, -1.1, 2.4, 0.9, 6.0, -2.5, -0.2, -0.5 | 74.36522690795478
-0.5, 6.0, -0.9, -1.5, 2.0, 1.5, -0.5, -2.0, -0.3, -0.4 | 159.55194126972225
2.0, -3.0, 3.0, 3.0, -2.0, -1.0, 1.0, 2.0, 1.0, 0.0 | 22.110214586502938
-0.6, 5.0, -0.9, -1.5, 2.0, 1.5, -0.5, -2.0, -0.3, -0.4 | 175.77153236563402
-0.7, 3.4, -0.8, -1.3, 1.9, 0.9, 6.8, -2.0, -0.3, -0.5 | 83.20457686414792
-0.5, 4.5, -0.9, -1.5, 2.0, 1.2, -1.0, -2.0, -0.3, -0.4 | 163.52913444889492
0.0, -5.5, 5.5, -3.0, 3.0, 0.5, 6.0, -6.0, 0.0, -0.5 | 80.43513172534077
-0.5, 5.0, -0.9, -1.4, 2.0, 1.0, 0.0, -2.0, -0.2, -0.5 | 122.55539354368298
-0.5, 4.5, -0.9, -1.5, 2.0, 1.3, -0.5, -2.0, -0.3, -0.5 | 159.79893384832087
-0.5, 6.0, -1.4, -1.2, 2.8, 0.7, 6.0, -3.2, -0.5, -0.5 | 78.11868905298314
-0.5, 6.0, -0.9, -1.5, 2.5, 2.0, -0.5, -2.0, -0.3, -0.5 | 134.5941083640189
-0.5, 4.5, -0.9, -1.5, 2.0, 1.1, -0.5, -2.0, -0.3, -0.5 | 173.25400792895653
