0.0, -3.0, 0.0, 0.0, 2.6, 7.8, 0.0, -5.0, 0.0 | -126.65 | 4
0.0, -5.0, 0.0, 0.0, 2.5, 7.5, 0.0, -5.0, 0.0 | -132.6 | 3
0.0, -3.0, 0.0, 0.0, 3.35, 7.5, 0.0, -4.5, 0.0 | -131.2 | 3
0.0, -5.0, 0.0, 0.0, 3.0, 7.0, 0.0, -5.0, 0.0 | -123.3 | 4
0.0, -3.0, 0.0, 0.0, 2.6, 7.5, -0.5, -5.0, 0.0 | -200.0 | 1
0.0, -3.0, 0.0, 0.0, 3.4, 7.5, 0.0, -4.6, 0.0 | -111.6 | 4
0.0, -4.0, 0.0, 0.0, 2.5, 7.0, 0.0, -5.0, 0.2 | -200.0 | 1
0.1, -3.0, 0.0, 0.0, 2.6, 7.5, 0.0, -5.0, 0.0 | -131.35 | 3
0.0, -5.0, 0.0, 0.0, 2.6, 7.0, 0.0, -5.0, 0.0 | -149.85 | 3
0.0, -4.0, 0.0, 0.0, 2.5, 7.0, 0.0, -5.0, 0.0 | -119.6 | 4
0.0, -5.0, 0.0, -6.0, 1.0, 6.0, 0.0, -5.0, 0.0 | -125.65 | 4
0.0, -5.0, 0.0, 0.0, 0.0, 6.0, 0.0, -5.0, 0.0 | -127.15 | 4
0.0, -3.0, 0.0, 0.0, 3.2, 7.5, 0.0, -4.6, 0.0 | -135.3 | 3
0.0, -3.0, 0.0, 0.0, 2.6, 7.5, -1.0, -5.0, 0.0 | -200.0 | 1
0.0, -5.0, 0.0, 0.0, 2.0, 7.0, 0.0, -5.0, 0.0 | -140.85 | 3
0.0, -3.0, 0.0, 0.0, 2.6, 7.5, 0.0, -5.0, 0.0 | -124.7 | 4
0.0, -3.0, 0.5, 0.0, 2.6, 7.5, 0.0, -5.0, 0.0 | -200.0 | 1
0.0, -5.0, 0.0, 0.0, 2.6, 6.0, 0.0, -5.0, 0.0 | -133.1 | 3
0.0, -3.0, 0.0, 0.0, 2.8, 7.0, 0.0, -4.0, 0.0 | -131.9 | 3
0.0, -3.0, 0.0, 0.0, 2.6, 7.5, -1.0, -5.0, 0.0 | -200.0 | 1
0.0, -4.0, 0.0, 0.0, 2.5, 5.8, 0.2, -5.0, -0.2 | -200.0 | 1
0.0, -5.0, 0.0, 0.0, 2.5, 7.1, 0.0, -5.0, 0.0 | -138.2 | 3
0.0, -3.0, 1.0, 0.0, 2.6, 7.5, 0.0, -5.0, 0.0 | -200.0 | 1
0.5, -3.0, 0.0, 0.0, 2.6, 7.5, 0.0, -4.0, 0.0 | -200.0 | 1
0.0, -3.0, 0.0, 0.0, 2.6, 7.5, 0.0, -5.0, 1.0 | -200.0 | 1
0.0, -2.0, 0.0, 0.0, 2.6, 7.5, 0.0, -5.0, 0.0 | -133.4 | 3
0.0, -5.0, 0.0, -6.0, 5.0, 6.0, 0.0, -5.0, 0.0 | -124.3 | 4
0.0, -3.0, 0.0, 0.0, 2.6, 7.5, 0.0, -5.0, 0.0 | -112.75 | 4
0.0, -2.9, 0.0, 0.0, 2.6, 7.5, 0.0, -5.0, 0.0 | -129.4 | 4
0.0, -3.0, 0.0, 0.0, 3.37, 7.45, 0.0, -4.5, 0.0 | -128.05 | 4
0.0, -5.0, 0.0, 0.0, 2.5, 7.0, 0.0, -5.0, 0.5 | -200.0 | 1
0.0, -3.0, 0.0, 0.0, 2.6, 8.0, 0.0, -5.0, 0.0 | -131.35 | 3
0.0, -3.0, 0.0, 0.0, 2.6, 7.4, 0.0, -5.0, 0.5 | -200.0 | 1
0.0, -3.0, 0.0, 0.0, 3.4, 7.5, 0.5, -4.6, 0.0 | -200.0 | 1
0.0, -5.0, 0.0, 0.0, 2.5, 7.0, 0.0, -5.0, -0.5 | -200.0 | 1
-0.5, -5.0, 0.0, -6.0, 0.5, 6.0, 0.0, -5.0, 0.0 | -200.0 | 1
-0.5, -4.0, 0.0, 0.0, 2.5, 6.0, 0.0, -5.0, 0.0 | -200.0 | 1
0.5, -3.0, 0.0, 0.0, 3.4, 7.5, 0.0, -4.5, 0.0 | -200.0 | 1
0.0, -3.0, 0.0, 0.0, 2.5, 7.5, 0.0, -5.0, 0.0 | -130.9 | 3
0.0, -3.9, 0.0, 0.0, 2.5, 7.0, 0.0, -5.0, 0.0 | -134.4 | 3
0.0, -6.0, 0.0, 0.0, 2.5, 6.0, 0.0, -5.0, 0.0 | -143.2 | 3
0.0, -5.0, 0.0, 0.0, 2.5, 6.0, -1.0, -5.0, 0.0 | -200.0 | 1
0.0, -3.0, 0.0, 0.0, 3.4, 7.4, 0.0, -4.5, 0.0 | -120.7 | 4
-1.0, -5.0, 0.0, -6.0, 1.0, 6.0, 0.0, -5.0, 0.0 | -200.0 | 1
0.0, -2.9, 0.0, 0.0, 2.6, 7.5, 0.0, -5.0, 0.0 | -130.0 | 3
0.0, -3.0, 0.0, 0.0, 6.0, 6.0, 0.0, -5.0, 0.0 | -141.05 | 3
0.0, -5.0, 0.0, 0.0, 2.0, 6.0, 0.0, -5.0, 0.0 | -124.6 | 4
0.0, -3.0, 0.0, 0.1, 3.4, 7.5, 0.0, -4.5, 0.0 | -122.0 | 4
0.0, -3.0, 0.0, 0.0, 3.4, 7.5, 0.0, -4.7, 0.0 | -141.75 | 3
-1.0, -3.0, 0.0, 0.0, 2.6, 7.5, 0.0, -5.0, 0.0 | -200.0 | 1
0.0, -3.0, 0.0, 0.0, 3.0, 7.5, 0.0, -4.0, 0.0 | -135.5 | 3
0.0, -4.2, 0.0, 0.0, 2.5, 7.0, 0.0, -5.0, 0.0 | -124.3 | 4
0.0, -4.0, 0.0, 0.0, 2.5, 7.0, 0.0, -5.0, 0.1 | -181.8 | 1
0.0, -3.0, 0.0, 0.0, 3.45, 7.45, 0.0, -4.45, 0.0 | -118.9 | 4
0.0, -3.0, 0.0, 0.0, 2.6, 7.5, 0.5, -5.0, 0.0 | -200.0 | 1
0.0, -5.0, 1.0, 0.0, 2.5, 7.0, 0.0, -5.0, 0.0 | -200.0 | 1
0.0, -5.0, 0.0, -5.0, 2.5, 7.0, -1.0, -5.0, 0.0 | -200.0 | 1
0.0, -3.0, 0.0, 0.0, 2.6, 7.6, 0.0, -5.0, 0.0 | -128.95 | 4
-1.0, -5.0, 0.0, 0.0, 3.0, 6.0, 0.0, -5.0, -1.0 | -200.0 | 1
1.0, -3.0, 0.0, 0.0, 2.6, 7.5, 0.0, -5.0, 0.0 | -200.0 | 1
0.0, -5.0, 0.0, 0.0, 0.0, 6.0, 0.0, -6.0, 0.0 | -130.7 | 3
-1.0, -5.0, 0.0, -6.0, 1.0, 6.0, 0.0, -5.0, 0.0 | -200.0 | 1
-0.5, -5.0, 0.0, 0.0, 2.5, 7.0, 0.0, -5.0, 0.0 | -200.0 | 1
0.0, -4.0, 0.0, 0.0, 3.0, 6.0, 0.0, -5.0, 0.0 | -131.6 | 3
0.0, -5.0, 0.0, 0.0, 2.5, 8.0, 0.0, -5.0, 0.0 | -140.25 | 3
0.0, -4.0, 0.0, 0.0, 0.0, 0.0, 0.0, 4.0, 0.0 | -200.0 | 1
1.0, -3.0, 0.0, 0.0, 2.6, 7.5, 0.0, -5.0, 0.0 | -200.0 | 1
-5.0, -5.0, 0.0, -6.0, 5.0, 6.0, 0.0, -5.0, 0.0 | -200.0 | 1
0.0, -5.0, 0.0, 0.0, 2.5, 7.2, 0.0, -5.0, 0.0 | -136.9 | 3
-1.0, -5.0, 0.0, 0.0, 2.5, 6.0, 0.0, -5.0, 0.5 | -200.0 | 1
0.0, -3.8, 0.0, 0.0, 2.5, 6.0, 0.0, -5.0, 0.0 | -133.6 | 3
0.0, -3.0, 0.0, 0.0, 2.6, 6.5, 0.0, -5.0, 0.0 | -124.5 | 4
0.0, -3.0, 0.0, 0.0, 2.7, 7.6, 0.0, -5.0, 0.5 | -200.0 | 1
0.0, -5.0, 0.0, 0.0, 2.5, 7.5, 0.0, -5.0, 0.0 | -128.7 | 4
0.0, -5.0, 0.0, -6.0, 0.0, 6.0, 0.0, -5.0, 0.0 | -126.3 | 4
1.0, -6.0, 0.0, 0.0, 0.0, 6.0, -1.0, -5.0, 0.0 | -200.0 | 1
0.0, -3.0, 0.0, 0.0, 3.0, 8.0, 0.0, -3.0, 0.0 | -136.05 | 3
0.0, -5.0, 0.0, 0.0, 2.4, 6.0, 0.0, -5.0, 0.0 | -121.4 | 4
0.0, -4.0, 0.0, 0.0, 2.5, 7.0, 0.0, -5.5, 0.0 | -138.25 | 3
0.0, -3.1, 0.0, 0.0, 2.6, 7.5, 0.0, -5.0, 0.0 | -129.9 | 3
0.2, -3.0, 0.0, 0.0, 2.6, 7.5, 0.0, -5.0, 0.0 | -144.4 | 3
0.0, -3.0, 0.0, 0.0, 2.6, 7.5, 0.0, -5.0, 0.1 | -166.9 | 2
0.0, -3.0, 0.0, 0.0, 2.6, 7.6, 0.0, -4.0, 0.0 | -129.7 | 4
-1.0, -5.0, 0.0, 0.0, 2.5, 7.0, 0.0, -5.0, 0.0 | -200.0 | 1
0.0, -3.0, 0.0, 0.0, 2.6, 7.5, 0.5, -5.0, 0.0 | -200.0 | 1
-1.0, -4.0, 0.0, 0.0, 2.5, 6.0, 0.0, -5.0, 0.0 | -200.0 | 1
1.0, -5.0, 0.0, -6.0, -1.0, 6.0, 0.0, -5.0, 0.0 | -200.0 | 1
-2.0, -5.0, 0.0, -6.0, 2.0, 6.0, 0.0, -5.0, 0.0 | -200.0 | 1
0.0, -4.0, 0.0, 0.0, 2.55, 6.0, 0.0, -5.0, 0.0 | -132.05 | 3
-1.0, -5.0, 0.0, -5.0, 2.5, 6.0, 0.0, -5.0, 0.0 | -200.0 | 1
0.0, -3.0, 0.0, 0.0, 2.5, 7.0, 0.0, -5.5, 0.0 | -127.8 | 4
0.0, -3.0, 0.0, 0.0, 3.0, 7.5, 0.0, -5.0, 0.0 | -131.6 | 3
0.0, -3.0, 0.0, 0.0, 2.6, 7.5, 0.0, -3.8, 0.0 | -123.45 | 4
0.0, -4.0, 0.0, 0.0, 2.5, 8.0, 0.0, -5.0, 0.0 | -131.85 | 3
0.0, -4.2, 0.0, 0.0, 2.3, 6.0, 0.0, -5.0, 0.0 | -137.6 | 3
0.0, -3.0, 0.0, 0.0, 2.6, 7.5, 0.0, -5.0, 0.2 | -200.0 | 1
1.0, -3.0, 0.0, 0.0, 2.6, 7.5, 0.0, -5.0, 0.0 | -200.0 | 1
0.0, -5.0, 0.0, 0.0, 2.5, 6.8, 0.0, -5.0, 0.0 | -129.0 | 4
0.0, -3.0, 0.0, 0.0, 3.7, 7.5, 0.0, -5.0, 0.0 | -137.2 | 3
-0.5, -3.0, 0.0, 0.0, 2.6, 7.5, 0.0, -5.0, 0.0 | -200.0 | 1
0.0, -3.0, 0.0, 0.0, 2.6, 7.5, 0.0, -5.0, 0.0 | -124.4 | 4
0.0, -6.0, 0.0, -6.0, 0.0, 6.0, 0.0, -4.0, 0.0 | -156.0 | 2
0.0, -3.0, 0.0, 0.0, 3.4, 7.5, 0.0, -4.6, 0.5 | -200.0 | 1
-0.5, -5.0, 0.0, 0.0, 2.5, 7.0, 0.0, -5.0, 0.0 | -200.0 | 1
0.0, -3.0, 0.0, 0.5, 3.4, 7.5, 0.0, -4.5, 0.0 | -121.35 | 4
0.0, -5.0, 0.0, 0.0, 2.5, 7.0, 0.0, -5.0, 0.5 | -200.0 | 1
0.0, -3.0, 0.0, 0.0, 5.0, 6.0, 0.0, -5.0, 0.0 | -128.75 | 4
-1.0, -3.0, 0.0, 0.0, 3.5, 7.5, 0.0, -4.5, 0.0 | -200.0 | 1
0.0, -5.0, 0.0, 0.0, 0.5, 6.0, 0.0, -5.0, 0.0 | -131.45 | 3
-0.5, -5.0, 0.0, 0.0, 2.5, 6.0, 0.0, -5.0, 0.0 | -200.0 | 1
0.0, -3.0, 0.0, 0.0, 2.6, 7.5, 0.0, -5.0, 0.0 | -115.15 | 4
0.0, -3.0, 0.0, 0.0, 2.6, 7.5, 0.0, -6.0, 0.0 | -120.8 | 4
0.0, -5.0, 0.0, 0.0, 2.5, 7.0, 0.0, -5.0, -1.0 | -200.0 | 1
0.0, -5.0, 0.0, 0.0, 2.6, 6.0, 0.0, -5.0, 0.0 | -132.15 | 3
0.0, -2.0, 0.0, 0.0, 3.4, 7.5, 0.0, -4.5, 0.0 | -131.9 | 3
0.0, -4.0, 0.0, 0.0, 2.5, 6.0, 0.0, -5.0, 0.0 | -117.85 | 4
0.0, -4.0, 0.0, 0.0, 2.5, 6.9, 0.0, -5.0, 0.0 | -126.8 | 4
0.0, -4.0, 0.0, 0.0, 2.5, 7.0, 0.0, -5.0, 0.0 | -135.95 | 3
0.0, -5.0, 0.0, 0.0, 2.5, 7.0, 0.0, -5.0, 0.0 | -115.65 | 4
0.0, -3.1, 0.0, 0.0, 3.6, 7.5, 0.0, -5.0, 0.0 | -123.3 | 4
0.0, -5.0, 0.0, -1.0, 2.5, 7.0, 0.0, -5.0, 0.0 | -123.55 | 4
0.0, -4.0, 0.0, 0.0, 2.5, 5.5, 0.0, -5.0, 0.0 | -126.5 | 4
0.0, -2.9, 0.0, 0.0, 3.4, 7.5, 0.0, -4.5, 0.0 | -126.85 | 4
0.0, -3.5, 0.0, 0.0, 2.6, 7.5, 0.0, -5.0, 0.0 | -129.1 | 4
0.0, -3.0, 0.0, 0.0, 3.4, 7.6, 0.0, -4.6, 0.0 | -127.7 | 4
0.0, -2.8, 0.0, 0.0, 2.5, 7.0, 0.0, -5.0, 0.0 | -129.15 | 4
0.0, -5.0, 1.0, -1.0, 2.5, 7.0, 0.0, -5.0, 0.0 | -200.0 | 1
0.0, -2.5, 0.0, 0.0, 2.6, 7.5, 0.0, -5.0, 0.0 | -124.3 | 4
-1.0, 0.0, 0.0, 0.0, 1.0, 6.0, 0.0, -6.0, 0.0 | -200.0 | 1
0.0, -4.0, 0.0, 0.0, 3.6, 7.5, 0.0, -5.0, 0.0 | -121.7 | 4
0.0, -3.0, 0.0, 0.0, 3.5, 7.5, 0.0, -4.4, 0.0 | -132.6 | 3
0.0, -3.0, 0.0, 0.0, 2.7, 7.4, 0.0, -5.0, 0.0 | -123.4 | 4
0.0, -4.0, 0.0, 0.0, 2.8, 6.0, 0.0, -5.0, 0.0 | -140.3 | 3
0.0, -3.0, 0.0, 0.0, 2.5, 7.0, 0.0, -5.0, 0.0 | -132.55 | 3
0.0, -3.0, 0.0, 0.0, 3.4, 7.5, 0.0, -4.6, 1.0 | -200.0 | 1
0.0, -3.0, 0.0, -0.5, 2.6, 7.5, 0.0, -5.0, 0.0 | -137.95 | 3
0.0, -3.0, 0.0, 0.0, 3.5, 7.5, 0.0, -4.5, 0.0 | -123.55 | 4
0.0, -3.0, 0.0, 0.0, 2.6, 7.5, 0.0, -5.0, 0.0 | -141.2 | 3
-0.5, -3.0, 0.0, 0.0, 2.6, 7.5, 0.0, -4.0, 0.0 | -200.0 | 1
0.0, -3.0, 0.0, 0.0, 2.6, 7.5, 1.0, -5.0, 0.0 | -200.0 | 1
-0.1, -3.0, 0.0, 0.0, 2.6, 7.5, 0.0, -5.0, 0.0 | -143.45 | 3
0.0, -3.0, 0.0, 0.0, 3.4, 7.2, 0.0, -4.5, 0.0 | -127.9 | 4
0.0, -5.0, 0.0, 0.0, 2.5, 7.0, 0.0, -5.0, 0.5 | -200.0 | 1
-1.0, -5.0, 0.0, -6.0, 1.0, 6.0, 0.0, -5.0, 1.0 | -200.0 | 1
0.0, -5.0, 0.0, 0.0, 2.0, 7.0, 0.0, -5.0, 0.0 | -133.2 | 3
-1.0, -3.0, 0.0, 0.0, 2.6, 7.5, 0.0, -5.0, 0.0 | -200.0 | 1
0.0, -3.0, 0.0, 0.0, 3.6, 7.5, 0.0, -5.1, 0.0 | -129.3 | 4
-1.0, -3.0, 0.0, 0.0, 2.6, 7.5, 0.0, -5.0, 0.0 | -200.0 | 1
0.0, -2.8, 0.0, 0.0, 2.6, 7.5, 0.0, -5.0, 0.0 | -132.05 | 3
0.0, -4.0, 0.0, 0.0, 2.5, 5.5, 0.0, -5.0, 0.0 | -124.75 | 4
0.5, -5.0, 0.0, 0.0, 2.5, 7.0, 0.0, -5.0, 0.0 | -200.0 | 1
0.0, -3.0, 0.0, 0.0, 2.6, 7.5, 0.0, -5.0, 0.5 | -200.0 | 1
0.0, -3.0, 0.0, 0.0, 3.3, 7.5, 0.0, -4.5, 0.0 | -136.1 | 3
0.0, -3.0, 0.0, 0.5, 2.6, 7.5, 0.0, -5.0, 0.0 | -130.25 | 3
0.0, -5.0, 0.0, 0.0, 3.0, 6.0, 0.0, -5.0, 0.0 | -125.75 | 4
1.0, -4.0, 0.0, 0.0, 2.5, 6.0, 0.0, -5.0, 0.0 | -200.0 | 1
0.0, -2.5, 0.0, 0.0, 3.4, 7.5, 0.0, -4.5, 0.0 | -133.2 | 3
-1.0, -6.0, 0.0, 0.0, 3.0, 6.0, 0.0, -5.0, 0.0 | -200.0 | 1
0.0, -3.0, 0.0, 0.0, 6.0, 6.0, 0.0, -5.0, 0.5 | -200.0 | 1
1.0, -5.0, 0.0, 0.0, 2.5, 7.0, 0.0, -5.0, 0.0 | -200.0 | 1
0.0, -5.0, 0.0, 0.0, 0.0, 6.0, 0.0, -5.0, -1.0 | -200.0 | 1
0.0, -3.0, 0.0, 0.0, 2.6, 6.5, 0.0, -5.0, 0.0 | -128.4 | 4
0.0, -4.0, 0.0, 0.0, 2.5, 6.0, 0.0, -4.0, 0.0 | -151.1 | 3
-3.0, -3.0, 0.0, 0.0, 3.0, 3.0, 0.0, 0.0, 0.0 | -200.0 | 1
0.0, -6.0, 0.0, 0.0, 3.0, 6.0, 0.0, -5.0, 0.0 | -139.4 | 3
0.0, -3.0, 0.0, 0.6, 3.4, 7.5, 0.0, -4.5, 0.0 | -125.7 | 4
0.0, -5.0, 0.0, 0.0, 3.5, 6.0, 0.0, -5.0, 0.0 | -137.2 | 3
1.0, -3.0, 0.0, 0.0, 3.4, 7.5, 0.0, -4.5, 0.0 | -200.0 | 1
-1.0, -5.0, 0.0, -6.0, 0.0, 6.0, 0.0, -5.0, 0.0 | -200.0 | 1
0.0, -3.0, 0.0, 0.0, 2.6, 8.5, 0.0, -5.0, 0.0 | -127.25 | 4
-1.0, -5.0, 0.0, 0.0, 1.0, 6.0, 0.0, -5.0, 0.0 | -200.0 | 1
0.0, -3.2, 0.0, 0.0, 2.6, 7.5, 0.0, -5.0, 0.0 | -128.25 | 4
0.0, -3.5, 0.0, 0.0, 2.5, 6.0, 0.0, -5.0, 0.0 | -127.35 | 4
0.0, -3.0, 0.0, 0.0, 2.6, 7.5, 0.0, -4.1, 0.0 | -131.75 | 3
0.0, -5.0, 0.0, -6.0, 3.5, 6.0, 0.0, -5.0, 0.0 | -134.95 | 3
0.0, -4.0, 0.0, 0.0, 3.4, 7.5, 0.0, -4.5, 0.0 | -134.95 | 3
0.5, -3.0, 0.0, 0.0, 2.5, 7.5, 0.0, -4.0, 0.0 | -200.0 | 1
0.0, -3.0, 0.0, 1.0, 2.6, 7.5, 0.0, -5.0, 0.0 | -123.2 | 4
-0.5, -4.0, 0.0, 0.0, 2.5, 7.0, 0.0, -5.0, 0.0 | -200.0 | 1
0.0, -5.0, 0.0, 0.0, 3.5, 7.0, 0.0, -5.0, 0.0 | -129.7 | 4
0.0, -3.0, 0.0, 0.0, 3.4, 7.5, 0.5, -4.5, 0.0 | -200.0 | 1
0.0, -3.0, 0.0, 0.0, 3.6, 7.5, 0.0, -5.0, 0.0 | -118.15 | 4
0.0, -4.0, 0.0, 0.0, 2.5, 5.9, 0.0, -5.0, 0.0 | -133.85 | 3
0.0, -3.0, 0.0, 0.0, 3.4, 7.5, 0.0, -4.5, 0.0 | -126.85 | 4
0.0, -4.0, 0.0, 0.0, 2.5, 5.9, 0.0, -5.0, 0.0 | -144.3 | 3
0.0, -3.0, 0.0, 0.0, 3.4, 8.0, 0.0, -4.5, 0.0 | -122.4 | 4
0.0, -3.0, 0.0, 0.0, 3.4, 7.5, 0.0, -4.5, 0.5 | -200.0 | 1
0.0, -3.0, 0.0, 0.0, 3.4, 7.5, 0.0, -5.6, 0.0 | -138.4 | 3
0.0, -3.5, 0.0, 0.0, 2.6, 7.5, 0.0, -5.0, 0.0 | -149.3 | 3
0.0, -5.5, 0.0, 0.0, 2.5, 7.0, 0.0, -5.0, 0.0 | -137.25 | 3
0.0, -5.0, 0.0, 0.0, 3.0, 7.0, 0.0, -5.0, 0.0 | -141.45 | 3
0.0, -5.0, 0.0, 0.0, 2.6, 7.5, 0.0, -5.0, 0.0 | -138.75 | 3
1.0, -5.0, 0.0, 0.0, 2.5, 7.0, 0.0, -5.0, 0.0 | -200.0 | 1
0.0, -4.0, 0.0, 0.0, 2.5, 6.0, 0.0, -5.0, 1.0 | -200.0 | 1
0.0, -3.0, 0.0, 0.0, 3.6, 7.5, 0.5, -5.0, 0.5 | -135.65 | 3
-0.5, -5.0, 0.0, 0.0, 0.5, 5.0, 0.0, -6.0, 0.0 | -200.0 | 1
0.5, -5.0, 0.0, 0.0, 2.5, 6.0, 0.5, -5.0, 0.0 | -200.0 | 1
0.0, -3.0, 0.0, 0.0, 3.6, 7.5, 0.0, -4.0, 0.0 | -125.85 | 4
0.0, -5.0, 0.0, 0.0, 2.5, 7.0, 0.0, -4.0, 0.0 | -154.9 | 2
0.0, -3.0, 0.0, 0.0, 2.55, 7.5, 0.0, -5.0, 0.0 | -129.0 | 4
0.0, -3.0, 0.0, 0.0, 2.6, 7.5, -0.5, -5.0, 0.0 | -200.0 | 1
0.0, -3.0, 0.0, 0.0, 3.6, 7.4, 0.0, -5.0, 0.0 | -129.7 | 4
-0.5, -3.0, 0.0, 0.0, 2.6, 7.6, 0.0, -5.0, 0.0 | -200.0 | 1
0.0, -3.0, 0.0, 0.0, 2.6, 7.4, 0.0, -5.0, 0.0 | -125.65 | 4
0.0, -2.5, 0.0, 0.0, 3.4, 7.5, 0.0, -4.5, 0.0 | -139.7 | 3
0.0, -3.0, 0.0, 0.0, 2.6, 7.5, 0.0, -5.0, 0.0 | -128.5 | 4
0.0, -3.0, 0.0, 0.0, 2.6, 7.5, 0.0, -5.5, 0.0 | -134.6 | 3
0.0, -3.0, 0.0, 0.0, 3.4, 7.5, 0.0, -4.6, 0.0 | -136.0 | 3
0.0, -4.0, 0.0, 0.0, 2.5, 6.0, 0.0, -5.0, 0.1 | -185.9 | 1
0.0, -3.2, 0.0, 0.0, 2.6, 7.0, 0.0, -5.0, 0.0 | -138.95 | 3
0.0, -3.0, 0.0, 0.0, 2.6, 8.5, 0.0, -5.0, 0.0 | -125.75 | 4
0.0, -3.0, 0.0, 0.0, 3.0, 7.0, 0.0, -5.0, 0.0 | -133.25 | 3
0.0, -5.2, 0.0, 0.0, 2.5, 7.0, 0.0, -5.0, 0.0 | -134.45 | 3
0.0, -3.0, 0.0, 0.0, 3.4, 7.5, 0.0, -4.5, 0.0 | -133.2 | 3
0.0, -3.0, 0.0, 0.0, 3.6, 7.6, 0.0, -5.0, 0.0 | -129.9 | 3
0.0, -5.0, 1.0, 0.0, 2.5, 7.0, 0.0, -5.0, 0.0 | -200.0 | 1
0.0, -4.5, 0.0, 0.0, 2.5, 7.0, 0.0, -5.0, 0.0 | -142.5 | 3
0.0, -3.0, 0.0, 0.0, 2.6, 7.5, 0.0, -4.5, 0.0 | -127.6 | 4
0.0, -2.0, 0.0, 0.0, 2.5, 7.5, 0.0, -5.0, 0.0 | -124.85 | 4
0.0, -3.0, 0.0, 0.0, 2.6, 7.6, 0.0, -4.2, 0.0 | -134.05 | 3
0.0, -3.0, 0.0, 0.0, 3.0, 7.0, 0.0, -5.0, 0.0 | -141.45 | 3
0.0, -4.0, 0.0, 0.0, 2.5, 7.0, -0.5, -5.0, 0.0 | -200.0 | 1
-2.0, -5.0, 0.0, 0.0, 2.0, 5.0, 0.0, -6.0, 0.0 | -200.0 | 1
0.0, -2.9, 0.0, 0.0, 2.6, 7.5, 0.0, -5.0, 0.0 | -122.75 | 4
0.0, -5.0, -1.0, 0.0, 2.5, 7.0, 0.0, -5.0, 0.0 | -200.0 | 1
0.0, -5.0, 0.0, 0.0, 2.4, 7.0, 0.0, -5.0, 0.0 | -129.15 | 4
0.0, -5.0, 0.0, 0.0, 2.5, 7.2, 0.0, -5.0, 0.0 | -129.05 | 4
0.0, -5.0, 0.0, -6.0, 3.0, 6.0, 0.0, -5.0, 0.0 | -136.25 | 3
0.0, -3.0, 0.0, 0.0, 3.0, 7.0, 0.0, -5.0, 0.0 | -131.15 | 3
0.0, -3.0, 0.0, 0.0, 2.0, 6.0, 0.0, -5.0, 0.0 | -141.7 | 3
0.0, -5.0, 0.0, 0.0, 2.6, 7.0, 0.0, -5.0, 0.0 | -132.7 | 3
0.0, -3.0, 0.0, 0.0, 2.8, 7.5, 0.0, -5.0, 0.0 | -135.5 | 3
-1.0, -5.0, 0.0, 0.0, 1.0, 5.0, 0.0, -6.0, 0.0 | -200.0 | 1
0.1, -3.0, 0.0, 0.0, 3.4, 7.5, 0.0, -4.6, 0.0 | -136.75 | 3
0.5, -3.0, 0.0, 0.0, 3.6, 7.5, 0.0, -5.0, 0.0 | -200.0 | 1
0.0, -3.0, 0.0, 0.0, 3.4, 7.5, 0.0, -4.5, 0.0 | -113.6 | 4
-2.0, -1.0, 0.0, 0.0, 0.0, 0.0, 2.0, 5.0, 1.0 | -200.0 | 1
-1.0, -5.0, 0.0, -6.0, 1.0, 6.0, 0.0, -5.0, 0.0 | -200.0 | 1
0.0, -5.0, 0.0, 0.0, 2.5, 5.0, 0.0, -5.0, 1.0 | -200.0 | 1
0.0, -3.0, 0.0, 0.0, 2.8, 8.0, 0.0, -5.0, 0.5 | -200.0 | 1
0.0, -4.0, 0.0, 0.0, 2.5, 7.0, 1.0, -5.0, 0.0 | -200.0 | 1
0.0, -3.0, 0.0, 0.0, 2.45, 7.0, 0.0, -5.0, 0.0 | -123.95 | 4
0.0, -3.0, 0.0, 0.0, 2.6, 7.5, 0.0, -5.1, 0.0 | -139.95 | 3
-1.0, -3.0, 0.0, 0.0, 3.6, 7.5, 0.0, -5.0, 0.0 | -200.0 | 1
0.1, -3.0, 0.0, 0.0, 2.5, 7.0, 0.0, -5.0, 0.0 | -141.1 | 3
0.0, -3.0, 0.0, -1.0, 2.6, 7.5, 0.0, -5.0, 0.0 | -133.6 | 3
-0.5, -3.0, 0.0, 0.0, 2.6, 7.5, 0.0, -4.0, 0.0 | -200.0 | 1
0.0, -3.0, 0.0, 0.0, 2.6, 7.5, 0.0, -4.0, 0.0 | -120.7 | 4
0.0, -5.0, 0.0, 0.0, 2.5, 6.0, 0.0, -5.0, 0.0 | -119.05 | 4
0.0, -5.0, 0.0, 0.0, -1.0, 6.0, 0.0, -5.0, 0.0 | -123.5 | 4
0.0, -3.0, 0.0, 0.0, 2.7, 7.5, 0.0, -5.0, 0.0 | -135.75 | 3
0.0, -3.0, 0.0, 0.0, 2.5, 7.5, 0.0, -4.0, 0.0 | -132.55 | 3
0.0, -3.0, 0.0, 0.0, 3.4, 7.5, 0.0, -4.55, 0.0 | -135.2 | 3
0.0, -3.0, 0.0, 0.0, 3.4, 7.3, 0.0, -4.5, 0.0 | -132.5 | 3
0.5, -3.0, 0.0, 0.0, 2.6, 7.5, 0.0, -5.0, 0.0 | -200.0 | 1
0.0, -4.0, 0.0, 0.0, 2.5, 6.0, 0.0, -5.0, 0.0 | -124.05 | 4
0.0, -3.0, 0.0, 0.0, 2.6, 7.5, 0.0, -5.0, 1.0 | -200.0 | 1
0.0, -5.0, 0.0, 1.0, 2.5, 6.0, 0.0, -5.0, 0.0 | -128.3 | 4
0.0, -3.0, 0.0, 0.0, 2.6, 7.3, 0.0, -5.0, 0.0 | -136.0 | 3
0.0, -3.0, 0.0, 0.0, 3.4, 7.5, 0.0, -4.5, 0.0 | -115.2 | 4
0.0, -3.0, 0.0, 0.0, 3.8, 8.0, 0.0, -5.0, 0.0 | -128.65 | 4
0.0, -3.0, 0.0, 0.0, 3.4, 7.5, 0.0, -3.5, 0.0 | -128.4 | 4
0.0, -4.0, 0.0, 0.0, 2.5, 6.0, 0.5, -5.0, 0.0 | -200.0 | 1
0.0, -4.0, 0.0, 0.0, 3.0, 7.0, 0.0, -5.0, 0.0 | -134.2 | 3
-0.5, -3.0, 0.0, 0.0, 2.5, 7.0, 0.0, -5.0, 0.0 | -200.0 | 1
0.0, -3.0, 0.0, 0.0, 3.38, 7.48, 0.0, -4.48, 0.0 | -134.8 | 3
0.0, -3.0, 0.0, 0.4, 3.3, 7.5, 0.0, -4.5, 0.0 | -131.85 | 3
1.0, -3.0, 0.0, 0.0, 2.6, 7.5, 0.0, -5.0, 0.0 | -200.0 | 1
0.0, -4.0, 0.5, 0.0, 2.5, 7.0, 0.0, -5.0, 0.0 | -200.0 | 1
0.0, -5.0, 0.0, -5.0, 2.5, 6.0, 0.0, -5.0, 0.0 | -149.95 | 3
0.0, -3.0, 0.0, 0.0, 3.4, 7.5, 0.0, -4.4, 0.0 | -135.75 | 3
0.0, -3.0, 0.0, 0.0, 3.4, 6.5, 0.0, -4.6, 0.0 | -125.4 | 4
0.0, -3.0, 0.0, 0.5, 3.3, 7.5, 0.0, -4.5, 0.0 | -118.45 | 4
0.0, -4.0, 0.0, 0.0, 2.5, 7.0, 0.0, -5.0, 0.0 | -134.7 | 3
-0.5, -5.0, 0.0, 0.0, 2.5, 7.0, 0.5, -5.0, 0.0 | -200.0 | 1
0.0, -4.9, 0.0, 0.0, 2.5, 7.0, 0.0, -5.0, 0.0 | -132.3 | 3
0.0, -5.0, 0.0, 0.0, 2.5, 7.5, 0.0, -5.0, 0.0 | -123.9 | 4
0.0, -3.0, 0.0, 0.0, 3.45, 7.5, 0.0, -4.6, 0.0 | -130.2 | 3
0.0, -3.0, 0.0, 0.0, 3.5, 7.5, 0.0, -4.5, 0.0 | -136.6 | 3
0.0, -3.0, 0.0, 0.0, 2.6, 7.6, 0.0, -5.0, 0.0 | -125.85 | 4
0.0, -3.0, 0.0, 0.0, 3.6, 7.5, -0.5, -4.0, 0.0 | -200.0 | 1
0.5, -4.0, 0.0, 0.0, 2.5, 7.0, 0.0, -5.0, 0.0 | -200.0 | 1
0.0, -3.0, 0.0, 0.0, 3.6, 7.5, 0.0, -5.0, 0.0 | -143.9 | 3
0.0, -3.0, 0.0, 0.0, 2.6, 7.2, 0.0, -5.0, 0.0 | -128.8 | 4
0.5, -4.0, 0.0, 0.0, 2.5, 6.0, 0.0, -5.0, 0.0 | -200.0 | 1
1.0, -4.0, 0.0, 0.0, 2.5, 6.0, 0.0, -5.0, 0.0 | -200.0 | 1
0.0, -4.0, 0.0, 0.0, 2.45, 6.0, 0.0, -5.0, 0.0 | -136.2 | 3
0.0, -3.0, 0.0, 0.0, 2.5, 6.0, 0.0, -5.0, 0.0 | -131.05 | 3
0.0, -3.0, 0.0, 0.0, 3.6, 8.5, 0.0, -5.0, 0.0 | -131.5 | 3
0.0, -3.0, 0.0, 0.0, 3.0, 7.0, 0.0, -5.0, 0.0 | -126.05 | 4
0.0, -3.0, 0.0, 0.0, 2.6, 6.0, 0.0, -5.0, 0.0 | -126.3 | 4
0.0, -4.0, 0.0, 0.0, 4.0, 6.0, 0.0, -5.0, 0.0 | -122.1 | 4
0.0, -6.0, 0.0, 0.0, 2.5, 7.0, 0.0, -5.0, 0.0 | -140.2 | 3
0.0, -5.0, 0.0, 0.0, 2.5, 6.0, 0.0, -5.0, 1.0 | -200.0 | 1
0.0, -3.0, 0.0, 0.5, 3.4, 7.5, 0.0, -4.5, 0.0 | -129.15 | 4
0.0, -3.0, 0.0, 0.0, 2.7, 7.5, 0.0, -5.0, 0.0 | -124.8 | 4
0.0, -3.0, 0.0, 0.0, 2.8, 7.0, 0.0, -5.0, 0.0 | -134.6 | 3
0.0, -3.0, 0.0, 0.0, 3.2, 7.5, 0.0, -4.5, 0.0 | -141.1 | 3
0.0, -3.0, 0.0, 0.0, 2.6, 7.5, 0.0, -5.0, 0.0 | -122.9 | 4
0.1, -3.0, 0.0, 0.0, 2.6, 7.5, 0.0, -5.0, 0.0 | -136.05 | 3
0.0, -2.0, 0.0, 0.0, 2.5, 7.0, 0.0, -5.0, 0.0 | -135.35 | 3
0.0, -3.0, 0.0, 0.0, 3.5, 7.5, 0.0, -4.5, 0.0 | -124.05 | 4
0.0, -4.0, 0.0, 0.0, 2.5, 6.0, 0.0, -5.0, 0.5 | -200.0 | 1
0.0, -5.0, 0.0, 0.0, 2.8, 6.0, 0.0, -5.0, 0.0 | -126.05 | 4
-3.0, -5.0, 0.0, -6.0, 3.0, 6.0, 0.0, -5.0, 0.0 | -200.0 | 1
0.0, -3.5, 0.0, 0.0, 2.7, 6.0, 0.0, -5.0, 0.0 | -124.05 | 4
0.0, -3.0, 0.0, 0.0, 2.6, 8.0, 0.0, -5.0, 0.0 | -130.4 | 3
0.0, -3.0, 0.0, 0.0, 4.6, 7.5, 0.0, -5.0, 0.0 | -123.6 | 4
0.0, -3.0, 0.0, 0.0, 2.5, 7.0, 0.0, -5.0, 0.0 | -122.65 | 4
0.0, -3.0, 0.0, 0.0, 5.5, 5.5, 0.0, -5.0, 0.0 | -122.85 | 4
0.0, -3.0, 0.0, 0.0, 3.5, 7.5, 0.0, -5.0, 0.0 | -134.25 | 3
0.0, -2.5, 0.0, 0.0, 2.5, 7.0, 0.0, -4.0, 0.0 | -133.05 | 3
1.0, -4.0, 0.0, 0.0, 2.5, 7.0, 0.0, -5.0, 0.0 | -200.0 | 1
0.0, -3.2, 0.0, 0.0, 2.6, 7.5, 0.0, -5.0, 0.0 | -125.55 | 4
0.0, -3.0, 0.0, 0.0, 3.0, 7.5, 0.0, -5.0, 0.0 | -133.95 | 3
0.0, -4.0, 0.0, 0.0, 2.6, 6.0, 0.0, -5.0, 0.0 | -140.35 | 3
0.0, -6.0, 0.0, 0.0, 2.0, 6.0, 0.0, -5.0, 0.0 | -130.6 | 3
0.0, -3.0, 0.0, 0.0, 2.6, 7.4, 0.0, -5.0, 0.0 | -142.35 | 3
0.1, -3.0, 0.0, 0.0, 2.6, 7.5, 0.0, -5.0, 0.0 | -131.35 | 3
0.0, -5.0, 0.0, 0.0, 0.0, 5.0, 0.0, -6.0, 0.0 | -129.05 | 4
0.0, -3.5, 0.0, 0.0, 2.5, 7.0, 0.0, -5.0, 0.0 | -127.15 | 4
0.0, -5.0, 0.0, 0.0, 2.5, 7.0, 1.0, -5.0, 0.0 | -200.0 | 1
0.0, -3.0, 0.0, 0.0, 2.6, 7.5, 0.0, -4.5, 0.0 | -120.3 | 4
0.0, -5.0, 0.0, 0.0, 2.2, 7.0, 0.0, -5.0, 0.0 | -125.15 | 4
0.0, -3.0, 0.0, 0.0, 3.4, 7.5, 0.0, -4.6, 0.0 | -138.2 | 3
0.0, -3.0, 0.0, -0.5, 2.6, 7.5, 0.0, -5.0, 0.0 | -141.85 | 3
0.0, -3.0, 0.0, 0.1, 3.4, 7.5, 0.0, -4.6, 0.0 | -123.15 | 4
0.0, -5.0, 0.0, 0.0, 3.0, 6.0, 0.0, -5.0, 0.0 | -147.05 | 3
0.0, -3.0, 0.0, 0.0, 4.4, 7.5, 0.0, -4.5, 0.0 | -126.35 | 4
0.0, -5.0, 0.0, 0.0, 0.0, 6.0, 0.0, -5.0, 0.5 | -200.0 | 1
0.0, -3.0, 0.0, 0.0, 3.6, 7.5, 0.0, -4.8, 0.0 | -128.95 | 4
0.0, -3.0, 0.0, 0.0, 2.6, 7.0, 0.0, -5.0, 0.0 | -132.85 | 3
0.0, -3.0, 0.0, 0.0, 3.4, 7.2, 0.0, -4.6, 0.0 | -126.05 | 4
-1.0, -4.0, 0.0, 0.0, 2.5, 6.0, 0.0, -5.0, 0.5 | -200.0 | 1
0.0, -2.9, 0.0, 0.0, 2.6, 7.5, 0.0, -4.0, 0.0 | -134.15 | 3
0.0, -3.0, 0.0, 0.0, 2.5, 7.5, 0.0, -5.0, 0.0 | -118.6 | 4
-5.0, -5.0, 0.0, 0.0, 5.0, 5.0, 0.0, 0.0, 0.0 | -200.0 | 1
0.0, -4.5, 0.0, 0.0, 2.5, 6.0, 0.0, -5.0, 0.0 | -148.95 | 3
-3.0, -1.0, 0.0, 0.0, 3.0, 5.0, 0.0, -5.0, 0.0 | -200.0 | 1
0.0, -3.8, 0.0, 0.0, 2.6, 7.5, 0.0, -5.0, 0.0 | -128.4 | 4
0.0, -4.0, 0.0, 0.0, 2.6, 7.0, 0.0, -5.0, 0.0 | -123.05 | 4
0.0, -3.0, 0.0, 0.0, 3.4, 7.5, 0.0, -4.5, 0.0 | -122.1 | 4
-0.5, -3.0, 0.0, 0.0, 2.5, 7.0, 0.0, -5.0, 0.0 | -200.0 | 1
0.1, -5.0, 0.0, 0.0, 2.5, 7.0, 0.0, -5.0, 0.0 | -143.9 | 3
0.2, -4.0, 0.0, 0.0, 2.5, 6.0, 0.0, -5.0, 0.0 | -176.35 | 2
0.0, -3.0, 0.0, 0.0, 2.5, 6.0, 0.0, -5.0, 0.0 | -125.1 | 4
0.0, -4.0, 0.0, 0.0, 2.5, 7.1, 0.0, -5.0, 0.0 | -123.05 | 4
0.0, -4.2, 0.0, 0.0, 2.5, 6.0, 0.0, -5.0, 0.0 | -134.1 | 3
0.0, -5.0, 0.0, -6.0, 0.0, 6.0, 0.5, -5.0, 0.0 | -200.0 | 1
0.0, -3.0, 0.0, 0.0, 3.5, 7.5, 0.0, -4.6, 0.0 | -131.85 | 3
0.0, -2.5, 0.0, 0.0, 2.5, 7.0, 0.0, -5.0, 0.0 | -131.5 | 3
0.0, -3.0, 0.0, 0.0, 2.6, 7.5, -0.5, -5.0, 0.0 | -200.0 | 1
0.0, -3.0, 0.0, 0.0, 3.6, 7.5, 0.0, -4.0, 0.0 | -128.8 | 4
-1.0, -5.0, 0.0, 0.0, 2.5, 7.0, 0.0, -5.0, 0.0 | -200.0 | 1
0.0, -4.0, 1.0, 0.0, 2.5, 6.0, 0.0, -5.0, 0.0 | -200.0 | 1
-1.0, -4.0, 0.0, 0.0, 2.5, 6.0, 0.0, -5.0, 0.0 | -200.0 | 1
-1.0, -5.0, 0.0, 0.0, 2.0, 6.0, 0.0, -5.0, 0.0 | -200.0 | 1
1.0, -5.0, 0.0, 0.0, 2.5, 7.0, 0.0, -5.0, 0.0 | -200.0 | 1
1.0, -3.0, 0.0, 0.0, 2.6, 7.5, 0.0, -5.0, 0.0 | -200.0 | 1
-2.0, -5.0, 0.0, 0.0, 3.0, 7.0, 0.0, -5.0, 0.0 | -200.0 | 1
0.0, -2.5, 0.0, 0.0, 2.6, 7.5, 0.0, -5.0, 0.0 | -131.1 | 3
0.0, -3.0, 0.0, 0.0, 3.4, 7.6, 0.0, -4.5, 0.0 | -124.75 | 4
0.0, -5.0, 0.0, 0.0, 2.5, 6.0, 0.0, -5.0, 0.5 | -200.0 | 1
0.0, -4.0, 0.0, 0.0, 1.5, 7.0, 0.0, -5.0, 0.0 | -135.95 | 3
0.0, -4.0, 0.0, 0.0, 2.6, 7.5, 0.0, -5.0, 0.0 | -117.35 | 4
0.1, -4.0, 0.0, 0.0, 2.5, 7.0, 0.0, -5.0, 0.0 | -140.4 | 3
0.0, -6.0, 0.0, 0.0, 3.5, 6.0, 0.0, -5.0, 0.0 | -136.15 | 3
0.0, -5.0, 0.0, 0.0, 3.5, 7.0, 0.0, -5.0, 0.0 | -134.5 | 3
0.0, -4.0, 0.0, 0.0, 2.5, 6.0, 0.0, -5.0, 0.0 | -137.6 | 3
0.0, -3.0, 0.0, 0.0, 2.7, 7.5, 0.0, -5.0, 0.0 | -136.55 | 3
0.0, -5.0, 0.0, 0.0, 3.0, 7.0, 0.0, -5.0, 0.0 | -132.45 | 3
-0.5, -5.0, 0.0, -6.0, 0.5, 6.0, -1.0, 1.0, -1.0 | -200.0 | 1
0.0, -2.9, 0.0, 0.0, 3.4, 7.5, 0.0, -4.6, 0.0 | -115.65 | 4
0.0, -3.0, 0.0, 0.0, 2.6, 7.5, 0.0, -5.0, -0.5 | -200.0 | 1
0.0, -3.0, 0.0, 0.0, 2.7, 7.5, 0.0, -5.0, 0.0 | -120.7 | 4
0.0, -3.0, 0.0, 0.0, 3.5, 7.4, 0.0, -4.5, 0.0 | -123.95 | 4
0.0, -3.0, 0.0, 0.0, 2.6, 7.5, 0.0, -6.0, 0.0 | -126.8 | 4
0.0, -5.0, 0.0, 0.0, 3.0, 7.0, 0.0, -5.0, 0.0 | -139.45 | 3
0.0, -5.0, 0.0, 0.0, 2.5, 7.0, 0.0, -5.0, 1.0 | -200.0 | 1
0.1, -3.0, 0.0, 0.0, 3.4, 7.5, 0.0, -4.5, 0.0 | -127.3 | 4
0.0, -4.0, 0.0, 0.0, 2.5, 6.5, 0.0, -5.0, 0.0 | -128.45 | 4
0.0, -4.0, 0.0, 0.0, 2.5, 7.0, 0.0, -5.0, 0.0 | -125.4 | 4
0.0, -4.0, 0.0, 0.0, 2.6, 7.5, 0.0, -5.0, 0.0 | -131.0 | 3
0.0, -5.0, 0.5, 0.5, 2.5, 7.0, 0.0, -5.0, 0.0 | -200.0 | 1
0.0, -3.0, 0.0, 0.0, 2.7, 7.6, 0.5, -5.0, 0.5 | -140.55 | 3
-2.0, -5.0, 0.0, 0.0, 2.0, 5.0, 1.0, -5.0, 0.0 | -200.0 | 1
0.0, -5.0, 0.0, 0.0, 2.4, 6.9, 0.0, -5.0, 0.0 | -132.55 | 3
0.0, -3.0, 0.0, 0.0, 3.2, 7.2, 0.0, -6.0, 0.0 | -125.7 | 4
-1.0, -5.0, 0.0, -6.0, 1.0, 6.0, 0.0, -5.0, 0.0 | -200.0 | 1
0.0, -3.0, 0.0, 0.0, 2.6, 7.5, 0.0, -4.2, 0.0 | -121.55 | 4
0.0, -4.0, 0.0, 0.0, 2.5, 7.0, 0.0, -4.0, 0.0 | -124.3 | 4
0.0, -2.8, 0.0, 0.0, 3.4, 7.5, 0.0, -4.5, 0.0 | -126.9 | 4
-1.0, -5.0, 1.0, -6.0, 0.0, 6.0, 0.0, -5.0, 0.0 | -200.0 | 1
0.5, -3.0, 0.0, 0.0, 2.5, 7.0, 0.0, -5.0, 0.0 | -200.0 | 1
-2.0, -4.0, 0.0, 0.0, 2.0, 4.0, 0.0, -5.0, 0.0 | -200.0 | 1
0.0, -5.0, 0.0, -5.0, 3.0, 7.0, 0.0, -5.0, 0.0 | -133.8 | 3
0.0, -5.0, 0.0, 0.0, 2.5, 8.0, 0.0, -5.0, 0.0 | -131.55 | 3
-2.0, -5.0, 0.0, 0.0, 2.0, 6.0, 0.0, -6.0, 0.0 | -200.0 | 1
0.0, -3.0, 1.0, 0.0, 2.6, 7.5, 0.0, -5.0, 0.0 | -200.0 | 1
0.0, -3.0, 0.0, 0.0, 2.7, 7.5, 0.0, -5.0, 0.0 | -134.55 | 3
0.5, -2.0, 0.0, 0.0, 2.0, 6.0, 0.0, -6.0, 0.0 | -200.0 | 1
0.0, -1.9, 1.0, 0.0, 0.0, 6.0, 0.0, -6.0, 0.0 | -200.0 | 1
0.0, -2.1, 0.0, 0.0, 3.2, 5.4, 0.0, -6.0, 0.0 | -136.95 | 3
0.0, -1.0, 0.0, 0.0, 0.0, 6.0, 0.0, -6.0, 0.0 | -123.7 | 4
-1.0, -2.0, 0.0, 0.0, 2.1, 5.5, 0.0, -6.0, 0.0 | -200.0 | 1
0.0, -2.0, 0.0, 0.0, 3.2, 5.4, 0.1, -6.0, 0.0 | -197.35 | 1
0.0, -2.0, 0.0, 0.0, 0.0, 6.0, 0.0, -5.0, 0.0 | -140.7 | 3
0.0, -2.0, 0.0, 0.0, 3.0, 5.5, 0.0, -6.0, 0.5 | -200.0 | 1
0.0, -1.7, 0.0, 0.0, 0.0, 6.0, 0.0, -5.0, 0.0 | -146.6 | 3
1.0, -6.0, 0.0, 0.0, 0.0, 6.0, 0.0, -6.0, 0.0 | -200.0 | 1
-1.0, -1.0, 0.0, 0.0, 1.0, 6.0, 0.0, -6.0, 0.0 | -200.0 | 1
-1.0, -1.0, 0.0, 0.0, 1.0, 2.0, -1.0, -6.0, 0.0 | -200.0 | 1
0.0, -2.0, 0.0, 0.0, 3.2, 6.0, 0.0, -6.0, 0.0 | -130.5 | 3
0.0, -2.0, 0.0, 1.0, 2.1, 5.5, 0.0, -6.0, 0.0 | -134.95 | 3
0.0, -2.0, 0.0, 0.0, 0.0, 6.0, 0.0, -6.0, 0.0 | -147.55 | 3
1.0, -2.0, 0.0, 0.0, 2.1, 5.5, 0.0, -6.0, 0.0 | -200.0 | 1
0.0, -2.0, 0.0, 0.0, 2.0, 6.0, 0.0, -6.0, 1.0 | -200.0 | 1
-1.0, -6.0, 0.0, 0.0, 0.0, 6.0, 0.0, -6.0, 0.0 | -200.0 | 1
0.0, -1.9, 0.0, 0.0, 0.1, 5.8, 0.0, -6.0, 0.0 | -132.25 | 3
0.0, -2.0, 1.0, 0.0, 2.0, 6.0, 0.0, -6.0, 0.0 | -200.0 | 1
0.5, -6.0, 0.0, 0.0, 0.0, 6.0, 0.0, -6.0, 0.0 | -200.0 | 1
0.0, -1.9, 0.0, 0.0, 0.0, 6.0, 0.5, -6.0, 0.0 | -200.0 | 1
0.0, -2.0, 0.0, 0.0, 2.0, 5.4, 0.5, -6.0, 0.0 | -200.0 | 1
0.0, -2.0, 0.0, 0.0, 2.1, 5.5, 0.0, -6.0, 0.5 | -200.0 | 1
-0.5, -2.0, 0.0, 0.0, 2.1, 5.5, 0.0, -6.0, 0.0 | -200.0 | 1
0.2, -2.0, 0.0, 0.0, 2.2, 5.5, 0.0, -6.0, 0.0 | -168.15 | 2
2.0, -6.0, 0.0, 0.0, 2.0, 6.0, 0.0, -6.0, 0.0 | -200.0 | 1
0.0, -2.0, 0.0, 0.0, 0.0, 6.0, 0.0, -3.0, 0.0 | -126.85 | 4
0.0, -2.0, 0.0, 0.0, 2.0, 5.5, 0.0, -6.0, 0.5 | -200.0 | 1
0.0, -2.0, 0.0, 0.0, 3.2, 5.4, 0.0, -6.0, 0.0 | -138.1 | 3
-1.0, -1.9, 0.0, 0.0, 0.0, 6.0, 0.0, -6.0, 0.0 | -200.0 | 1
0.0, -3.0, 0.0, 0.0, 0.0, 6.0, 0.0, -6.0, 0.0 | -127.5 | 4
0.0, -2.0, 0.0, 0.0, 2.1, 5.5, 0.0, -6.0, 1.0 | -200.0 | 1
0.0, -2.0, 0.0, 0.0, 3.2, 5.4, 0.0, -6.0, 0.1 | -200.0 | 1
0.0, -1.8, 0.0, 0.0, 0.0, 6.0, 0.0, -5.0, 0.0 | -133.9 | 3
0.0, -1.0, 0.0, 0.0, 0.0, 6.0, 0.0, -6.0, 0.0 | -113.1 | 4
0.0, -1.0, 1.0, 0.0, 0.0, 6.0, 0.0, -6.0, 0.0 | -200.0 | 1
0.0, -2.0, 0.0, 0.0, 3.2, 5.4, 0.0, -5.5, 0.0 | -133.35 | 3
0.0, -1.9, 0.0, 0.0, 2.1, 5.5, 0.0, -6.0, 0.0 | -133.0 | 3
0.0, -1.9, 0.0, -0.5, 0.0, 6.0, 0.0, -6.0, 0.0 | -126.3 | 4
0.0, -1.8, 0.0, 0.0, 0.0, 5.5, 0.0, -6.0, 0.0 | -118.7 | 4
-1.5, -2.0, 0.0, 0.0, 1.5, 6.0, 0.0, -6.0, 0.0 | -200.0 | 1
0.0, -2.0, 0.0, 0.0, 3.4, 5.4, 0.0, -5.7, 0.0 | -123.05 | 4
-1.0, -1.0, 0.0, 0.0, 0.0, 6.0, 0.0, -6.0, 0.0 | -200.0 | 1
0.0, -2.0, 0.0, 0.0, 0.0, 6.0, 1.0, -6.0, 0.0 | -200.0 | 1
0.1, -2.0, 0.0, 0.0, 2.0, 6.0, 0.0, -6.0, 0.0 | -152.25 | 3
0.0, -1.0, 0.0, 0.0, 0.5, 6.0, 0.0, -6.0, 0.0 | -129.2 | 4
0.0, -2.0, 0.0, 0.0, 3.2, 5.4, 0.0, -6.0, 0.5 | -200.0 | 1
0.0, -2.0, 0.0, 0.0, 4.2, 5.4, 0.0, -6.0, 0.0 | -133.8 | 3
0.0, -2.0, 0.0, 0.0, 2.0, 5.5, 0.0, -6.0, 0.0 | -129.8 | 4
0.0, -2.0, 0.0, 0.0, 3.0, 5.4, -1.0, -6.0, 0.5 | -200.0 | 1
0.0, -1.8, 0.0, 0.0, 0.0, 5.5, 0.0, -5.5, 0.0 | -129.45 | 4
0.0, -1.9, 0.0, 0.0, 0.0, 6.0, 0.0, -5.5, 0.0 | -121.25 | 4
0.0, -2.0, 0.1, 0.0, 3.2, 5.4, 0.0, -6.0, 0.0 | -180.6 | 1
0.0, -2.0, 0.0, 0.0, 2.0, 5.8, 0.0, -6.0, 0.0 | -129.0 | 4
0.0, -1.9, 0.0, 0.0, 0.0, 6.0, 0.0, -6.0, 0.5 | -200.0 | 1
0.0, -1.8, 0.0, 0.0, 0.0, 6.0, 0.0, -6.0, 0.0 | -123.95 | 4
0.0, -2.0, 0.0, 0.0, 0.3, 6.0, 0.0, -6.0, 0.0 | -128.15 | 4
1.0, -1.0, 0.0, 0.0, 0.0, 6.0, 0.0, -6.0, 0.0 | -200.0 | 1
1.0, -2.0, 0.0, 0.0, 2.0, 6.0, 0.0, -6.0, 0.0 | -200.0 | 1
-1.0, -2.0, 0.0, 0.0, 0.0, 3.0, 0.0, -6.0, 0.0 | -200.0 | 1
0.0, -1.0, 0.0, 0.0, 1.0, 6.0, 0.0, -6.0, 0.0 | -125.75 | 4
0.0, -1.9, 0.0, 0.0, 0.0, 6.0, 0.0, -6.0, 0.0 | -114.05 | 4
0.0, -1.0, 0.0, 0.0, 3.0, 6.0, 0.0, -6.0, 0.0 | -130.25 | 3
0.0, -2.0, 0.0, 0.0, 0.0, 6.0, 0.0, -6.0, 0.0 | -136.2 | 3
-1.0, -6.0, 0.0, 0.0, 1.0, 6.0, 0.0, -2.0, 0.0 | -200.0 | 1
0.0, -2.0, 0.0, 0.0, 2.0, 5.4, -0.5, -6.0, 0.0 | -200.0 | 1
0.0, -2.0, 0.0, 0.0, 0.0, 3.0, 0.0, -6.0, 0.0 | -127.8 | 4
0.0, -1.9, 0.0, 0.0, 0.5, 6.0, 0.0, -6.0, 0.0 | -125.0 | 4
0.0, -1.0, 0.0, 0.0, 0.5, 3.0, 0.0, -6.0, -0.5 | -200.0 | 1
-1.0, -6.0, 0.0, 0.0, 1.0, 6.0, 0.0, -6.0, 0.0 | -200.0 | 1
0.0, -2.0, 0.0, 0.0, 2.1, 6.0, 0.0, -6.0, 0.0 | -126.85 | 4
-0.5, -2.0, 0.0, 0.0, 0.0, 6.0, 0.0, -6.0, 0.0 | -200.0 | 1
0.0, -2.5, 0.0, 0.0, 2.0, 6.0, 0.0, -6.0, 0.0 | -129.05 | 4
0.0, -1.0, 0.0, 0.0, 0.0, 3.0, 0.0, -6.0, 0.0 | -137.0 | 3
-2.0, -1.0, 0.0, 0.0, 2.0, 6.0, 0.0, -6.0, 0.0 | -200.0 | 1
0.0, -2.0, 0.0, 0.0, 2.1, 5.5, 0.2, -6.0, 0.0 | -200.0 | 1
0.0, -1.0, 0.0, 0.0, 0.0, 3.0, 0.0, -6.0, 0.0 | -129.3 | 4
0.0, -1.9, 0.0, 0.0, 0.0, 6.0, 0.0, -6.0, -0.5 | -200.0 | 1
0.0, -2.2, 0.0, 0.0, 2.0, 6.0, 0.0, -6.0, 0.0 | -122.9 | 4
0.0, -2.0, 0.0, 0.0, 3.0, 6.0, 0.0, -6.0, 0.0 | -128.8 | 4
-1.0, -2.0, 0.0, 0.0, 2.1, 5.5, 0.0, -6.0, 0.0 | -200.0 | 1
0.0, -2.0, 0.0, 0.0, 2.0, 5.5, 0.0, -6.0, 0.0 | -117.9 | 4
0.5, -2.0, 0.0, 0.0, 0.5, 6.0, 0.5, -6.0, 0.5 | -200.0 | 1
0.0, -2.0, 0.0, 0.0, 2.1, 5.5, 0.0, -6.0, 0.0 | -133.1 | 3
0.2, -1.0, 0.0, 0.0, 0.2, 6.0, 0.0, -6.0, 0.5 | -200.0 | 1
-1.0, -1.0, 0.0, 0.0, 1.0, 6.0, 0.0, -6.0, 0.0 | -200.0 | 1
0.0, -1.0, 0.0, 0.0, 0.0, 3.0, 0.0, -5.0, 0.0 | -130.75 | 3
0.0, -0.8, 0.0, 0.0, 6.0, 0.0, 0.0, -6.0, 0.0 | -200.0 | 1
0.0, -2.5, 0.0, 0.0, 0.0, 6.0, 0.0, -6.0, 0.0 | -118.65 | 4
1.0, -1.9, 0.0, 0.0, 0.0, 6.0, 0.0, -6.0, 0.0 | -200.0 | 1
0.0, -2.0, 0.0, 0.0, 0.5, 6.0, 0.0, -6.0, 0.0 | -147.2 | 3
0.0, -2.5, 0.0, 0.0, 2.1, 5.5, 0.0, -6.0, 0.0 | -132.75 | 3
0.0, -1.9, 0.0, 0.0, 0.0, 6.5, 0.0, -6.0, 0.0 | -139.55 | 3
0.0, -6.0, 0.0, 0.0, 0.0, 6.0, 1.0, -6.0, 0.0 | -200.0 | 1
0.0, -2.0, 0.0, 0.0, 3.1, 5.5, 0.0, -6.0, 0.0 | -131.15 | 3
0.0, -2.0, 0.0, 0.0, 2.1, 5.5, 0.0, -6.0, 0.1 | -200.0 | 1
-0.5, -1.9, 0.0, 0.0, 0.5, 6.0, 0.0, -6.0, 0.0 | -200.0 | 1
0.0, -1.8, 0.0, 0.0, 3.0, 5.5, 0.0, -6.0, 0.0 | -135.6 | 3
0.0, -2.2, 0.0, 0.0, 2.2, 5.5, 0.5, -6.0, 0.0 | -200.0 | 1
0.5, -2.0, 0.0, 0.0, 2.1, 5.5, 0.0, -6.0, 0.0 | -200.0 | 1
-1.0, -1.0, 0.0, 0.0, 1.0, 6.0, 0.0, -6.0, 0.0 | -200.0 | 1
0.5, -2.0, 0.0, 0.0, 3.2, 5.4, 0.0, -6.0, 0.0 | -200.0 | 1
-1.0, -1.9, 0.0, 0.0, 0.0, 6.0, 0.0, -6.0, 0.0 | -200.0 | 1
0.0, -2.0, 0.0, 0.0, 2.0, 6.4, 0.0, -6.0, 0.0 | -122.1 | 4
0.0, -1.92, 0.0, 0.0, 0.0, 6.0, 0.0, -6.0, 0.0 | -129.65 | 4
0.0, -2.0, 0.0, 0.0, 1.0, 6.0, 0.0, -6.0, 0.0 | -123.85 | 4
0.0, -1.8, 0.0, 0.0, 3.5, 5.5, -0.5, -6.0, 0.5 | -200.0 | 1
-0.5, -1.0, 0.0, 0.0, 0.5, 6.0, 0.0, -6.0, 0.0 | -200.0 | 1
-0.5, -0.8, 0.0, 0.0, 0.5, 4.0, 0.0, -6.0, 0.0 | -200.0 | 1
-0.5, -2.0, 0.0, 0.0, 2.1, 5.5, 0.0, -6.0, 0.0 | -200.0 | 1
0.0, -2.0, 0.0, 0.0, 2.2, 5.6, 0.0, -6.0, 0.0 | -128.2 | 4
-2.0, -6.0, 0.0, 0.0, 2.0, 6.0, 0.0, -6.0, 0.0 | -200.0 | 1
0.0, -0.9, 0.0, 0.0, 0.0, 6.0, 0.0, -6.0, 0.0 | -132.95 | 3
1.0, -2.0, 0.0, 0.0, 3.2, 5.4, 0.0, -6.0, 0.0 | -200.0 | 1
0.0, -1.0, 0.0, 0.0, 0.0, 5.8, 0.0, -6.0, 0.0 | -140.3 | 3
0.0, -1.9, 0.0, 0.0, 0.0, 6.0, 0.0, -6.0, 0.5 | -200.0 | 1
0.0, -1.9, 0.5, 0.0, 0.0, 6.0, 0.0, -6.0, 0.0 | -200.0 | 1
0.0, -2.0, 0.0, 0.0, 0.0, 6.0, 0.0, -6.0, 0.0 | -134.35 | 3
0.0, -2.0, 0.0, 0.0, 3.1, 5.4, 0.0, -6.0, 0.0 | -123.05 | 4
1.0, -2.0, 0.0, 0.0, 0.0, 6.0, 0.0, -6.0, 0.0 | -200.0 | 1
0.0, -5.0, 0.0, 0.0, 0.0, 6.0, 0.5, -6.0, 0.0 | -200.0 | 1
0.1, -2.0, 0.0, 0.0, 3.0, 5.4, 0.0, -6.0, 0.0 | -140.1 | 3
0.0, -2.0, 0.0, 0.0, 1.5, 6.0, 0.0, -5.0, 0.0 | -134.05 | 3
0.0, -2.0, 0.0, 0.0, 3.2, 5.4, 0.0, -6.1, 0.0 | -136.95 | 3
0.0, -2.0, 0.0, 0.0, 0.0, 6.0, 0.0, -5.0, 0.0 | -132.65 | 3
0.5, -1.9, 0.0, 0.0, 0.0, 6.0, 0.0, -6.0, 0.0 | -200.0 | 1
0.0, -2.0, 0.0, 0.0, 2.1, 5.3, 0.0, -6.0, 0.0 | -136.5 | 3
-1.0, -1.0, 0.0, 0.0, 1.0, 2.0, 0.0, -6.0, 0.0 | -200.0 | 1
0.0, -2.0, 0.0, 0.0, 3.0, 5.3, 0.0, -6.0, 0.0 | -141.35 | 3
0.0, -2.0, 0.0, 0.0, 3.3, 5.4, 0.0, -6.0, 0.0 | -128.75 | 4
-1.0, -2.0, 0.0, 0.0, 2.0, 6.0, 0.0, -6.0, 0.0 | -200.0 | 1
-0.5, -1.0, 0.0, 0.0, 0.0, 6.0, 0.5, -6.0, 0.0 | -200.0 | 1
0.0, -3.0, 0.0, 0.0, 0.0, 6.0, 0.0, -6.0, 0.0 | -134.65 | 3
0.0, -2.0, 0.1, 0.0, 3.2, 5.4, 0.0, -6.0, 0.0 | -177.95 | 1
0.0, -2.0, 0.0, 0.0, 4.0, 5.4, 0.0, -6.0, 0.0 | -135.25 | 3
0.0, -1.0, 0.0, 0.0, 3.0, 5.4, 0.0, -6.0, 0.0 | -132.25 | 3
0.0, -2.0, -1.0, 0.0, 2.1, 5.5, 0.0, -6.0, 0.0 | -200.0 | 1
0.0, -2.0, 0.0, 0.0, 3.0, 5.4, 0.0, -6.0, 0.0 | -110.2 | 4
0.0, -2.0, 0.0, 0.0, 2.1, 5.4, 0.0, -6.0, 0.0 | -123.8 | 4
0.0, -2.0, 0.0, 0.0, 2.2, 5.5, 0.0, -6.0, 0.0 | -128.65 | 4
0.0, -2.0, 0.0, 0.0, 3.2, 5.4, 0.0, -5.0, 0.0 | -132.05 | 3
0.0, -1.0, 0.0, 0.0, 0.0, 6.0, 0.0, -6.0, -1.0 | -200.0 | 1
-1.0, -2.0, 0.0, 0.0, 1.0, 2.0, 0.0, -6.0, 0.0 | -200.0 | 1
0.0, -1.9, 0.0, 0.0, 0.0, 6.0, 0.5, -6.0, 0.0 | -200.0 | 1
0.0, -2.0, 0.0, 0.0, 2.5, 6.0, 0.5, -6.0, 0.0 | -200.0 | 1
0.0, -2.0, 0.0, 0.0, 2.9, 5.4, 0.0, -6.0, 0.0 | -131.95 | 3
0.0, -2.0, 0.0, 0.0, 2.1, 5.5, 0.5, -6.0, 0.0 | -200.0 | 1
0.0, -2.0, 0.0, 0.0, 2.1, 5.5, 0.0, -6.0, 0.0 | -130.0 | 3
0.0, -6.0, 0.0, 0.0, 0.0, 6.0, 0.0, -6.0, 2.0 | -200.0 | 1
0.0, -1.9, 0.0, 0.0, 0.0, 6.0, 0.5, -6.0, 0.0 | -200.0 | 1
0.0, -2.0, 0.0, 0.0, 2.0, 5.5, 0.0, -5.0, 0.0 | -128.05 | 4
0.0, -2.0, 0.0, 0.0, 3.0, 5.4, 0.0, -6.0, 0.0 | -125.65 | 4
0.0, -2.0, 1.0, 0.0, 2.1, 5.5, 0.0, -6.0, 0.0 | -200.0 | 1
-1.0, -6.0, 0.0, 0.0, 1.0, 6.0, 0.0, -6.0, 0.0 | -200.0 | 1
-1.0, -1.0, 0.0, 0.0, 1.0, 6.0, 0.0, -6.0, 0.0 | -200.0 | 1
0.0, -2.0, 0.5, 0.0, 3.0, 5.4, 0.0, -6.0, 0.0 | -200.0 | 1
1.0, -1.9, 0.0, 0.0, 0.0, 6.0, 0.0, -6.0, 0.0 | -200.0 | 1
0.0, -2.5, 0.0, 0.0, 2.5, 6.2, 0.0, -6.0, 0.0 | -126.8 | 4
0.0, -1.9, 0.0, 0.0, 1.0, 6.0, 0.0, -6.0, 0.0 | -131.7 | 3
-1.0, -1.0, 0.0, 0.0, 0.0, 3.0, 0.0, -6.0, 0.0 | -200.0 | 1
-0.1, -2.0, 0.0, 0.0, 3.0, 5.4, 0.0, -6.0, 0.0 | -170.95 | 2
-0.5, -1.0, 0.0, 0.0, 0.0, 6.0, 0.0, -6.0, 0.0 | -200.0 | 1
-2.0, 0.0, 2.0, -2.0, 0.0, 2.0, 0.0, -6.0, 4.0 | -200.0 | 1
0.0, -2.0, 0.0, 0.0, 0.0, 6.0, 0.5, -6.0, 0.5 | -122.95 | 4
0.0, -2.0, 0.0, 0.0, 3.2, 6.4, 0.0, -6.0, 0.0 | -129.35 | 4
-0.5, -3.0, 0.0, 0.0, 0.5, 3.0, 0.0, -4.0, 0.0 | -200.0 | 1
1.0, -2.0, 0.0, 0.0, 3.2, 5.4, 0.0, -6.0, 0.0 | -200.0 | 1
0.0, -4.0, 0.0, 0.0, 2.0, 5.0, 0.0, -6.0, 0.0 | -138.45 | 3
0.0, -1.0, 0.0, 0.0, 2.0, 5.4, 0.0, -6.0, 0.0 | -127.55 | 4
-1.0, 0.0, 1.0, -1.0, 0.0, 1.0, -0.2, -6.0, 0.0 | -200.0 | 1
0.0, -2.5, 0.0, 0.0, 2.1, 5.5, 0.0, -6.0, 0.0 | -126.9 | 4
0.0, -1.0, 0.0, 0.0, 0.5, 6.0, 0.0, -6.0, 0.0 | -128.35 | 4
0.0, -2.0, 0.0, 0.0, 3.1, 5.5, 0.0, -6.0, 0.0 | -126.75 | 4
0.0, -1.0, 0.0, 0.0, 1.0, 6.0, 0.0, -6.0, 0.0 | -133.65 | 3
0.0, -2.0, 0.0, 0.0, 3.0, 5.4, 0.0, -5.9, 0.0 | -135.8 | 3
0.0, -2.0, 0.0, 0.0, 1.5, 6.0, 0.0, -6.0, 0.0 | -135.7 | 3
0.0, -2.0, 0.0, 0.0, 2.1, 5.5, 0.0, -6.0, 0.0 | -108.85 | 4
0.0, -1.9, 0.0, 0.0, 0.5, 6.0, 0.0, -6.0, 0.0 | -129.45 | 4
0.0, -1.9, 0.0, 0.0, 0.0, 6.0, 1.0, -6.0, 0.0 | -200.0 | 1
0.0, -2.0, 0.0, 0.0, 3.2, 5.4, 0.0, -6.0, -0.1 | -191.15 | 1
0.0, -2.0, 0.0, 0.0, 2.0, 5.5, 0.0, -6.0, -0.5 | -200.0 | 1
0.0, -1.0, 0.0, 0.0, 0.5, 6.0, 0.0, -6.0, -0.5 | -200.0 | 1
0.0, -1.9, 0.0, 0.0, 3.2, 5.4, 0.0, -6.0, 0.0 | -133.45 | 3
0.0, -2.0, 0.0, 0.0, 0.0, 6.0, 0.5, -6.0, 0.0 | -200.0 | 1
0.0, -2.0, 0.0, 0.0, 3.0, 5.4, 0.0, -6.0, 0.1 | -200.0 | 1
0.0, -2.0, 0.0, 0.0, 3.2, 5.3, 0.0, -6.0, 0.0 | -118.7 | 4
0.0, -2.0, 0.0, 0.0, 3.1, 5.4, 0.0, -6.0, 0.0 | -127.75 | 4
0.0, -2.0, 0.0, 0.0, 2.1, 5.7, 0.0, -6.0, 0.0 | -136.9 | 3
-0.5, -1.9, 0.0, 0.0, 0.0, 6.0, 0.0, -6.0, 0.0 | -200.0 | 1
-0.5, -1.9, 0.0, 0.0, 0.5, 6.0, 0.0, -6.0, 0.0 | -200.0 | 1
0.0, -2.3, 0.0, 0.0, 2.1, 5.5, 0.0, -6.0, 0.0 | -143.5 | 3
0.0, -6.0, 0.0, 0.0, 2.0, 6.0, 0.0, -6.0, 0.0 | -131.25 | 3
0.0, -1.0, 0.0, 0.0, 2.0, 6.0, 0.0, -6.0, 0.0 | -121.85 | 4
0.0, -2.0, 0.0, 0.0, 3.5, 5.4, 0.0, -6.0, 0.0 | -141.85 | 3
0.0, -2.0, 0.0, 0.0, 1.0, 3.0, 0.0, -6.0, 0.5 | -200.0 | 1
0.0, -1.5, 0.0, 0.0, 0.0, 6.0, 0.0, -6.0, 0.0 | -123.55 | 4
0.0, -2.0, 0.0, 0.0, 2.0, 5.6, 0.0, -6.0, 0.0 | -149.05 | 3
0.5, -1.9, 0.0, 0.0, 0.0, 6.0, 0.0, -6.0, 0.0 | -200.0 | 1
0.0, -2.0, 0.0, 0.0, 2.0, 6.0, 0.0, -5.5, 0.0 | -134.35 | 3
0.0, -2.0, 0.0, 0.0, 2.0, 6.0, 0.0, -5.0, 0.0 | -133.65 | 3
0.0, -2.0, 0.0, 0.0, 3.0, 5.5, 0.0, -6.0, 0.0 | -131.4 | 3
0.0, -2.0, 0.0, 0.0, 2.0, 6.5, 0.0, -6.0, 0.0 | -129.45 | 4
0.0, -2.0, 0.0, 0.0, 2.2, 5.5, 0.0, -6.0, 0.0 | -132.25 | 3
1.0, -2.0, 0.0, 0.0, 3.0, 5.4, 0.0, -6.0, 0.0 | -200.0 | 1
0.0, -2.1, 0.0, 0.0, 2.0, 5.5, 0.0, -6.0, 0.0 | -125.45 | 4
0.0, -2.0, 0.0, 0.0, 2.1, 5.5, 1.0, -6.0, 0.0 | -200.0 | 1
0.0, -2.0, 0.0, 0.0, 3.2, 5.4, 0.0, -6.0, 0.0 | -129.9 | 3
0.0, -1.0, 0.0, 0.0, 0.0, 6.0, 0.0, -5.0, 0.0 | -123.15 | 4
-0.5, -2.0, 0.0, 0.0, 0.5, 6.0, 0.0, -6.0, 0.0 | -200.0 | 1
0.0, -3.0, 0.0, 0.0, 2.0, 6.0, 0.0, -6.0, 0.0 | -138.95 | 3
0.0, -1.85, 0.0, 0.0, 0.0, 6.0, 0.0, -6.0, 0.0 | -126.85 | 4
0.0, -1.9, 0.0, 0.0, 0.0, 6.0, 0.0, -5.0, 0.0 | -118.85 | 4
0.0, -2.0, 0.0, 0.0, 3.0, 5.4, -0.5, -6.0, 0.0 | -200.0 | 1
0.0, -2.0, 0.0, 0.0, 3.0, 5.0, 0.0, -6.0, 0.0 | -124.15 | 4
0.0, -1.9, 0.0, 0.0, 0.3, 6.0, 0.0, -6.0, 0.0 | -122.1 | 4
0.0, -1.9, 0.0, 0.0, 0.5, 6.0, 0.0, -6.0, 0.0 | -117.75 | 4
-1.0, -2.0, 0.0, 0.0, 2.1, 5.5, 0.0, -6.0, 0.0 | -200.0 | 1
0.0, -2.0, 0.0, 0.0, 2.5, 6.0, 0.0, -6.0, 0.0 | -123.6 | 4
0.0, -2.0, 0.0, 0.0, 2.0, 5.4, 0.0, -5.9, 0.0 | -137.2 | 3
0.0, -2.0, 0.0, 0.0, 2.0, 5.3, 0.0, -6.0, 0.0 | -130.25 | 3
0.0, -1.9, -1.0, -1.0, 0.0, 6.0, 0.0, -6.0, 0.0 | -200.0 | 1
-2.0, -2.0, 0.0, 0.0, 1.0, 2.0, 0.0, -6.0, 0.0 | -200.0 | 1
0.0, -2.0, 0.0, 0.0, 2.0, 6.0, 0.0, -6.0, 0.0 | -124.55 | 4
0.0, -2.0, 0.0, 0.0, 0.0, 6.0, 0.0, -6.0, 0.0 | -116.25 | 4
0.0, -2.0, 0.0, 0.0, 0.0, 6.0, 1.0, -6.0, 0.0 | -200.0 | 1
0.0, -3.0, 0.0, 0.0, 0.0, 6.0, 0.0, -6.0, 0.0 | -136.95 | 3
0.0, -1.0, 0.0, 0.0, 0.0, 5.5, 0.0, -6.0, 0.0 | -133.25 | 3
-0.5, -2.0, 0.0, 0.0, 0.0, 6.0, 0.0, -6.0, 0.0 | -200.0 | 1
0.0, -2.2, 0.0, 0.0, 0.0, 6.0, 0.0, -6.0, 0.0 | -131.65 | 3
0.0, -2.0, 0.0, 0.0, 0.0, 5.0, 0.0, -6.0, 0.0 | -125.5 | 4
0.0, -2.0, 0.0, 0.0, 2.0, 5.5, 0.0, -6.0, 0.5 | -200.0 | 1
0.0, -1.0, 0.0, 0.0, 1.0, 2.0, 0.0, -5.0, 0.0 | -129.0 | 4
0.0, -2.0, 0.0, 0.0, 3.2, 5.4, 0.0, -6.0, 0.0 | -144.25 | 3
0.5, -2.0, 0.0, 0.0, 3.0, 5.4, 0.0, -6.0, 0.0 | -200.0 | 1
0.0, -2.0, 0.0, 0.0, 3.2, 5.5, 0.0, -6.0, 0.0 | -135.2 | 3
0.0, -2.0, 0.0, 0.0, 0.0, 2.0, 0.5, 0.0, -0.5 | -200.0 | 1
0.0, -1.0, 0.0, 0.0, 0.0, 3.0, 0.5, -6.0, 0.0 | -200.0 | 1
-3.0, -1.0, 0.0, 0.0, 3.0, 6.0, 0.0, -6.0, 0.0 | -200.0 | 1
0.0, -2.0, 0.0, 0.0, 2.1, 5.6, 0.0, -6.0, 0.0 | -129.6 | 4
0.0, -1.9, 0.0, 0.0, 0.1, 6.0, 0.0, -6.0, 0.0 | -120.6 | 4
0.0, -2.0, 0.0, 0.0, 0.0, 6.0, 0.0, -6.0, 0.0 | -137.55 | 3
-0.5, -2.0, 0.0, 0.0, 2.1, 5.5, 0.0, -6.0, 0.0 | -200.0 | 1
0.0, -2.0, 0.0, 0.0, 3.0, 6.3, 0.0, -6.0, 0.0 | -129.4 | 4
-1.0, -2.0, 0.0, 0.0, 0.5, 6.0, 0.0, -6.0, 0.0 | -200.0 | 1
0.0, -2.0, 0.0, 0.0, 1.9, 5.5, 0.0, -6.0, 0.0 | -124.1 | 4
0.0, -1.9, 0.0, 0.0, 1.0, 6.0, 0.0, -6.0, 0.0 | -130.65 | 3
0.0, -2.0, 0.0, 0.0, 2.0, 5.4, 0.0, -6.0, 0.0 | -130.9 | 3
0.0, -1.0, 0.0, 0.0, 0.5, 2.0, 0.0, -6.0, 0.0 | -126.95 | 4
0.0, -2.0, 0.0, 0.0, 0.5, 6.0, 0.0, -6.0, 0.0 | -138.2 | 3
0.0, -2.0, 0.0, 0.0, 2.0, 5.2, 0.0, -6.0, 0.0 | -137.4 | 3
1.0, -2.0, 0.0, 0.0, 2.1, 5.5, 0.0, -6.0, 0.0 | -200.0 | 1
0.0, -2.0, 0.0, 0.0, 3.2, 5.4, 0.0, -6.0, 0.0 | -124.25 | 4
0.0, -2.0, 0.0, 0.0, 3.0, 5.4, 0.0, -5.5, 0.5 | -200.0 | 1
0.0, -2.0, 0.0, 0.0, 2.0, 6.2, 0.0, -6.0, 0.0 | -141.05 | 3
-1.0, -2.0, 0.0, 0.0, 1.0, 6.0, 0.0, -6.0, 0.0 | -200.0 | 1
0.0, -2.1, 0.0, 0.0, 0.0, 6.2, 0.0, -6.0, 0.0 | -134.25 | 3
0.0, -6.0, 0.0, 0.0, 0.1, 6.0, 0.0, -6.0, 0.0 | -138.35 | 3
0.0, -2.0, 0.0, 0.0, 2.2, 5.5, 0.0, -6.0, 0.0 | -130.85 | 3
0.0, -2.0, 0.0, 0.0, 3.0, 4.4, 0.0, -6.0, 0.0 | -126.05 | 4
0.0, -0.5, 0.0, 0.0, 3.0, 5.4, 0.0, -6.0, 0.0 | -122.0 | 4
0.0, -2.0, 0.0, 0.0, 3.2, 5.4, 0.0, -5.9, 0.0 | -127.5 | 4
0.0, -1.0, 0.0, 0.0, 0.0, 6.0, 0.0, -2.0, 0.0 | -127.75 | 4
0.1, -1.9, 0.0, 0.0, 0.0, 6.0, 0.0, -6.0, 0.0 | -151.75 | 3
0.0, -2.0, 0.0, 0.0, 0.0, 6.0, 0.0, -6.0, 0.0 | -126.55 | 4
0.0, -2.0, 0.0, 0.0, 3.3, 5.4, 0.0, -5.9, 0.0 | -129.5 | 4
0.0, -2.0, 0.0, 0.0, 3.3, 5.4, 0.0, -6.0, 0.0 | -138.6 | 3
-1.0, -2.0, 0.5, -1.0, 2.0, 6.0, 0.0, -6.0, 0.0 | -200.0 | 1
0.0, -1.9, 0.0, 0.0, 0.2, 6.0, 0.0, -6.0, 0.0 | -131.65 | 3
-1.0, -6.0, 0.0, 0.0, 1.0, 6.0, 0.0, -6.0, 0.0 | -200.0 | 1
0.0, -2.0, 0.0, 0.0, 3.0, 5.4, 0.0, -6.0, 0.0 | -123.95 | 4
0.2, -2.0, 0.0, 0.0, 3.2, 5.3, 0.0, -6.0, 0.0 | -184.2 | 1
0.1, -2.0, 0.0, 0.0, 3.2, 5.4, 0.0, -6.0, 0.0 | -155.75 | 2
0.0, -6.0, 0.0, 0.0, 0.0, 6.0, 0.5, -6.0, 0.0 | -200.0 | 1
0.0, -2.0, 0.0, 0.0, 0.0, 6.0, 0.0, -6.0, -0.5 | -200.0 | 1
0.0, -2.9, 0.0, 0.0, 0.0, 6.0, 0.0, -6.0, 0.0 | -124.5 | 4
0.0, 0.0, 0.0, 0.0, -1.0, 6.0, 0.0, -6.0, 0.0 | -132.8 | 3
0.0, -2.0, 0.0, 0.0, 3.2, 5.2, 0.0, -6.0, 0.0 | -130.35 | 3
0.0, -2.0, 0.0, 0.0, 3.0, 5.3, 0.0, -6.0, 0.0 | -134.2 | 3
0.0, -2.0, 0.0, 0.0, 2.1, 5.5, 0.0, -5.9, 0.0 | -128.0 | 4
0.0, -2.0, 0.0, 0.0, 3.0, 5.2, 0.0, -5.8, 0.0 | -130.65 | 3
-0.2, -1.9, 0.0, 0.0, 0.0, 6.0, 0.0, -6.0, 0.0 | -198.5 | 1
0.1, -2.0, 0.0, 0.0, 2.1, 5.5, 0.0, -6.0, 0.0 | -134.6 | 3
0.0, -2.0, 0.0, 0.0, 2.0, 6.0, 0.5, -6.0, 0.5 | -124.8 | 4
0.0, -6.0, 0.0, 0.0, 0.0, 6.0, 0.0, -6.0, 0.0 | -117.1 | 4
-1.0, -5.0, 0.0, 0.0, 1.0, 5.0, 0.0, -2.0, 0.0 | -200.0 | 1
0.0, -0.8, 0.0, 0.0, 0.0, 6.0, 0.0, -6.0, 0.0 | -126.75 | 4
0.0, -1.0, 0.0, 0.0, 0.0, 5.0, 0.0, -5.0, 0.0 | -136.55 | 3
0.0, -2.1, 0.0, 0.0, 2.1, 6.0, 0.0, -6.0, 0.0 | -124.1 | 4
0.0, -2.0, 0.0, 0.0, 0.0, 6.0, 0.0, -6.0, 0.1 | -200.0 | 1
0.0, -2.0, 0.0, 0.0, 2.0, 5.5, 0.0, -6.0, 0.0 | -117.3 | 4
-2.0, -1.0, 0.0, 0.0, 2.0, 6.0, 0.0, -6.0, 0.0 | -200.0 | 1
0.0, -1.95, 0.0, 0.0, 0.0, 6.0, 0.0, -6.0, 0.0 | -122.35 | 4
-2.0, -1.0, 0.0, 0.0, 2.0, 6.0, 0.0, -6.0, 0.0 | -200.0 | 1
0.0, -2.0, 0.0, 0.0, 3.2, 5.2, 0.0, -6.0, 0.0 | -138.5 | 3
0.0, -2.0, 0.0, 0.0, 2.1, 5.6, 0.0, -6.0, 0.0 | -121.4 | 4
0.0, -1.9, 0.0, 0.0, 0.0, 6.0, 0.2, -5.0, 0.0 | -200.0 | 1
0.0, -2.0, 0.0, 0.0, 3.2, 5.4, 0.5, -6.0, 0.0 | -200.0 | 1
0.0, -2.0, 0.0, 0.0, 2.0, 5.5, 0.0, -5.5, 0.0 | -131.15 | 3
0.0, -2.3, 0.0, 0.0, 2.1, 5.3, 0.0, -6.0, 0.0 | -128.65 | 4
0.0, -2.0, 0.0, 0.0, 0.0, 5.8, 0.0, -6.0, 0.0 | -123.4 | 4
0.0, -2.0, 0.0, 0.0, 2.2, 5.4, 0.0, -6.0, 0.0 | -134.45 | 3
0.0, -1.0, 0.0, 0.0, 1.0, 6.0, 0.0, -6.0, 0.0 | -131.05 | 3
0.0, -2.0, 0.0, 0.0, 0.0, 6.0, 0.5, -6.0, 0.0 | -200.0 | 1
-1.0, -2.0, 0.0, 0.0, 1.0, 6.0, 0.0, -6.0, 0.0 | -200.0 | 1
-0.5, -1.0, 0.0, 0.0, 0.5, 6.0, 0.0, -6.0, 0.0 | -200.0 | 1
0.0, -2.3, 0.0, 0.0, 2.0, 6.0, 0.0, -6.0, 0.0 | -120.7 | 4
0.0, -2.0, 0.0, 0.0, 2.0, 5.0, 0.0, -6.0, 0.0 | -123.65 | 4
0.0, -1.9, 0.0, 0.0, 0.0, 6.0, 0.0, -6.0, 1.0 | -200.0 | 1
0.0, -2.0, 0.0, 0.0, 1.9, 6.0, 0.0, -6.0, 0.0 | -134.2 | 3
0.0, -2.0, 0.0, 0.0, 3.0, 6.4, 0.0, -6.0, 0.0 | -120.65 | 4
-1.0, -1.9, 0.0, 0.0, 0.0, 6.0, 0.0, -5.0, 0.0 | -200.0 | 1
0.0, -1.9, 0.5, 0.0, 0.0, 6.0, 0.0, -6.0, 0.0 | -200.0 | 1
0.0, -2.0, 0.0, 0.0, 2.0, 5.5, 0.1, -6.0, -0.1 | -200.0 | 1
-0.5, -2.0, 0.0, 0.0, 0.5, 6.0, 0.0, -6.0, 0.0 | -200.0 | 1
0.0, -2.0, 0.0, 0.0, 0.0, 6.0, 0.0, -6.0, 0.0 | -116.75 | 4
-1.0, -1.0, -1.0, 0.0, 0.0, 6.0, 0.0, -6.0, 0.0 | -131.1 | 3
0.0, -2.0, 0.0, 0.0, 2.1, 6.0, 0.0, -6.0, 0.0 | -131.45 | 3
0.0, -2.0, 0.0, 0.0, 1.1, 5.5, 0.0, -6.0, 0.0 | -132.7 | 3
-1.0, -1.0, 0.0, 0.0, 0.0, 2.0, 0.0, -6.0, 0.0 | -200.0 | 1
0.0, -1.9, 0.0, 0.0, 0.0, 6.0, 0.0, 0.3, 0.0 | -200.0 | 1
0.0, -1.9, 0.0, 0.0, 0.0, 6.0, 0.0, -5.0, 0.0 | -129.8 | 4
0.0, -2.0, 0.0, 0.0, 2.0, 5.2, 0.0, -6.0, 0.0 | -124.3 | 4
0.0, -3.0, 0.0, 0.0, 0.5, 6.0, 0.0, -6.0, 0.0 | -121.5 | 4
0.0, -2.0, 0.0, 0.0, 3.0, 5.6, 0.0, -6.0, 0.0 | -130.9 | 3
0.0, -2.0, 0.0, 0.0, 2.5, 5.5, 0.0, -6.0, 0.0 | -129.9 | 3
0.0, -2.0, 0.0, 0.0, 3.2, 5.3, 0.0, -6.0, 0.0 | -120.85 | 4
0.0, -1.0, 0.0, 0.0, 0.0, 4.0, 0.0, -6.0, 0.0 | -142.25 | 3
-0.5, -2.0, 0.0, 0.0, 3.2, 5.4, 0.0, -6.0, 0.0 | -200.0 | 1
-1.0, -2.0, 0.0, 0.0, 1.0, 2.0, 0.0, -6.0, 0.0 | -200.0 | 1
0.0, -2.0, 0.0, 0.0, 3.0, 5.5, 0.0, -6.0, 0.0 | -129.65 | 4
0.0, -1.9, 0.0, 0.0, 0.0, 6.0, -0.1, -6.0, 0.0 | -192.9 | 1
0.0, -1.5, 0.0, 0.0, 3.2, 5.4, 0.0, -6.0, 0.0 | -130.5 | 3
-1.0, -1.0, 0.0, 0.0, 0.0, 6.0, 0.0, -6.0, 0.0 | -200.0 | 1
0.0, -2.0, 0.0, 0.0, 2.1, 5.6, 0.0, -5.0, 0.0 | -126.5 | 4
0.0, -2.0, 0.0, 0.0, 2.0, 6.0, 0.0, -6.0, 0.0 | -117.4 | 4
0.0, -1.0, 0.0, 0.0, 0.0, 2.0, 0.0, -6.0, 0.0 | -124.6 | 4
0.0, -3.0, 0.0, 0.0, 0.0, 6.0, 0.0, -6.0, 0.0 | -126.3 | 4
0.0, -1.0, 0.0, 0.0, 1.0, 2.0, 0.0, -6.0, 0.5 | -200.0 | 1
0.0, -2.0, 0.0, 0.0, 2.1, 5.5, 0.0, -5.0, 0.0 | -138.9 | 3
0.5, -1.9, 0.0, 0.0, 0.5, 6.0, 0.0, -6.0, 0.0 | -200.0 | 1
0.0, -2.0, 0.0, 0.0, 3.2, 5.4, 0.5, -5.5, 0.0 | -200.0 | 1
0.0, -2.0, 0.0, 0.0, 0.5, 6.0, 0.0, -5.0, 0.0 | -128.65 | 4
0.0, -2.9, 0.0, 0.0, 0.0, 6.0, 0.0, -6.0, 1.0 | -200.0 | 1
0.0, -1.0, 0.0, 0.0, 0.0, 6.0, -0.5, -6.0, 0.0 | -200.0 | 1
0.0, -6.0, 0.0, 0.0, 0.0, 6.0, 0.0, -4.0, 2.0 | -200.0 | 1
0.0, -1.9, 0.0, 0.0, 0.0, 6.0, 0.0, -6.0, -0.5 | -200.0 | 1
0.0, -6.0, 0.0, 0.0, 0.5, 6.0, 0.0, -6.0, 0.0 | -123.5 | 4
-2.0, -1.0, 0.0, 0.0, 0.0, 6.0, 1.0, -6.0, 0.0 | -200.0 | 1
-1.0, -2.0, 0.0, 0.0, 3.2, 5.4, 0.0, -6.0, 0.0 | -200.0 | 1
0.0, -0.9, 0.0, 0.0, 0.0, 5.0, 0.0, -6.0, 0.0 | -137.65 | 3
0.0, -1.0, 0.0, 0.0, 2.1, 5.5, 0.0, -6.0, 0.0 | -133.95 | 3
0.0, -2.0, 0.0, 0.0, 3.0, 5.4, 0.0, -5.0, 0.0 | -136.6 | 3
0.0, -1.88, 0.0, 0.0, 0.0, 6.0, 0.0, -6.0, 0.0 | -126.0 | 4
0.0, -1.0, 0.0, 0.0, 0.5, 6.0, 0.0, -6.0, 0.0 | -126.15 | 4
0.0, -1.0, 0.0, 0.0, 0.0, 6.0, 0.0, -6.0, 1.0 | -200.0 | 1
0.0, -2.0, 0.0, 0.0, 0.0, 6.0, 0.0, -6.0, 0.0 | -132.85 | 3
0.0, -6.0, 0.0, -2.0, 0.0, 6.0, 0.0, -6.0, 0.0 | -134.1 | 3
1.0, -2.0, 0.0, 0.0, 0.0, 6.0, 0.0, -6.0, 0.0 | -200.0 | 1
0.0, -1.9, 0.0, 0.0, 0.0, 6.5, 0.0, -6.0, 0.0 | -138.4 | 3
0.0, -2.0, 0.0, 0.0, 2.2, 5.5, 0.0, -6.0, 0.0 | -131.6 | 3
0.0, -2.0, 1.0, -1.0, 3.2, 5.4, 0.0, -6.0, 0.0 | -200.0 | 1
-1.0, -1.0, 0.0, 0.0, 1.0, 5.0, 0.0, -6.0, 0.0 | -200.0 | 1
0.0, -1.9, 0.0, 0.0, 0.0, 6.0, 0.5, -6.0, 0.0 | -200.0 | 1
0.1, -2.0, 0.0, 0.0, 2.1, 5.5, 0.0, -6.0, 0.0 | -152.45 | 3
0.0, -1.9, 0.0, 0.0, -0.1, 6.0, 0.0, -6.0, 0.0 | -121.0 | 4
-1.0, -6.0, 0.0, 0.0, 1.0, 6.0, 0.0, -5.0, 0.0 | -200.0 | 1
0.0, -2.0, 0.0, 0.0, 0.0, 6.0, 0.5, -6.0, 0.5 | -143.1 | 3
-2.0, -1.0, 0.0, 0.0, 1.0, 6.0, 0.0, -6.0, 0.0 | -200.0 | 1
0.0, -2.0, 0.0, 0.0, 2.0, 5.6, 1.0, -6.0, 0.0 | -200.0 | 1
0.0, -1.85, 0.0, 0.0, 0.0, 6.0, 0.0, -6.0, 0.0 | -128.9 | 4
-6.0, -1.0, 0.0, 0.0, 0.0, 6.0, 0.0, -6.0, 0.0 | -200.0 | 1
0.0, -2.0, 0.0, 0.0, 3.2, 5.4, 0.0, -5.8, 0.0 | -131.35 | 3
0.0, -2.0, 0.0, 0.0, 2.1, 5.5, -0.5, -6.0, 0.0 | -200.0 | 1
0.0, -2.0, 0.0, 0.0, 2.0, 5.5, 0.1, -6.0, 0.0 | -194.3 | 1
0.0, -2.5, 0.0, 0.0, 3.2, 5.4, 0.0, -6.0, 0.0 | -124.0 | 4
0.0, -2.0, 0.0, 0.0, 2.1, 5.6, 0.0, -6.0, 0.0 | -127.45 | 4
-0.5, -1.0, 0.0, 0.0, 0.5, 6.0, 0.0, -6.0, 0.5 | -200.0 | 1
0.0, -1.9, 1.0, 0.0, 0.0, 6.0, 0.0, -6.0, 0.0 | -200.0 | 1
0.0, -2.0, 0.0, 0.0, 3.2, 5.4, 0.0, -6.0, 0.0 | -106.45 | 4
-0.1, -1.9, 0.0, 0.0, 0.0, 6.0, 0.0, -6.0, 0.0 | -164.8 | 2
0.0, -7.0, 0.0, 0.0, 0.0, 7.0, 0.0, -6.0, 0.0 | -129.45 | 4
0.0, -2.0, 0.0, 0.0, 0.0, 6.0, 0.0, -5.9, 0.0 | -142.0 | 3
-0.2, -1.9, 0.0, 0.0, 0.2, 6.0, 0.0, -6.0, 0.0 | -197.0 | 1
0.0, -2.0, 0.0, 0.0, 2.0, 5.4, 0.0, -6.0, 0.0 | -117.7 | 4
-2.0, -6.0, 0.0, 0.0, 2.0, 6.0, 0.0, -6.0, 0.0 | -200.0 | 1
0.2, -1.9, 0.0, 0.0, 0.0, 6.0, 0.0, -6.0, 0.0 | -176.25 | 2
0.0, -2.0, 0.0, 0.0, 3.2, 5.4, 0.0, -6.0, 0.0 | -137.8 | 3
2.0, -1.0, 0.0, 0.0, 0.0, 2.0, 2.0, -6.0, 0.0 | -200.0 | 1
0.0, -2.0, 0.0, 0.0, 2.1, 5.5, 0.0, -5.8, 0.0 | -132.7 | 3
0.0, -1.9, 0.0, 0.0, 0.0, 6.0, 0.0, -5.0, 0.0 | -123.4 | 4
0.0, -2.0, 0.0, 0.0, 3.1, 5.4, 0.0, -6.0, 0.0 | -137.45 | 3
0.0, -1.0, 0.0, 0.0, -1.0, 6.0, 0.0, -6.0, 0.0 | -128.35 | 4
0.0, -1.9, 0.0, 0.0, 0.6, 6.0, 0.0, -5.0, 0.0 | -134.85 | 3
-1.0, -1.0, 0.0, 0.0, 1.0, 2.0, 0.0, -6.0, 0.0 | -200.0 | 1
0.0, -4.0, 0.0, 0.0, 0.0, 6.0, 0.0, -6.0, 0.0 | -135.3 | 3
0.0, -1.85, 0.0, 0.0, 0.0, 6.0, 0.0, -6.0, 0.0 | -132.9 | 3
-1.0, -1.0, 0.0, 0.0, 1.0, 2.0, 0.0, -6.0, 0.0 | -200.0 | 1
-0.2, -2.0, 0.0, 0.0, 2.1, 5.5, 0.0, -6.0, 0.0 | -198.6 | 1
-0.5, -2.0, 0.0, 0.0, 0.5, 6.0, 0.0, -6.0, 0.0 | -200.0 | 1
0.5, -4.2, 0.0, 0.6, 2.3, 6.0, -5.0, -5.0, 0.0 | -200.0 | 1
0.0, -5.0, 0.0, 0.0, 2.2, 6.0, 0.0, -5.0, 0.0 | -137.85 | 3
0.0, -4.0, 0.0, 0.5, 2.6, 6.0, 0.0, -5.0, 0.0 | -127.9 | 4
0.0, -5.2, 0.0, 0.0, 2.2, 5.0, 0.0, -5.0, 0.0 | -130.25 | 3
0.0, -4.2, 0.0, 0.5, 2.4, 6.0, 0.0, -5.0, 0.0 | -138.9 | 3
0.0, -4.1, 0.0, 0.5, 2.6, 5.2, 0.0, -4.8, 0.0 | -141.55 | 3
0.0, -5.2, 0.0, 0.0, 2.2, 6.0, 0.0, -5.0, 1.0 | -200.0 | 1
0.0, -4.0, 0.0, 0.6, 2.3, 5.0, 0.0, -5.0, 0.0 | -136.85 | 3
0.0, -5.2, 0.0, 0.0, 2.3, 6.0, 0.0, -5.0, 0.0 | -135.65 | 3
0.0, -5.0, 0.0, 0.0, 2.2, 6.0, 0.0, -5.0, 0.0 | -122.8 | 4
0.0, -6.0, 0.0, 0.0, 0.0, 6.0, 0.0, -6.0, 0.0 | -137.3 | 3
-2.0, -6.0, 0.0, 0.0, 2.0, 6.0, 0.0, -4.0, 0.0 | -200.0 | 1
0.0, -4.0, 0.0, 0.6, 2.6, 5.1, 0.0, -5.0, 0.0 | -134.2 | 3
0.1, -4.0, 0.0, 0.5, 2.2, 6.0, 0.0, -5.0, 0.0 | -168.45 | 2
0.0, -5.1, 0.0, 0.0, 2.2, 6.0, 0.0, -5.0, 0.0 | -119.55 | 4
0.0, -4.3, 0.0, 0.4, 2.2, 6.0, 0.0, -5.0, 0.0 | -140.45 | 3
0.5, -4.8, 0.5, -0.5, 2.0, 5.5, 0.0, -4.5, 0.0 | -134.7 | 3
0.0, -6.0, 0.0, 0.0, 1.1, 6.0, 0.0, -5.0, 0.0 | -129.9 | 3
0.0, -5.2, 0.0, 0.0, 2.2, 6.0, -0.5, -5.0, 0.0 | -200.0 | 1
0.0, -3.2, 0.0, 0.5, 2.2, 6.0, 0.0, -5.0, 0.0 | -131.05 | 3
-2.0, -6.0, 0.0, 0.0, 1.5, 6.0, 0.0, -5.0, 0.0 | -200.0 | 1
0.0, -5.2, 0.0, 0.0, 2.2, 6.0, 0.0, -6.0, 0.0 | -125.85 | 4
0.0, -4.0, 0.0, 0.5, 2.5, 4.5, 0.0, -5.0, 0.0 | -132.1 | 3
0.0, -4.2, 1.0, 0.5, 2.2, 6.0, 0.0, -5.0, 0.0 | -200.0 | 1
0.0, -4.2, 0.0, 0.44, 2.2, 6.0, 0.0, -5.0, 0.0 | -122.1 | 4
0.0, -4.2, 0.0, 0.4, 2.2, 6.0, 0.0, -5.2, 0.0 | -125.05 | 4
0.0, -6.0, 0.0, 0.0, 2.0, 6.0, 0.0, -5.0, 0.0 | -139.95 | 3
0.0, -5.2, 0.0, 0.0, 2.0, 6.0, 0.0, -5.0, 0.0 | -135.0 | 3
0.0, -4.2, 0.0, 0.45, 2.2, 6.0, 0.0, -5.0, 0.0 | -121.45 | 4
0.0, -4.0, 0.0, 0.5, 2.6, 6.0, 0.0, -4.0, 0.0 | -131.55 | 3
0.0, -5.2, 0.0, 0.0, 2.2, 6.0, 0.0, -4.0, 0.0 | -161.1 | 2
0.0, -5.2, 0.0, 0.5, 2.4, 6.0, 0.0, -5.0, 0.0 | -133.8 | 3
0.0, -4.2, 0.0, 0.5, 2.2, 6.5, 0.0, -5.0, 0.0 | -132.65 | 3
0.0, -4.0, 0.0, 0.5, 2.6, 5.1, 0.1, -5.0, 0.0 | -198.5 | 1
0.0, -5.2, 0.0, 0.0, 2.2, 6.0, 0.0, -5.0, -1.0 | -200.0 | 1
-2.0, -6.0, 0.0, 0.0, 2.0, 6.0, 0.0, -4.0, 0.0 | -200.0 | 1
0.5, -6.0, 0.0, 0.0, 0.0, 6.0, 0.5, -5.0, 0.0 | -200.0 | 1
0.0, -4.0, 0.0, 0.5, 2.3, 5.0, 0.0, -6.0, 0.0 | -135.35 | 3
0.0, -4.2, 0.0, 0.4, 2.2, 6.0, 0.0, -5.0, 0.0 | -137.9 | 3
0.0, -5.2, 0.0, 0.0, 2.2, 6.0, 0.0, -5.5, 0.0 | -137.5 | 3
0.0, -4.5, 0.0, 0.0, 2.2, 6.0, 0.0, -5.0, 0.0 | -123.65 | 4
0.0, -5.2, 0.0, 0.0, 2.2, 6.0, 0.0, -5.0, 0.1 | -193.2 | 1
0.0, -4.1, 0.0, 0.6, 2.4, 5.0, 0.0, -5.0, 0.0 | -128.95 | 4
0.0, -6.0, 0.0, 0.0, 0.0, 6.0, 0.0, -3.0, 0.0 | -193.15 | 1
0.0, -5.2, 0.0, 0.0, 2.2, 6.2, 0.0, -5.0, 0.0 | -136.8 | 3
0.0, -4.2, 1.0, 0.5, 2.2, 6.0, 0.0, -5.0, 0.0 | -200.0 | 1
0.0, -5.0, 0.0, 0.0, 0.0, 5.0, 0.0, -6.0, 2.0 | -200.0 | 1
0.0, -4.0, 0.2, 0.5, 2.3, 6.0, 0.0, -5.0, 0.0 | -200.0 | 1
0.0, -4.0, 0.0, 0.5, 2.6, 5.1, 0.0, -5.1, 0.0 | -126.75 | 4
0.0, -4.1, 0.0, 0.5, 2.2, 6.0, 0.0, -5.0, 0.0 | -127.4 | 4
0.0, -4.0, 0.0, 0.5, 2.3, 4.5, 0.0, -5.0, 0.0 | -120.6 | 4
0.0, -5.2, 0.0, 0.0, 2.2, 6.0, 0.0, -4.9, 0.0 | -148.2 | 3
1.0, -5.2, 0.0, 0.0, 2.2, 6.0, 0.0, -5.0, 0.0 | -200.0 | 1
0.0, -3.9, 0.0, 0.5, 2.6, 5.1, 0.0, -4.9, 0.0 | -124.05 | 4
-0.5, -4.2, 0.5, 0.5, 2.2, 6.0, 0.0, -5.0, 0.0 | -200.0 | 1
0.0, -5.0, 0.0, 0.0, 2.2, 6.0, 0.0, -4.8, 0.0 | -129.3 | 4
0.0, 0.0, 0.0, 0.0, 2.3, 6.0, 0.0, -5.0, 0.2 | -200.0 | 1
0.0, -4.2, 0.0, 0.5, 2.2, 6.0, 0.0, -5.0, 0.0 | -131.55 | 3
0.0, -6.0, 0.0, 0.0, 1.0, 6.0, 0.0, -5.5, 0.0 | -137.1 | 3
0.0, -4.0, 0.0, 0.6, 2.2, 6.0, 0.0, -5.0, 0.0 | -129.6 | 4
0.0, -6.0, 0.0, 0.0, 0.0, 6.0, 0.0, -4.0, 0.0 | -156.05 | 2
0.0, -6.0, 0.0, 0.0, 0.0, 6.0, 0.0, -5.0, 0.0 | -134.25 | 3
0.5, -5.0, 0.0, 0.0, 2.2, 6.0, 0.0, -5.0, 0.0 | -200.0 | 1
-0.5, -6.0, 0.0, 0.0, 1.0, 6.0, 0.0, -5.0, 0.0 | -200.0 | 1
0.5, -6.0, 0.0, 0.0, 1.0, 6.0, 0.0, -5.0, 0.0 | -200.0 | 1
0.0, -6.0, 0.0, 0.0, 0.0, 6.0, 0.0, -5.0, 0.0 | -158.9 | 2
0.0, -4.0, 0.0, 0.5, 2.35, 5.0, 0.0, -5.0, 0.0 | -126.65 | 4
-4.0, -2.0, 0.0, 0.0, 4.0, 2.0, 0.0, -2.0, -1.0 | -200.0 | 1
0.0, -5.0, 0.0, 0.0, 2.2, 5.0, 0.0, -5.0, 0.0 | -127.6 | 4
-1.0, -6.0, 0.0, 0.0, 0.0, 6.0, 0.0, -5.0, 0.0 | -200.0 | 1
0.0, -6.0, 0.0, 0.0, 1.0, 5.5, 0.0, -5.0, 0.0 | -149.15 | 3
0.0, -4.2, 0.0, 0.4, 2.2, 6.0, 0.0, -5.0, 0.0 | -128.9 | 4
0.0, -4.2, 0.0, 0.0, 2.5, 6.0, 0.0, -5.0, 0.0 | -128.95 | 4
0.0, -5.2, 0.0, 0.0, 2.2, 5.0, 0.0, -5.0, 0.0 | -144.65 | 3
-5.0, -6.0, 0.0, 0.0, 5.0, 6.0, 0.0, -2.0, 0.5 | -200.0 | 1
-2.0, -2.0, 0.0, 0.0, 2.0, 2.0, 0.0, -5.0, 0.0 | -200.0 | 1
0.0, -4.2, 0.0, 0.5, 2.2, 6.0, 0.0, -5.0, 0.5 | -200.0 | 1
0.0, -6.0, 0.0, 0.0, 2.0, 6.0, 0.0, -5.0, 0.0 | -153.05 | 3
0.5, -5.2, 0.0, 0.0, 2.2, 6.0, 0.0, -5.0, 0.0 | -200.0 | 1
0.0, -4.2, 0.0, 0.5, 2.2, 6.0, -1.0, -5.0, 1.0 | -200.0 | 1
0.0, -4.2, 0.0, 0.5, 2.2, 6.0, 0.0, -5.0, 0.0 | -142.9 | 3
1.0, -4.0, 0.0, 0.5, 2.3, 5.0, 0.0, -5.0, 0.0 | -200.0 | 1
0.0, -4.0, 0.0, 0.5, 2.2, 6.0, -0.5, -5.0, 0.0 | -200.0 | 1
0.0, -5.0, 0.0, 0.0, 1.0, 6.0, 0.0, -5.0, 0.0 | -135.15 | 3
0.0, -4.2, 0.0, 0.48, 2.2, 6.0, 0.0, -5.0, 0.0 | -142.25 | 3
0.0, -6.0, 0.0, 0.0, 1.0, 6.0, 0.5, -5.0, 0.0 | -200.0 | 1
-2.0, 0.0, -2.0, 0.0, 2.0, 2.0, 1.0, 0.0, -1.0 | -200.0 | 1
-1.0, -6.0, 0.0, 0.0, 1.0, 6.0, 0.0, -4.0, 0.0 | -200.0 | 1
0.5, -6.0, 0.0, 0.0, 1.0, 6.0, 0.0, -5.0, 0.0 | -200.0 | 1
0.0, -6.0, 0.0, 0.0, 1.2, 5.5, 0.0, -5.0, 0.0 | -147.7 | 3
0.0, -5.2, 0.1, 0.0, 2.2, 6.0, 0.0, -5.0, 0.0 | -173.0 | 2
0.0, -5.2, 0.0, 0.0, 1.2, 6.0, 0.0, -5.0, 0.0 | -125.05 | 4
0.0, -4.0, 0.0, 0.5, 2.3, 5.2, 0.0, -5.0, 0.0 | -124.9 | 4
0.0, -5.0, 0.0, 0.0, 2.0, 6.0, 0.0, -5.0, 0.0 | -138.7 | 3
0.0, -6.0, 0.0, 0.0, 2.0, 6.0, 0.0, -5.0, 0.0 | -140.4 | 3
0.0, -4.2, 0.0, 0.5, 2.2, 6.0, 0.0, -6.0, 0.0 | -126.9 | 4
0.0, -4.2, 0.0, 0.42, 2.2, 6.0, 0.0, -5.0, 0.0 | -128.9 | 4
0.0, -5.0, 0.0, 0.0, 2.2, 6.0, -0.5, -5.0, 0.0 | -200.0 | 1
0.0, -3.9, 0.0, 0.5, 2.3, 5.0, 0.0, -5.0, 0.0 | -132.9 | 3
0.0, -3.2, 0.0, 0.5, 2.2, 6.0, 0.0, -5.0, 0.0 | -133.2 | 3
0.0, -4.0, 0.0, 1.5, 2.2, 6.0, 0.0, -5.0, 0.0 | -131.6 | 3
-4.0, -2.0, 0.0, 0.0, 4.0, 5.0, -1.0, -4.0, 1.0 | -200.0 | 1
0.0, -4.0, 0.0, 0.5, 2.6, 5.2, 0.0, -5.0, 0.0 | -133.1 | 3
0.0, -5.2, 0.0, 0.0, 2.2, 6.0, -0.2, -5.0, 0.0 | -200.0 | 1
0.0, -4.2, 0.0, 0.5, 2.4, 5.0, 0.0, -5.0, 0.0 | -123.6 | 4
0.0, -5.2, 0.0, 0.0, 2.2, 6.0, 0.0, -5.0, 1.0 | -200.0 | 1
0.0, -5.2, 0.0, 0.0, 3.2, 6.0, 0.0, -5.0, 0.0 | -136.5 | 3
0.0, -4.0, 0.0, 0.5, 2.6, 5.1, 0.0, -5.0, 0.0 | -117.95 | 4
-2.0, -5.0, 0.0, 0.0, 2.0, 5.0, 0.0, -5.0, 0.0 | -200.0 | 1
0.0, -6.0, 0.0, 0.0, 1.0, 6.0, 0.0, -5.0, 0.0 | -125.1 | 4
0.0, -4.2, 0.1, 0.5, 2.2, 6.0, 0.0, -5.0, 0.0 | -177.45 | 1
0.0, -4.0, 0.0, 0.5, 2.3, 5.0, 0.0, -5.0, 1.0 | -200.0 | 1
0.0, -5.2, 0.0, 0.0, 2.2, 6.0, 0.0, -5.0, 0.0 | -111.2 | 4
0.0, -5.0, 0.0, 0.0, 2.0, 6.0, 0.0, -5.0, 0.0 | -126.9 | 4
0.0, -4.0, 0.0, 0.5, 2.7, 5.1, 0.0, -5.0, 0.0 | -125.4 | 4
0.0, -6.0, 0.0, 0.0, 1.0, 6.0, 0.0, 0.0, 0.0 | -200.0 | 1
0.0, -5.2, 0.0, 0.0, 2.2, 6.0, 0.0, -5.0, 0.5 | -200.0 | 1
1.0, -5.2, 0.0, 0.0, 2.2, 6.0, 0.0, -5.0, 0.0 | -200.0 | 1
0.0, -6.0, 0.0, -1.0, 1.0, 6.0, 0.0, -5.0, 0.0 | -141.6 | 3
0.0, -3.8, 0.0, 0.5, 2.3, 5.0, 0.0, -5.0, 0.0 | -134.0 | 3
0.0, -6.0, 0.0, 0.0, 1.0, 6.0, 0.0, -4.0, 1.0 | -200.0 | 1
0.0, -5.0, 0.0, 0.0, 1.0, 6.0, 0.0, -5.0, 0.0 | -138.65 | 3
0.0, -3.5, 0.0, 0.5, 2.3, 5.0, 0.0, -5.0, 0.0 | -141.3 | 3
0.0, -4.0, 0.0, 0.5, 2.2, 6.0, 0.0, -5.0, 0.0 | -132.4 | 3
0.0, -4.2, 0.0, 0.5, 2.6, 5.1, 0.0, -5.0, 0.0 | -136.2 | 3
-0.5, -5.2, 0.0, 0.0, 2.2, 6.0, -0.2, -5.0, 0.0 | -194.05 | 1
-0.5, -5.2, 0.0, 0.0, 2.2, 6.0, 0.0, -5.0, 0.5 | -200.0 | 1
0.1, -4.2, 0.0, 0.5, 2.2, 6.0, 0.0, -5.0, 0.0 | -148.0 | 3
-1.0, -5.0, 0.0, 0.0, 1.0, 5.0, 0.0, -4.0, 0.0 | -200.0 | 1
0.0, -4.0, 0.0, 0.5, 2.3, 5.0, 0.0, -5.5, 0.0 | -120.7 | 4
0.0, -4.0, 0.0, 0.5, 2.3, 5.0, 0.0, -5.0, 0.0 | -121.2 | 4
0.2, -4.2, 0.0, 0.5, 2.2, 6.0, 0.0, -5.0, 0.0 | -176.0 | 2
0.0, -6.0, 0.5, 0.0, 1.0, 6.0, 0.0, -5.0, 0.0 | -200.0 | 1
0.0, -5.0, 0.0, 0.0, 3.2, 6.0, 0.0, -5.0, 0.0 | -131.3 | 3
0.0, -4.0, 0.0, 0.5, 2.7, 5.0, 0.0, -5.0, 0.0 | -134.4 | 3
-1.0, -4.0, 0.0, 0.5, 2.3, 5.0, 0.0, -5.0, 0.0 | -200.0 | 1
0.0, -4.0, 0.0, 0.5, 2.3, 5.0, 0.0, -4.8, 0.0 | -124.35 | 4
0.0, -4.2, 1.0, 0.5, 2.2, 6.0, 0.0, -5.0, 0.0 | -200.0 | 1
0.0, -4.0, 0.0, 0.5, 2.3, 4.9, 0.0, -5.0, 0.0 | -140.0 | 3
0.0, -4.0, 0.0, 0.5, 2.2, 6.0, 0.0, -4.5, 0.0 | -136.4 | 3
0.0, -4.2, 0.0, 0.5, 2.2, 6.0, 1.0, -5.0, 0.0 | -200.0 | 1
0.0, -4.0, 0.0, 0.5, 2.3, 4.9, 0.0, -5.0, 0.0 | -122.25 | 4
0.0, -6.0, 1.0, 0.0, 1.0, 6.0, 0.0, -5.0, 0.0 | -200.0 | 1
-5.0, 0.0, 0.0, 0.0, 5.0, 5.0, 1.0, -5.0, 0.0 | -200.0 | 1
0.0, -5.5, 0.0, 0.0, 2.2, 6.0, 0.0, -5.0, 0.0 | -124.9 | 4
0.0, -5.2, 0.0, 0.0, 2.2, 6.0, 0.0, -4.5, 0.0 | -146.0 | 3
0.0, -4.0, 0.0, 0.5, 2.3, 5.0, 0.0, -6.0, 0.0 | -125.85 | 4
0.0, -4.0, 0.0, 0.5, 2.2, 6.0, 0.0, -4.0, 0.0 | -131.8 | 3
1.0, -4.2, 0.0, 0.5, 2.2, 6.0, 0.0, -5.0, 0.0 | -200.0 | 1
-6.0, 0.0, 6.0, -6.0, 0.0, 6.0, 0.0, -5.0, 0.0 | -200.0 | 1
0.2, -5.2, 0.0, 0.0, 2.2, 6.0, 0.0, -5.0, 0.0 | -167.0 | 2
0.0, -3.9, 0.0, 0.5, 2.3, 6.0, 0.0, -5.0, 0.0 | -132.2 | 3
0.0, -4.0, 0.0, 0.5, 2.3, 6.0, -1.0, -5.0, 0.0 | -200.0 | 1
0.0, -3.9, 0.0, 0.5, 2.2, 6.0, 0.0, -5.0, 0.0 | -129.5 | 4
-1.0, -6.0, 0.0, 0.0, 2.0, 6.0, 0.0, -5.0, 0.0 | -200.0 | 1
0.0, -6.0, 0.0, 0.0, 1.0, 5.0, 0.0, -5.0, 0.0 | -142.15 | 3
0.0, -4.0, 0.0, 0.4, 2.3, 5.0, 0.0, -5.0, 0.0 | -131.4 | 3
-1.0, -5.2, 0.0, 0.0, 2.2, 6.0, 0.0, -5.0, 0.0 | -200.0 | 1
-1.0, -4.2, 0.0, 0.5, 2.2, 6.0, 0.0, -5.0, 0.0 | -200.0 | 1
-0.2, -5.2, 0.0, 0.0, 2.2, 6.0, 0.0, -5.0, 0.0 | -198.65 | 1
-1.0, -6.0, 0.0, 0.0, 1.0, 6.0, 0.0, -5.0, 0.0 | -200.0 | 1
0.0, -4.0, 0.0, 0.5, 2.3, 5.1, 0.0, -5.0, 0.0 | -131.5 | 3
0.0, -6.0, 0.0, 0.0, 1.0, 6.0, 0.0, -5.0, -0.5 | -200.0 | 1
0.0, -6.0, 0.0, 0.0, 0.0, 6.0, 0.0, -5.0, 1.0 | -200.0 | 1
-0.5, -6.0, 0.0, 0.0, 0.5, 6.0, 0.0, -5.0, 0.0 | -200.0 | 1
0.0, -4.0, 0.0, 0.5, 2.5, 5.1, 0.0, -4.0, 0.0 | -133.35 | 3
0.0, -6.0, 0.0, 0.0, 1.0, 6.0, 0.0, -5.0, 1.0 | -200.0 | 1
0.0, -4.0, 0.0, 0.5, 2.2, 5.0, 0.0, -5.0, 0.0 | -141.8 | 3
-1.0, -5.5, 0.0, 0.0, 1.0, 5.5, 0.0, -4.0, 0.0 | -200.0 | 1
0.0, -4.0, 0.0, 0.5, 2.3, 5.9, 0.0, -5.0, 0.0 | -136.4 | 3
-1.0, -6.0, 0.0, 0.0, 1.0, 6.0, 0.0, -5.0, 0.0 | -200.0 | 1
0.0, -4.2, 0.0, 0.3, 2.2, 6.0, 0.0, -5.0, 0.0 | -125.05 | 4
0.0, -6.0, 0.0, 0.0, 1.0, 6.0, 0.0, -4.8, 0.0 | -159.9 | 2
0.0, -4.2, 0.0, 0.4, 2.3, 6.0, 0.0, -5.0, 0.0 | -129.7 | 4
-6.0, 0.0, 0.0, 0.0, 6.0, 0.0, 0.0, -5.0, 0.0 | -200.0 | 1
0.5, -4.0, 0.5, 0.5, 2.3, 5.2, 0.0, -5.0, 0.0 | -135.05 | 3
-1.0, -4.2, 0.0, 0.0, 2.2, 6.0, 0.0, -5.0, 0.0 | -200.0 | 1
0.0, -4.2, 0.0, 0.5, 2.4, 5.8, 0.0, -5.0, 0.0 | -124.35 | 4
-0.7, -5.2, 0.0, 0.0, 2.2, 6.0, 0.0, -5.0, 0.0 | -200.0 | 1
0.5, -5.0, 0.0, 0.0, 2.2, 6.0, 0.0, -5.0, 0.0 | -200.0 | 1
0.0, -4.0, 0.0, 0.5, 2.7, 5.2, 0.0, -5.0, 0.0 | -128.15 | 4
0.0, -4.0, 0.0, 0.5, 3.3, 6.0, 0.0, -5.0, 0.0 | -118.75 | 4
0.0, -6.0, 0.0, 1.0, 1.0, 6.0, 0.0, -5.0, 0.0 | -140.35 | 3
0.0, -3.0, 0.0, 0.5, 3.3, 6.0, 0.0, -5.0, 0.0 | -125.35 | 4
0.0, -6.0, 0.0, 0.0, 1.0, 6.0, 0.0, -5.0, 0.5 | -200.0 | 1
0.0, -4.0, 0.0, 0.5, 2.5, 6.0, 0.0, -5.5, 0.0 | -131.4 | 3
1.0, -4.0, 0.0, 0.5, 2.3, 5.0, 0.0, -5.0, 0.0 | -200.0 | 1
0.0, -4.0, 0.0, 0.5, 2.6, 5.0, 0.0, -5.0, 0.0 | -118.9 | 4
0.0, -4.2, 0.0, 0.6, 2.2, 6.0, 0.0, -5.0, 0.0 | -130.05 | 3
0.0, -4.0, 0.0, 0.0, 2.2, 6.0, 0.0, -5.0, 0.0 | -132.85 | 3
0.0, -5.2, 1.0, 0.0, 2.2, 6.0, 0.0, -5.0, 0.0 | -200.0 | 1
0.1, -4.0, 0.0, 0.5, 2.2, 6.0, 0.0, -5.0, 0.0 | -140.1 | 3
0.0, -6.0, 0.0, 0.0, 1.0, 6.0, 0.0, -5.0, -0.5 | -200.0 | 1
0.0, -6.0, 0.0, 0.0, 1.0, 6.0, -0.5, -5.0, 0.0 | -200.0 | 1
0.0, -4.0, 0.0, 0.5, 2.6, 6.0, 0.0, -3.5, 0.0 | -129.25 | 4
-1.0, -6.0, 0.0, 0.0, 1.0, 6.0, 0.0, -3.0, 0.0 | -200.0 | 1
-2.0, -6.0, 0.0, 0.0, 1.5, 6.0, 0.0, -4.5, 0.5 | -200.0 | 1
0.0, -4.0, 0.0, 0.5, 2.3, 5.5, 0.0, -5.0, 0.0 | -132.4 | 3
0.0, -5.3, 0.0, 0.0, 2.2, 6.0, 0.0, -5.0, 0.0 | -131.55 | 3
0.0, -4.2, 0.0, 0.4, 2.2, 6.0, 0.0, -5.0, 0.0 | -120.95 | 4
0.5, -4.2, 0.0, 0.5, 2.2, 6.0, 0.0, -5.0, 0.0 | -200.0 | 1
0.0, -3.0, 0.0, 0.5, 2.3, 6.0, 0.0, -5.0, 0.0 | -125.75 | 4
0.0, -4.2, 0.0, 0.55, 2.2, 6.0, 0.0, -5.0, 0.0 | -138.15 | 3
0.0, -4.2, 0.0, 0.5, 2.2, 5.5, 0.0, -5.0, 0.0 | -130.35 | 3
0.0, -4.0, 0.0, 0.5, 2.4, 5.5, 0.0, -4.0, 0.0 | -121.45 | 4
0.0, -4.2, 0.0, 0.4, 2.2, 6.0, 0.0, -4.9, 0.0 | -134.2 | 3
0.0, -4.0, 0.0, 0.5, 2.3, 4.8, 0.0, -5.0, 0.0 | -130.0 | 3
0.0, -4.0, 0.0, 0.5, 2.6, 5.1, -0.5, -5.0, 0.0 | -200.0 | 1
-2.0, -6.0, 0.0, 0.0, 2.0, 6.0, 0.0, -5.0, 0.0 | -200.0 | 1
0.0, -4.0, 0.0, 0.0, 2.2, 6.0, 0.0, -5.0, 0.0 | -130.1 | 3
0.0, -4.2, 0.0, 0.47, 2.15, 5.9, 0.0, -5.0, 0.0 | -134.1 | 3
-0.1, -5.2, 0.0, 0.0, 2.2, 6.0, 0.0, -5.0, 0.0 | -163.8 | 2
0.0, -5.2, 0.0, 0.0, 2.2, 6.0, 0.0, -5.0, 0.0 | -118.8 | 4
0.0, -4.0, 0.0, 0.5, 2.3, 5.0, 0.0, -4.9, 0.0 | -133.3 | 3
0.0, -4.0, 1.0, 0.5, 2.3, 6.0, 0.0, -5.0, 0.0 | -200.0 | 1
0.0, -5.2, 0.0, 0.0, 2.3, 6.0, 0.0, -5.0, 0.0 | -128.65 | 4
0.0, -5.2, 0.0, 0.0, 2.2, 6.0, 0.0, -5.0, 0.0 | -127.1 | 4
0.1, -4.2, 0.0, 0.5, 2.2, 6.0, 0.0, -5.0, 0.0 | -151.4 | 3
0.0, -4.0, 0.0, 0.5, 2.2, 6.0, 0.0, -5.0, 0.0 | -133.7 | 3
0.0, -4.0, 0.0, 0.5, 2.25, 5.0, 0.0, -5.0, 0.0 | -128.1 | 4
0.0, -4.0, 0.0, 0.5, 2.4, 5.0, 0.0, -5.0, 0.0 | -122.65 | 4
0.0, -5.2, 0.0, 0.0, 2.2, 5.5, 0.0, -5.0, 0.0 | -131.85 | 3
0.0, -6.0, 0.0, 0.0, 0.6, 6.0, 0.0, -6.0, 1.0 | -200.0 | 1
0.0, -4.0, 0.0, 0.5, 2.2, 6.0, 0.0, -5.0, 0.0 | -116.8 | 4
0.0, -5.2, 0.0, 0.0, 2.5, 6.0, 0.0, -5.0, 0.0 | -137.6 | 3
0.0, -6.0, 0.0, 0.0, 2.0, 6.0, 0.0, -5.0, 0.0 | -138.45 | 3
0.0, -5.2, 0.0, -0.5, 2.2, 6.0, 0.0, -5.0, 0.0 | -138.25 | 3
0.0, -6.0, 0.0, 0.0, 1.5, 6.0, 0.0, -4.5, 0.5 | -200.0 | 1
0.0, -5.2, -1.0, 0.0, 2.2, 6.0, 0.0, -5.0, 0.0 | -200.0 | 1
0.0, -5.3, 0.0, 0.0, 2.2, 6.0, 0.0, -5.0, 0.0 | -130.3 | 3
0.0, -5.0, 0.0, 0.0, 2.1, 5.9, 0.0, -5.0, 0.0 | -146.3 | 3
0.0, -4.0, 0.0, 0.5, 2.1, 6.0, 0.0, -5.0, 0.0 | -138.25 | 3
5.0, -5.0, 0.0, 0.0, -5.0, 5.0, -1.0, -3.0, -1.0 | -200.0 | 1
0.0, -4.0, 0.0, 0.5, 2.5, 5.1, 0.0, -5.0, 0.0 | -128.0 | 4
0.0, -5.0, 0.0, 0.5, 2.3, 5.0, 0.0, -5.0, 0.0 | -128.0 | 4
0.0, -4.0, 0.5, 0.5, 2.3, 6.0, 0.0, -5.0, 0.5 | -200.0 | 1
-1.0, -6.0, 0.0, 0.0, 1.0, 6.0, 0.0, -5.0, 0.0 | -200.0 | 1
-1.0, -5.0, 0.0, 0.0, 1.0, 5.0, 0.0, -4.0, 0.0 | -200.0 | 1
0.0, -6.0, 0.0, 0.0, 2.0, 6.0, 0.0, -5.0, 0.0 | -141.2 | 3
0.0, -4.2, 0.0, 0.5, 2.2, 6.0, 0.0, -4.8, 0.0 | -138.8 | 3
0.0, -5.2, 0.0, 0.0, 2.2, 6.0, 0.0, -5.0, 0.2 | -200.0 | 1
0.0, -4.2, 0.0, 0.5, 2.4, 6.0, 0.0, -5.0, 0.0 | -125.15 | 4
0.0, -4.0, 0.0, 0.4, 2.2, 6.0, 0.0, -5.0, 0.0 | -132.05 | 3
0.0, -4.3, 0.0, 0.5, 2.6, 6.0, 0.0, -4.0, 0.0 | -128.55 | 4
0.0, -5.2, 0.0, 0.0, 2.2, 5.9, 0.0, -5.0, 0.0 | -132.95 | 3
0.0, -4.0, 0.0, 0.5, 2.3, 6.0, 0.0, -5.0, 0.0 | -117.2 | 4
0.0, -4.2, 0.0, 1.5, 2.2, 6.0, 0.0, -5.0, 0.0 | -123.85 | 4
0.0, -4.2, 0.0, 0.5, 2.2, 6.0, 0.2, -5.0, 0.0 | -200.0 | 1
0.0, -6.0, 0.0, 0.0, 2.0, 6.0, 0.0, -5.0, 0.0 | -144.25 | 3
0.0, -6.0, 0.5, 0.0, 1.0, 6.0, 0.0, -5.0, 0.0 | -200.0 | 1
0.0, -4.2, 0.0, 0.5, 2.2, 5.0, 0.0, -5.0, 0.0 | -139.35 | 3
0.0, -4.0, 0.0, 0.6, 2.3, 6.0, 0.0, -5.0, 0.0 | -131.9 | 3
0.0, -4.0, 0.0, 0.5, 2.6, 5.0, 0.0, -5.0, 0.0 | -141.4 | 3
0.0, -4.0, 0.0, 0.5, 2.5, 5.0, 0.0, -4.5, 0.0 | -129.15 | 4
0.0, -4.2, 0.0, 0.5, 3.2, 6.0, 0.0, -5.0, 0.0 | -126.95 | 4
0.0, -6.0, 0.0, 0.0, 0.7, 6.0, 0.0, -5.0, 0.0 | -137.3 | 3
0.0, -4.2, 0.0, 0.5, 2.2, 6.0, 0.0, -5.0, 0.0 | -113.05 | 4
0.0, -6.0, 0.0, 0.0, 1.0, 6.0, 0.5, -5.0, 0.0 | -200.0 | 1
0.0, -4.2, 0.0, 0.5, 2.2, 5.9, 0.0, -5.0, 0.0 | -130.05 | 3
-0.5, -4.0, 0.0, 0.5, 2.3, 5.0, 0.0, -5.0, 0.0 | -200.0 | 1
0.0, -4.0, 0.0, 0.5, 2.3, 4.0, 0.0, -5.0, 0.0 | -135.05 | 3
0.0, -4.0, 0.0, 0.5, 2.6, 5.1, 0.0, -5.0, 0.0 | -118.75 | 4
-1.0, -6.0, 0.0, 0.0, 1.0, 6.0, 0.0, -5.0, 0.0 | -200.0 | 1
0.0, -4.2, 0.0, 0.0, 2.2, 6.0, 0.0, -5.0, 0.0 | -125.8 | 4
0.0, -5.2, 0.0, 0.0, 2.2, 6.0, 1.0, -5.0, 0.0 | -200.0 | 1
0.0, -4.0, 0.0, 0.5, 2.6, 5.0, 0.0, -5.0, 0.0 | -128.7 | 4
0.0, -4.0, 0.1, 0.5, 2.6, 5.1, 0.0, -5.0, 0.0 | -194.35 | 1
0.0, -5.0, 0.0, 0.5, 2.5, 6.0, 0.0, -5.0, 0.0 | -130.7 | 3
-1.0, -5.2, 0.0, -1.0, 2.2, 6.0, 0.0, -5.0, 0.0 | -200.0 | 1
0.0, -6.0, -0.5, 0.0, 0.8, 6.0, 0.0, -5.0, 0.0 | -200.0 | 1
0.0, -4.0, 0.0, 0.5, 2.5, 6.0, 0.0, -4.0, 0.0 | -120.35 | 4
0.0, -4.0, 0.0, 0.5, 2.6, 5.1, 0.0, -5.0, 0.0 | -136.6 | 3
0.0, -4.0, 1.0, 0.5, 2.3, 5.0, 0.0, -5.0, 0.0 | -200.0 | 1
0.5, -6.0, 0.0, 0.0, 1.0, 6.0, 0.0, -5.0, 0.0 | -200.0 | 1
0.0, -5.0, 0.0, 0.0, 2.2, 6.0, 1.0, -5.0, 0.0 | -200.0 | 1
0.0, -5.2, 0.0, 0.0, 2.0, 6.0, 0.0, -5.0, 0.0 | -135.75 | 3
-1.0, -6.0, 0.0, 0.0, 1.0, 6.0, 0.0, -5.0, 0.0 | -200.0 | 1
-1.0, -4.0, 0.0, 0.5, 2.6, 5.1, 0.0, -5.0, 0.0 | -200.0 | 1
0.1, -4.0, 0.0, 0.5, 2.35, 5.0, 0.0, -5.0, 0.0 | -172.05 | 2
-0.2, -4.2, 0.0, 0.4, 2.2, 6.0, 0.0, -5.0, 0.0 | -199.35 | 1
0.0, -4.0, 0.0, 0.5, 2.3, 5.0, 0.5, -5.0, 0.0 | -200.0 | 1
0.0, -5.2, 0.0, 0.0, 3.2, 6.0, 0.0, -5.0, 0.0 | -131.2 | 3
1.0, -4.2, 0.0, 0.5, 2.2, 6.0, 0.0, -5.0, 0.0 | -200.0 | 1
0.0, -4.1, 0.0, 0.5, 2.2, 6.0, 0.0, -5.0, 0.0 | -122.6 | 4
0.0, -6.0, 0.0, 0.0, 1.0, 6.0, 0.0, -4.5, 0.0 | -160.85 | 2
-2.0, -6.0, 0.0, 0.0, 1.0, 6.0, 0.0, -6.0, 0.5 | -200.0 | 1
0.0, -6.0, 0.0, 0.0, 1.2, 6.0, 0.0, -4.0, 0.0 | -156.05 | 2
0.0, -5.0, 0.0, 0.0, 1.0, 6.0, 0.0, -5.0, 0.0 | -139.9 | 3
0.0, -4.2, 0.0, 0.5, 2.2, 6.0, 0.0, -5.0, 0.2 | -200.0 | 1
0.0, -5.2, 0.0, 0.0, 2.2, 5.8, 0.0, -5.0, 0.0 | -132.3 | 3
0.0, -4.2, 0.0, 0.5, 2.2, 6.0, 0.0, -4.0, 0.0 | -131.15 | 3
0.0, -6.0, 0.0, 0.0, 1.5, 6.0, 0.0, -5.0, 0.0 | -129.2 | 4
0.0, -5.0, 0.0, 0.0, 2.3, 6.0, 0.0, -5.0, 0.0 | -132.55 | 3
1.0, -6.0, 0.0, 0.0, 1.0, 6.0, 0.0, -5.0, 0.0 | -200.0 | 1
0.0, -4.0, 0.0, 0.5, 2.5, 5.0, 0.0, -4.0, 0.0 | -126.1 | 4
0.0, -4.2, 0.0, 0.5, 2.2, 6.0, 0.0, -5.0, 0.5 | -200.0 | 1
0.0, -5.5, 0.0, 0.0, 2.2, 6.0, 0.0, -5.0, 0.0 | -129.55 | 4
0.0, -4.0, 0.0, 0.5, 2.3, 5.9, 0.0, -4.5, 0.0 | -123.9 | 4
0.0, -4.2, 0.0, 1.5, 2.2, 6.0, 0.0, -5.0, 0.0 | -136.75 | 3
0.0, -4.2, 0.0, 0.5, 2.2, 6.0, 0.0, -5.0, 0.0 | -123.55 | 4
0.5, -5.2, 0.0, 0.0, 2.2, 6.0, 0.0, -5.0, 0.0 | -200.0 | 1
0.0, -4.0, 0.0, 0.5, 2.6, 5.2, 0.0, -5.0, 0.0 | -123.75 | 4
0.0, -5.5, 0.0, 0.0, 1.0, 6.0, 0.0, -5.0, 0.0 | -128.25 | 4
0.0, -6.0, 0.0, 0.0, 2.5, 6.0, 0.0, -5.0, 0.0 | -133.3 | 3
-1.0, -2.0, 0.0, 0.0, 1.0, 2.0, 0.0, -6.0, 1.0 | -200.0 | 1
-1.0, -6.0, 0.0, 0.0, 1.0, 6.0, 0.0, -5.0, 0.0 | -200.0 | 1
1.0, -4.2, 0.0, 0.5, 2.2, 6.0, 0.0, -5.0, 0.0 | -200.0 | 1
0.0, -4.0, 0.0, 0.5, 2.3, 5.0, 0.0, -5.0, 0.0 | -116.75 | 4
0.0, -5.4, 0.0, 0.0, 2.2, 6.0, 0.0, -5.0, 0.0 | -138.1 | 3
0.0, -4.2, 0.0, 1.0, 2.2, 6.0, 0.0, -5.0, 0.0 | -125.9 | 4
0.0, -4.0, 0.0, 0.5, 2.5, 6.0, 0.0, -4.0, 0.0 | -118.7 | 4
0.0, -5.1, 0.0, 0.0, 2.2, 6.0, 0.0, -5.0, 0.0 | -127.9 | 4
0.0, -5.2, 0.0, 0.0, 2.2, 6.0, 0.0, -6.0, 0.0 | -134.1 | 3
0.2, -4.2, 0.0, 0.4, 2.2, 6.0, 0.0, -5.0, 0.0 | -171.85 | 2
-5.0, -5.2, 0.0, 0.0, 2.2, 6.0, 0.0, -5.0, 0.0 | -200.0 | 1
0.0, -6.0, 0.0, 0.0, 1.2, 6.0, 0.0, -5.0, 0.0 | -146.95 | 3
0.0, 0.0, 0.0, 0.0, 0.0, 0.0, 0.0, -1.0, 0.0 | -200.0 | 1
0.0, -4.2, 0.0, 0.0, 2.2, 6.0, 0.2, -5.0, 0.0 | -200.0 | 1
0.0, -4.2, 0.0, 0.4, 2.25, 6.0, 0.0, -5.0, 0.0 | -131.7 | 3
-1.0, -1.0, 0.0, 0.0, 1.0, 1.0, -0.5, -5.0, 0.5 | -200.0 | 1
0.0, -5.2, 0.0, 0.0, 2.2, 6.0, 0.0, -5.1, 0.0 | -135.0 | 3
0.0, -5.4, 0.0, 0.0, 2.2, 6.0, 0.0, -5.0, 0.0 | -125.85 | 4
0.0, -4.0, 0.0, 0.5, 2.3, 5.8, 0.0, -5.0, 0.0 | -134.45 | 3
0.0, -5.0, 0.0, 0.0, 2.4, 6.0, 0.0, -5.0, 0.0 | -136.4 | 3
0.0, -5.0, 0.0, 0.5, 2.3, 6.0, 0.0, -5.0, 0.0 | -138.8 | 3
0.0, -4.2, 0.0, 0.6, 2.2, 6.0, 0.0, -5.0, 0.0 | -135.1 | 3
0.0, -4.0, 0.0, 0.5, 2.6, 5.2, 0.5, -5.0, -0.5 | -200.0 | 1
-1.0, -6.0, 0.0, 0.0, 1.0, 6.0, 0.0, -5.0, 0.0 | -200.0 | 1
0.0, -4.0, 0.0, 0.5, 2.6, 5.1, 0.0, -4.8, 0.0 | -118.15 | 4
0.0, -6.0, 0.0, 0.0, 0.0, 6.0, 0.0, -3.0, 0.0 | -194.75 | 1
0.0, -4.0, 0.0, 0.5, 2.3, 4.4, 0.0, -5.2, 0.0 | -138.8 | 3
0.0, -5.2, 0.0, 0.0, 2.3, 6.0, 0.0, -5.0, 0.0 | -136.55 | 3
0.0, -4.0, 0.0, 0.5, 2.6, 4.1, 0.0, -5.0, 0.0 | -139.95 | 3
0.0, -6.0, 0.0, 0.0, 1.0, 6.0, 0.0, -5.0, 1.0 | -200.0 | 1
0.0, -3.8, 0.0, 0.5, 2.2, 6.0, 0.0, -5.0, 0.0 | -129.45 | 4
-1.0, -5.2, 0.0, 0.0, 2.2, 6.0, 0.0, 0.0, 0.0 | -200.0 | 1
-2.0, -5.0, 0.0, 0.0, 4.0, 5.0, 0.0, -6.0, 0.0 | -200.0 | 1
-0.5, -6.0, 0.0, 0.0, 1.0, 6.0, 0.0, -5.0, 0.0 | -200.0 | 1
1.0, 0.0, 0.0, 0.0, -1.0, 0.0, 0.0, -5.0, -1.6 | -200.0 | 1
0.0, -4.2, 0.0, 0.4, 2.2, 6.1, 0.0, -5.0, 0.0 | -139.0 | 3
0.0, -5.2, 0.0, 0.0, 2.4, 6.0, 0.0, -5.0, 0.0 | -122.75 | 4
0.0, -4.0, 0.0, 0.5, 2.3, 6.0, 0.0, -4.7, 0.0 | -140.15 | 3
0.0, -5.2, 0.0, 0.0, 2.2, 6.0, 0.0, -4.0, 0.0 | -163.7 | 2
0.0, -5.1, 0.0, 0.0, 2.4, 6.0, 0.0, -5.0, 0.0 | -134.1 | 3
0.0, -6.0, 0.0, 0.0, -0.5, 6.0, 0.0, -5.0, 0.0 | -155.55 | 2
0.0, -5.0, 0.0, 0.0, 0.0, 6.0, 0.0, -5.0, 0.0 | -129.8 | 4
-0.3, -5.2, 0.0, 0.0, 2.2, 6.0, 0.0, -5.0, 0.0 | -200.0 | 1
0.0, -6.0, 0.0, 0.0, 1.0, 6.0, 0.0, -5.2, 0.0 | -139.15 | 3
-5.0, -6.0, 0.0, 0.0, 5.0, 6.0, 0.0, -5.0, 0.0 | -200.0 | 1
1.0, -4.0, 0.0, 0.5, 2.6, 5.1, 0.0, -5.0, 0.0 | -200.0 | 1
-1.0, 6.0, 0.0, 0.0, 2.2, 6.0, 0.0, -5.0, -0.5 | -200.0 | 1
0.0, -4.2, 0.0, 0.5, 2.2, 6.0, 0.5, -5.0, 0.0 | -200.0 | 1
0.0, -4.5, 0.0, 0.5, 2.3, 5.0, 0.0, -5.0, 0.0 | -155.25 | 2
-0.5, -5.2, 0.0, 0.0, 2.2, 6.0, 0.0, -5.0, 0.0 | -200.0 | 1
0.0, -6.0, 0.0, 0.0, 2.0, 6.0, 0.0, -5.0, 0.0 | -151.4 | 3
0.0, -6.0, 0.0, 0.0, 0.0, 6.0, -1.0, -5.0, 0.0 | -200.0 | 1
-2.0, -6.0, 0.0, 0.0, 2.0, 6.0, 0.0, -5.0, 0.0 | -200.0 | 1
0.0, -6.0, 0.0, 0.0, 1.0, 6.0, 0.0, -6.0, 0.0 | -132.55 | 3
0.0, -4.0, 0.0, 0.0, 2.5, 6.0, 0.0, -5.0, 0.0 | -131.3 | 3
0.1, -5.2, 0.0, 0.0, 2.2, 6.0, 0.0, -5.0, 0.0 | -154.95 | 2
0.0, -4.0, 0.0, 0.5, 2.4, 6.0, 0.0, -5.0, 0.0 | -129.25 | 4
0.0, -4.0, 1.0, 0.5, 2.3, 5.0, 0.0, -5.0, 0.0 | -200.0 | 1
0.0, -6.0, 0.0, 0.0, 1.0, 6.0, 0.5, -5.0, 0.0 | -200.0 | 1
0.0, -5.2, 0.0, 0.0, 2.2, 6.0, 0.0, -4.0, 0.0 | -162.55 | 2
0.0, -4.2, 0.0, 0.5, 2.3, 6.0, 0.0, -5.0, 0.0 | -123.45 | 4
0.0, -5.2, 0.0, 0.0, 2.2, 7.0, 0.0, -5.0, 0.0 | -129.5 | 4
0.0, -6.0, 0.0, 0.0, 0.8, 6.0, 0.0, -5.0, 0.0 | -127.75 | 4
0.0, 0.0, 0.0, 0.0, 1.0, 5.5, 0.0, -5.0, 0.0 | -134.5 | 3
-0.5, -6.0, 0.0, 0.0, 1.0, 6.0, 0.0, -5.0, 0.5 | -200.0 | 1
0.0, -4.2, 0.1, 0.4, 2.2, 6.0, 0.0, -5.0, 0.0 | -183.25 | 1
0.0, -5.0, 0.0, 0.0, 2.2, 6.0, 0.0, -5.0, 0.5 | -200.0 | 1
-4.0, -2.0, 0.0, 0.0, 4.0, 2.0, -1.0, -6.0, 1.0 | -200.0 | 1
0.0, -4.0, 0.0, 0.5, 3.6, 5.1, 0.0, -5.0, 0.0 | -136.15 | 3
0.0, -4.2, 0.0, 0.3, 2.2, 5.5, 0.0, -5.0, 0.0 | -132.3 | 3
0.0, -4.0, 0.0, 0.6, 2.3, 5.0, 0.0, -4.5, 0.0 | -134.1 | 3
-0.5, -4.0, 0.0, 0.5, 2.3, 5.0, 0.0, -5.0, 0.0 | -200.0 | 1
1.0, -4.2, 0.0, 0.5, 2.2, 6.0, 0.0, -4.0, 0.0 | -200.0 | 1
0.0, -6.0, 0.0, 0.0, 1.0, 6.0, 0.0, -5.1, 0.0 | -150.9 | 3
0.0, -5.2, 0.0, 0.0, 2.2, 6.0, 0.0, -5.0, 0.5 | -200.0 | 1
0.0, -4.0, 0.0, 0.5, 2.5, 5.0, 0.0, -4.0, 0.0 | -123.25 | 4
0.0, -5.3, 0.0, 0.0, 2.2, 6.0, 0.0, -5.0, 0.0 | -124.55 | 4
0.0, -6.0, 0.0, 0.0, 0.9, 6.0, 0.0, -5.0, 0.0 | -149.4 | 3
0.0, -4.2, 0.0, 0.0, 2.1, 5.8, 0.0, -5.0, 0.0 | -128.7 | 4
0.0, -5.2, -1.0, 0.0, 2.2, 6.0, 0.0, -5.0, 0.0 | -200.0 | 1
0.0, -4.2, 0.0, 0.38, 2.2, 6.0, 0.0, -5.0, 0.0 | -127.6 | 4
-1.0, -6.0, 0.0, 0.0, 1.0, 6.0, 0.0, -5.0, 0.0 | -200.0 | 1
0.0, -5.2, 0.0, 0.0, 2.1, 6.0, 0.0, -5.0, 0.0 | -128.55 | 4
0.0, -4.0, 0.0, 0.5, 2.3, 5.0, 0.0, -5.0, 0.0 | -136.45 | 3
-1.0, -6.0, 0.0, 0.0, 1.0, 6.0, 0.0, -4.0, 0.0 | -200.0 | 1
0.0, -4.1, 0.0, 0.4, 2.2, 6.0, 0.0, -5.0, 0.0 | -134.25 | 3
0.0, -5.2, 0.0, 0.5, 2.2, 6.0, 0.0, -5.0, 0.0 | -122.1 | 4
0.0, -3.8, 0.0, 0.5, 2.3, 5.0, 0.0, -5.0, 0.0 | -124.7 | 4
-1.0, -6.0, 0.0, 0.0, 1.0, 6.0, 0.0, -5.0, 0.0 | -200.0 | 1
0.0, -5.2, 0.0, 0.0, 2.2, 6.0, 0.0, -5.0, 0.0 | -130.35 | 3
-1.0, -6.0, 0.0, 0.0, 1.0, 6.0, -0.5, -5.0, 0.5 | -200.0 | 1
-0.5, -6.0, 0.0, 0.0, 1.0, 6.0, 0.0, -5.0, 0.0 | -200.0 | 1
0.0, -4.2, 0.0, 0.0, 2.2, 6.0, 0.0, -5.0, 0.0 | -118.15 | 4
0.0, 0.0, 0.0, -1.0, 0.0, 1.0, 0.5, 0.0, 0.0 | -200.0 | 1
0.0, -4.2, -0.1, 0.4, 2.2, 6.0, 0.0, -5.0, 0.0 | -159.45 | 2
-0.5, -4.2, 0.0, 0.0, 2.2, 6.0, 0.0, -5.0, 0.0 | -200.0 | 1
0.0, -0.9, 0.0, 0.0, 0.35, 1.3, 0.0, -0.9, 0.0 | -133.85 | 3
0.0, -1.0, 0.0, 0.0, 0.5, 1.1, 0.0, -0.9, -0.1 | -200.0 | 1
1.0, -0.9, 0.0, 0.0, 1.3, 2.0, 0.0, -0.9, 0.0 | -200.0 | 1
0.0, -1.0, 0.0, 0.0, 0.55, 1.0, 0.0, -0.9, 0.0 | -118.9 | 4
0.0, -0.9, 0.0, 0.0, 0.4, 2.1, 0.0, -0.9, 0.0 | -142.7 | 3
0.0, -0.9, 0.0, 0.0, 1.3, 2.0, 0.2, -0.9, 0.0 | -200.0 | 1
-0.5, 0.0, 0.0, 0.0, 0.5, 1.0, 0.0, -0.9, 0.0 | -200.0 | 1
0.0, -0.9, 0.0, 0.0, 0.6, 2.0, 0.0, -0.8, 0.0 | -137.45 | 3
-0.1, -1.0, 0.0, 0.0, 0.6, 1.0, 0.0, -0.9, 0.0 | -200.0 | 1
0.0, -1.0, 0.0, 0.0, 0.6, 1.0, 0.0, -0.9, 0.0 | -112.65 | 4
1.0, -1.0, 0.0, 0.0, 0.0, 1.0, 0.0, -1.0, 0.0 | -200.0 | 1
-1.0, -1.0, 0.0, 0.0, 1.0, 1.0, 0.0, 0.0, 0.0 | -200.0 | 1
0.0, -0.9, 0.0, 0.0, 1.3, 2.0, 0.0, -0.9, 0.2 | -200.0 | 1
0.0, -0.9, 0.0, 0.0, 0.4, 1.9, 0.0, -0.9, 0.0 | -135.2 | 3
0.0, -1.0, 1.0, 0.0, 0.5, 1.0, 0.0, -0.9, 0.0 | -200.0 | 1
0.0, -0.9, 0.0, 0.0, 0.4, 2.2, 0.0, -0.9, 0.0 | -138.05 | 3
0.0, -0.9, 0.0, 0.0, 0.4, 1.4, 0.0, -0.9, 0.0 | -134.85 | 3
0.0, -1.0, 0.0, 0.0, 0.5, 1.1, 0.0, -1.0, 0.0 | -132.75 | 3
0.0, -0.9, 0.0, 0.0, 0.4, 1.3, 0.0, -0.9, 0.0 | -116.9 | 4
0.0, -0.9, 0.0, 0.0, 0.3, 1.5, 0.0, -0.9, 0.0 | -144.65 | 3
-1.0, -1.0, 0.0, 0.0, 1.0, 1.0, 0.0, -1.0, 0.0 | -200.0 | 1
-0.2, -1.0, 0.0, 0.0, 0.6, 1.0, 0.0, -0.9, 0.0 | -200.0 | 1
0.0, -0.9, 0.5, -0.5, 0.4, 2.0, 0.0, -0.9, 0.0 | -200.0 | 1
0.0, -0.9, 0.0, 0.0, 0.4, 2.5, 0.0, -0.9, 0.0 | -140.15 | 3
0.0, -0.9, 1.0, 0.0, 0.4, 2.0, 0.0, -0.9, 0.0 | -200.0 | 1
0.0, -0.9, 0.0, 0.0, 0.35, 2.0, 0.0, -0.9, 0.0 | -124.25 | 4
0.0, -1.0, 0.0, 0.0, 0.5, 1.0, 0.0, -1.0, 0.5 | -200.0 | 1
0.0, -0.9, 0.0, 0.0, 0.5, 1.0, 0.0, -0.9, 0.0 | -131.4 | 3
0.0, -0.9, 1.0, 0.0, 0.4, 1.3, 0.0, -0.9, 0.0 | -200.0 | 1
1.0, -0.9, 0.0, 0.0, 1.3, 2.0, 0.0, -0.9, 0.0 | -200.0 | 1
0.0, -1.0, 0.0, 0.0, 0.6, 1.0, 0.0, -0.9, -0.5 | -200.0 | 1
0.0, -0.8, 0.0, 0.0, 0.3, 1.5, 0.0, -0.8, 0.0 | -129.75 | 4
0.0, -0.9, 0.0, 0.0, 0.3, 2.0, 0.0, -0.9, 0.0 | -141.75 | 3
0.0, -0.9, 0.0, 0.0, 1.3, 2.1, 0.0, -0.9, 0.0 | -148.15 | 3
0.0, -1.0, 0.1, 0.0, 0.6, 1.0, 0.0, -0.9, 0.0 | -200.0 | 1
-4.0, -2.0, 0.0, 0.0, 4.0, 2.0, -0.5, -1.0, -0.5 | -200.0 | 1
0.0, -1.0, 0.0, 0.0, 0.4, 1.0, 0.0, -1.0, 0.0 | -116.05 | 4
0.0, -0.9, 0.0, 0.0, 1.3, 2.0, 0.0, 0.0, 0.0 | -200.0 | 1
0.0, -0.9, 0.0, 0.0, 0.4, 2.0, 0.0, -0.8, 0.5 | -200.0 | 1
-1.0, -1.0, 1.0, -2.0, 0.5, 1.0, 0.0, -0.9, 0.0 | -200.0 | 1
0.0, -1.1, 0.0, 0.0, 0.6, 1.0, 0.0, -0.9, 0.0 | -151.4 | 3
-1.0, 0.0, 0.0, 0.0, 0.6, 1.0, 0.0, -0.9, 0.0 | -200.0 | 1
-0.5, -0.9, 0.0, 0.0, 0.35, 2.0, -0.1, -0.9, 0.0 | -200.0 | 1
-1.0, -1.0, 0.0, 0.0, 0.0, 1.0, 0.0, -1.0, 0.0 | -200.0 | 1
-1.0, -0.9, 0.0, 0.0, 0.4, 2.3, 0.0, -0.9, 0.0 | -200.0 | 1
0.0, -0.9, 0.0, 0.0, 0.4, 3.3, 0.0, -0.9, 0.0 | -134.6 | 3
-1.0, -1.0, 0.0, 0.0, 0.0, 1.0, 0.0, -1.0, 0.0 | -200.0 | 1
0.0, -0.9, 0.0, 0.0, 0.35, 2.0, 0.0, -0.9, 0.0 | -126.25 | 4
0.0, -0.9, 0.0, 0.0, 1.3, 2.0, 0.0, -0.85, 0.0 | -131.7 | 3
0.0, -0.9, 0.0, 0.0, 0.5, 2.0, 0.0, -0.9, 0.1 | -200.0 | 1
-1.0, -0.9, 0.0, 0.0, 0.6, 2.0, 0.0, -0.9, 0.0 | -200.0 | 1
0.0, -0.9, 0.0, 0.0, 0.5, 1.0, 0.0, -0.9, 0.0 | -130.5 | 3
0.0, -1.0, 0.0, 0.0, 1.5, 1.0, 0.0, -0.9, 0.0 | -129.35 | 4
0.0, -0.9, 0.0, 0.0, 1.3, 2.0, 0.0, -0.9, 0.2 | -200.0 | 1
-0.5, -0.9, 0.0, 0.0, 0.5, 1.3, 0.1, -0.9, 0.0 | -200.0 | 1
0.0, -2.0, 0.0, 0.0, 0.6, 1.0, 0.0, -0.9, 0.0 | -200.0 | 1
0.0, -1.0, 1.0, 0.0, 0.6, 1.0, 0.0, -0.9, 0.0 | -200.0 | 1
0.0, -0.9, 0.0, 0.0, 1.4, 1.3, 0.0, -0.9, 0.0 | -131.9 | 3
1.0, -1.0, 0.0, 0.0, 0.5, 1.0, 0.0, -1.0, 0.0 | -200.0 | 1
0.1, -0.9, 0.0, 0.0, 0.6, 1.1, 0.0, -0.85, 0.0 | -200.0 | 1
-1.0, -1.0, 0.0, 0.0, 1.0, 1.0, 0.0, -2.0, 0.0 | -200.0 | 1
-1.0, -1.0, 0.0, 0.0, 1.0, 1.0, 0.0, -1.0, 0.0 | -200.0 | 1
0.0, -1.0, 0.0, 0.0, 0.7, 1.0, 0.0, -0.9, 0.0 | -133.4 | 3
0.0, -2.0, 0.0, 0.0, 1.5, 1.0, 0.0, -1.0, 0.0 | -197.25 | 1
-0.5, -1.0, 0.0, 0.0, 0.5, 1.0, 0.0, -1.0, 0.0 | -200.0 | 1
0.0, -1.0, 0.0, 0.0, 0.0, 1.0, 0.0, 0.0, 0.0 | -200.0 | 1
0.0, -0.9, 0.0, 0.0, 0.5, 2.0, 0.0, -0.9, 0.0 | -134.55 | 3
-1.0, 0.0, 1.0, -1.0, 0.0, 1.0, 0.0, -6.0, 0.0 | -200.0 | 1
0.0, -1.0, 0.0, 0.0, 0.6, 1.1, 0.0, -0.9, 0.0 | -141.25 | 3
0.0, -1.0, 0.0, 0.0, 0.0, 3.0, 0.0, -0.5, 0.0 | -186.45 | 1
0.0, -1.0, 0.0, 0.0, 0.6, 1.0, 0.0, -1.0, 0.0 | -126.9 | 4
0.0, -0.9, 0.0, 0.0, 0.4, 2.0, 0.0, 0.1, 0.0 | -200.0 | 1
0.0, -0.9, 0.0, 0.0, 0.45, 1.25, 0.0, -0.9, 0.0 | -126.85 | 4
0.0, -1.0, 0.0, -1.0, 0.5, 1.0, 0.0, -0.9, 0.0 | -126.55 | 4
-1.0, -1.0, 0.0, 0.0, 0.0, 1.0, 0.0, -1.0, 0.0 | -200.0 | 1
0.0, -1.0, 0.0, 0.0, 0.5, 1.0, 0.0, 0.0, 0.0 | -200.0 | 1
-1.0, -0.9, 0.0, 0.0, 0.4, 2.0, 0.0, -0.9, 0.0 | -200.0 | 1
0.0, -1.0, 1.0, 0.0, 0.0, 1.0, 0.0, -1.0, 0.0 | -200.0 | 1
0.1, -1.0, 0.0, 0.0, 0.5, 1.0, 0.0, -0.9, 0.0 | -200.0 | 1
0.0, -1.0, 0.0, 0.0, 0.6, 1.0, 0.0, -0.9, 0.0 | -140.8 | 3
0.0, -0.9, 0.0, 0.0, 0.5, 1.3, 0.0, -0.9, 0.0 | -121.9 | 4
0.0, -0.9, 0.0, 0.0, 0.4, 2.1, 0.0, -0.9, 0.0 | -147.55 | 3
-0.2, -0.9, 0.0, 0.0, 0.4, 2.0, 0.0, 0.0, 0.0 | -200.0 | 1
0.0, -1.0, 0.0, 0.0, 0.5, 0.95, 0.0, -1.0, 0.0 | -117.55 | 4
0.0, -0.9, 0.0, 0.0, 0.6, 2.0, 0.0, -0.9, 0.0 | -115.5 | 4
-1.0, -1.0, 0.0, 0.0, 0.5, 1.0, 0.0, -1.0, 0.0 | -200.0 | 1
-0.2, -1.0, 0.0, 0.0, 0.2, 1.0, 0.5, -5.0, 0.2 | -200.0 | 1
0.0, -1.0, 0.0, 0.0, 0.0, 2.0, 0.0, -1.0, 0.0 | -137.45 | 3
0.0, -1.5, 0.0, 0.0, 0.5, 1.0, 0.0, -1.0, 0.0 | -155.95 | 2
0.0, -1.0, 0.0, 0.0, 0.5, 0.9, 0.0, -1.0, 0.0 | -136.5 | 3
0.0, -1.0, 0.0, 0.0, 0.5, 1.2, 0.0, -0.9, 0.0 | -120.85 | 4
0.1, -1.0, 0.0, 0.0, 0.5, 1.0, 0.0, -0.9, 0.0 | -200.0 | 1
0.0, -0.9, 0.0, 0.0, 0.35, 2.0, 0.0, -0.9, 0.0 | -122.6 | 4
0.0, -1.0, 0.0, 0.0, 0.5, 1.0, 0.0, -0.9, 0.2 | -200.0 | 1
0.0, -1.0, 0.0, 0.0, 0.5, 0.9, 0.0, -1.0, 0.0 | -127.05 | 4
0.0, -0.9, 0.0, 0.0, 0.5, 2.0, 0.0, -0.9, 0.0 | -142.3 | 3
0.0, -0.9, 0.0, 0.0, 0.3, 2.0, 0.0, -0.9, 0.0 | -126.8 | 4
0.0, -1.0, 0.0, 0.0, 0.65, 1.0, 0.0, -0.9, 0.1 | -200.0 | 1
0.0, -0.9, 0.0, 0.0, 0.6, 2.3, 0.0, -0.9, 0.2 | -200.0 | 1
0.0, -0.9, 0.0, 0.0, 0.6, 2.0, 0.0, -0.9, 0.0 | -152.35 | 3
0.0, -1.0, 0.0, 0.0, 0.4, 2.0, 0.0, -0.9, 0.0 | -155.15 | 2
-1.0, -1.0, 0.0, 0.0, 1.0, 1.0, 0.0, -1.0, 0.0 | -200.0 | 1
0.0, -0.9, 0.0, 0.0, 1.3, 2.3, 0.0, -0.9, 0.0 | -127.3 | 4
0.0, -1.0, 0.0, 0.0, 0.7, 1.0, 0.0, -0.9, 0.0 | -135.5 | 3
0.0, -0.9, 0.0, 0.0, 0.35, 2.0, 0.0, -0.8, 0.0 | -130.2 | 3
0.0, -1.0, 0.0, 0.0, 0.6, 1.0, 0.0, -0.85, 0.0 | -135.6 | 3
0.0, -1.0, 0.0, 0.0, 0.5, 1.1, 0.0, -0.9, 0.0 | -142.15 | 3
0.0, -0.9, 0.0, 0.0, 0.35, 1.9, 0.0, -0.9, 0.0 | -124.45 | 4
0.0, -1.0, 0.0, 0.0, 0.0, 1.0, 0.5, -1.0, 0.0 | -200.0 | 1
-0.2, -1.0, 0.0, 0.0, 0.2, 1.0, 0.0, -0.5, 0.0 | -200.0 | 1
0.0, -0.9, 0.0, 0.0, 0.4, 1.9, 0.0, -0.9, 0.0 | -143.35 | 3
0.5, -0.9, 0.0, 0.0, 0.4, 2.0, 0.0, -0.9, 0.0 | -200.0 | 1
0.0, -1.0, 0.5, 0.0, 0.6, 1.0, 0.0, -0.9, 0.0 | -200.0 | 1
0.0, -1.0, 0.0, 0.0, 0.0, 1.0, 1.0, -1.0, 0.0 | -200.0 | 1
0.0, -0.9, 0.0, 0.0, 1.3, 2.2, 0.0, -0.9, 0.0 | -131.55 | 3
-2.0, -1.0, 0.0, 0.0, 0.0, 1.0, 0.0, -1.0, 0.0 | -200.0 | 1
0.0, -1.0, 0.0, 0.0, 0.5, 1.0, 0.0, -0.9, 1.0 | -200.0 | 1
0.0, -1.0, 0.0, 0.0, 0.6, 1.0, 0.1, -0.9, 0.0 | -200.0 | 1
0.1, -1.0, 0.0, 0.0, 0.5, 1.0, 0.0, -1.0, 0.0 | -200.0 | 1
0.1, -0.9, 0.0, 0.0, 0.35, 2.0, 0.0, -1.0, 0.0 | -192.25 | 1
0.0, -1.0, 0.0, 0.0, 0.5, 1.0, 0.0, -1.0, -0.5 | -200.0 | 1
0.0, -1.0, 0.0, 0.0, 0.5, 1.0, 0.0, -1.0, 0.1 | -200.0 | 1
-1.0, 0.0, 0.0, 0.0, 0.35, 2.0, 0.0, -0.9, 0.0 | -200.0 | 1
0.0, -0.9, 0.0, 0.0, 0.4, 1.3, -0.2, -0.9, 0.2 | -200.0 | 1
0.0, -0.9, 0.0, 0.0, 1.3, 2.0, 0.0, -0.9, 0.1 | -200.0 | 1
0.0, -1.0, 0.0, 0.0, 0.5, 1.0, 0.0, -0.9, 0.0 | -141.1 | 3
0.0, -0.9, 0.0, 0.0, 0.6, 1.0, 0.0, -0.9, 0.0 | -123.5 | 4
0.1, -0.9, 0.0, 0.0, 0.4, 2.0, 0.0, -0.9, 0.0 | -196.25 | 1
-1.0, -1.0, 0.0, 0.0, 1.0, 1.0, -0.5, -1.0, 0.0 | -200.0 | 1
0.0, -1.0, 0.0, 0.0, 0.6, 2.0, 0.0, -0.9, 0.0 | -133.6 | 3
0.0, -0.9, 0.0, 0.0, 0.35, 2.0, 0.0, -0.9, 1.0 | -200.0 | 1
0.0, -1.0, 0.0, 0.0, 0.5, 0.9, 0.0, -0.9, 0.0 | -135.15 | 3
0.0, -1.0, 0.0, 0.0, 0.8, 1.0, 0.0, -1.0, 0.0 | -144.95 | 3
0.0, -1.0, 0.0, 0.0, 0.7, 1.0, 0.0, -0.9, 0.0 | -131.25 | 3
-0.5, -0.9, 0.0, 0.0, 1.3, 2.0, 0.0, -0.9, 0.0 | -200.0 | 1
0.0, -0.9, 0.0, 0.0, 0.6, 2.0, 0.0, -0.9, 0.3 | -200.0 | 1
-0.2, -0.9, 0.0, 0.0, 0.35, 2.0, 0.0, -0.9, 0.0 | -200.0 | 1
1.0, -0.9, 0.0, 0.0, 0.4, 2.0, 0.0, -0.9, 0.0 | -200.0 | 1
0.0, -0.9, 0.0, 0.0, 0.6, 2.1, 0.0, -0.9, 0.0 | -124.6 | 4
0.0, -0.9, 0.0, 0.0, 0.45, 2.0, 0.0, -0.9, 0.0 | -127.55 | 4
0.0, -0.9, 0.0, 0.0, 0.4, 1.5, 0.0, -0.9, 0.0 | -129.5 | 4
0.0, -0.9, 0.0, 0.0, 0.3, 2.0, 0.0, -0.9, 0.0 | -125.5 | 4
-0.2, -1.0, 0.0, 0.0, 0.5, 1.0, 0.0, -1.0, 0.0 | -200.0 | 1
-0.5, -1.0, 0.0, 0.0, 0.5, 1.0, 0.0, -1.0, 0.0 | -200.0 | 1
0.0, -1.0, 0.0, 0.0, 0.6, 1.0, 1.0, -0.9, 0.0 | -200.0 | 1
0.0, -0.9, 0.0, 0.0, 0.2, 1.5, 0.0, -0.9, 0.0 | -133.3 | 3
0.0, -0.9, 0.0, 0.0, 0.6, 2.0, -0.1, -0.9, 0.0 | -200.0 | 1
0.0, -0.9, 0.5, 0.0, 0.4, 2.0, 0.0, -0.9, 0.0 | -200.0 | 1
0.0, -0.8, 0.0, 0.0, 0.4, 2.0, 0.0, -0.9, 0.0 | -129.5 | 4
0.0, -1.0, 0.0, 0.0, 0.2, 1.0, 0.0, -1.0, 0.2 | -200.0 | 1
0.0, -1.0, 0.2, 0.0, 0.5, 1.0, 0.0, -0.9, 0.0 | -200.0 | 1
0.0, -0.9, 0.0, 0.0, 0.2, 2.0, 0.0, -0.9, 0.0 | -143.9 | 3
0.0, -1.0, 0.0, 0.0, 0.35, 2.0, 0.0, -0.9, 0.1 | -200.0 | 1
0.0, -0.9, 0.0, 0.0, 0.4, 2.0, 0.0, -0.7, 0.0 | -158.2 | 2
0.0, -1.0, 0.0, 0.0, 0.5, 1.2, 0.0, -1.0, 0.0 | -138.5 | 3
0.0, -1.0, 0.0, 0.0, -0.5, 2.0, 0.0, -1.0, -0.5 | -200.0 | 1
-0.5, -0.9, 0.0, 0.0, 0.35, 2.0, 0.0, -0.9, 0.0 | -200.0 | 1
-0.5, -0.5, 0.0, 0.0, 0.6, 1.0, 0.0, -0.9, 0.0 | -200.0 | 1
-1.0, -0.9, 0.0, 0.0, 0.4, 1.3, 0.0, -0.9, 0.0 | -200.0 | 1
1.0, -1.0, 0.0, 0.0, 0.6, 1.0, 0.0, -0.9, 0.0 | -200.0 | 1
-1.0, -1.0, 0.0, 0.0, 1.0, 1.0, 0.0, -1.0, 0.0 | -200.0 | 1
0.0, -0.9, 0.0, 0.0, 0.8, 2.0, 0.0, -0.9, 0.0 | -127.35 | 4
0.0, -1.0, 0.0, 0.0, 0.3, 1.0, 0.0, -5.0, 0.0 | -126.2 | 4
1.0, -1.0, 0.0, 0.0, -1.0, 1.0, 0.9, -6.0, -0.9 | -200.0 | 1
-4.0, -1.0, 0.0, 0.0, 4.0, 1.0, 0.0, -1.0, 0.0 | -200.0 | 1
0.3, -0.9, 0.0, 0.0, 0.35, 2.0, 0.0, -0.9, 0.0 | -200.0 | 1
-0.2, -1.0, 0.0, 0.0, 0.2, 1.0, 0.0, -1.0, 0.0 | -200.0 | 1
0.0, -0.9, 0.0, -1.0, 0.35, 2.0, 0.0, -0.9, 0.0 | -131.1 | 3
0.0, -1.0, 0.0, 0.0, 0.0, 2.0, 0.0, -1.0, 0.0 | -139.2 | 3
-0.2, -0.9, 0.0, 0.0, 0.4, 2.0, 0.0, -0.9, 0.0 | -200.0 | 1
-1.0, -1.0, 0.0, 0.0, 1.0, 1.0, 0.0, -2.0, 0.0 | -200.0 | 1
0.0, -0.9, 0.0, 0.0, 0.4, 2.0, 0.0, -0.9, 0.5 | -200.0 | 1
0.0, -1.0, 1.0, 0.0, 0.5, 1.0, 0.0, -1.0, 0.0 | -200.0 | 1
0.0, -0.9, 0.0, 1.0, 0.4, 2.0, 0.0, -0.9, 0.0 | -137.9 | 3
-0.5, -1.0, 0.0, 0.0, 0.5, 1.0, 0.0, -0.5, 0.0 | -200.0 | 1
0.0, -0.9, 0.0, 0.0, 0.35, 2.0, 0.0, -0.9, 0.1 | -200.0 | 1
0.0, -0.9, 0.0, 0.0, 0.4, 1.4, 0.0, -0.9, 0.0 | -130.9 | 3
0.0, -0.9, 0.2, 0.1, 0.4, 1.3, 0.0, -0.85, 0.0 | -200.0 | 1
0.0, 0.0, -0.5, 0.0, 0.5, 1.0, 0.0, -0.9, 0.0 | -200.0 | 1
0.1, -1.0, 0.0, 0.0, 0.6, 1.0, 0.0, -0.9, 0.0 | -200.0 | 1
0.0, -0.9, 0.0, 0.0, 1.2, 2.0, 0.0, -0.9, 0.0 | -130.55 | 3
0.0, -0.9, 0.0, 0.0, 0.4, 2.0, 0.0, -0.9, 0.5 | -200.0 | 1
0.0, -1.0, 0.0, 0.0, 0.5, 1.0, 0.0, -0.8, 0.0 | -158.3 | 2
0.0, -0.9, 1.0, 0.0, 0.4, 2.0, 0.0, -0.9, 0.0 | -200.0 | 1
0.0, -1.0, 0.0, 0.5, 0.5, 1.0, 0.0, -1.0, 0.0 | -139.95 | 3
0.0, -0.9, 0.1, -0.5, 0.35, 2.0, 0.0, -0.9, 0.0 | -200.0 | 1
1.0, -0.9, 0.0, 0.0, 0.35, 2.0, 0.0, -0.9, 0.0 | -200.0 | 1
0.0, -0.9, 0.0, 0.0, 1.3, 2.0, -0.2, -0.9, 0.0 | -200.0 | 1
1.0, -0.9, 0.0, 0.0, 0.4, 2.0, -1.0, -0.9, 0.0 | -200.0 | 1
0.0, -1.0, 0.0, 0.0, 0.6, 1.0, 0.0, -0.8, 0.0 | -150.4 | 3
0.0, -1.0, 0.0, 0.0, 0.5, 1.0, 0.0, -0.9, 0.1 | -200.0 | 1
0.0, -0.9, 0.0, 0.0, 0.5, 2.2, 0.0, -0.9, 0.0 | -127.65 | 4
0.0, -1.2, 0.0, 0.0, 0.5, 1.0, 0.0, -1.0, 0.5 | -200.0 | 1
0.0, -1.0, 0.0, 0.0, 0.6, 1.0, 0.0, -1.0, 0.1 | -200.0 | 1
0.0, -0.9, 0.0, 0.0, 0.35, 2.0, 0.0, -0.9, 0.2 | -200.0 | 1
-3.0, -1.0, 0.0, 0.0, 3.0, 1.0, 0.0, -1.0, 0.0 | -200.0 | 1
0.0, -1.0, 0.0, 0.0, 0.5, 1.0, 0.0, -1.0, 0.2 | -200.0 | 1
0.0, -0.9, 0.0, 0.0, 0.7, 2.0, 0.0, -0.9, 0.0 | -136.4 | 3
0.0, -1.0, 0.0, 0.0, 0.8, 0.9, 0.0, -0.9, 0.0 | -138.35 | 3
0.0, -0.9, 0.0, 0.0, 0.4, 2.3, 0.0, -0.9, 0.0 | -118.5 | 4
0.2, -0.9, 0.0, 0.0, 0.4, 1.3, 0.0, -0.9, 0.0 | -200.0 | 1
0.0, -0.9, 0.0, 0.0, 0.35, 1.8, 0.0, -0.9, 0.0 | -135.4 | 3
-0.2, -0.9, 0.0, 0.0, 0.4, 1.4, 0.0, -0.9, 0.0 | -200.0 | 1
0.0, -0.9, 0.0, 0.0, 0.4, 2.0, 0.0, -0.9, 0.3 | -200.0 | 1
-0.5, -0.9, 0.0, 0.0, 0.35, 2.0, 0.0, -0.9, 0.0 | -200.0 | 1
0.0, -0.9, 0.0, 0.0, 0.4, 2.0, 1.0, -0.9, 0.0 | -200.0 | 1
0.0, 0.1, 0.0, 0.0, 0.4, 3.0, 0.0, 0.0, 0.0 | -147.2 | 3
0.0, -0.9, 0.0, 0.0, 1.3, 2.0, 0.0, -0.9, -0.2 | -200.0 | 1
0.0, -1.0, 0.0, 0.0, 0.5, 2.0, 0.0, -1.0, 0.0 | -130.7 | 3
0.5, -1.0, 0.0, 0.0, 0.5, 1.0, 0.0, -0.9, 0.0 | -200.0 | 1
0.0, -0.9, 0.0, 0.0, 0.4, 3.0, 0.0, -0.9, 0.0 | -133.45 | 3
0.0, -1.0, 0.0, 0.0, 0.5, 1.0, 0.0, -0.9, 0.2 | -200.0 | 1
-1.0, -1.0, 0.0, 0.0, 0.6, 1.0, 0.0, -0.9, 0.0 | -200.0 | 1
0.0, -0.9, 0.0, 0.0, 1.4, 2.0, 0.0, -0.9, 0.0 | -124.1 | 4
0.0, -0.9, 0.0, 0.0, 0.65, 2.0, 0.0, -0.9, 0.0 | -142.3 | 3
0.0, -2.0, 0.0, 0.0, 0.5, 1.0, 0.0, -0.9, 0.0 | -200.0 | 1
0.0, -1.0, -0.2, 0.0, 0.5, 1.0, 0.0, -0.9, 0.0 | -200.0 | 1
0.0, -0.9, 0.0, 0.0, 0.5, 2.0, 0.0, -0.9, 0.0 | -132.25 | 3
0.0, -1.0, 0.0, 0.0, 0.5, 1.0, 0.0, -0.9, 0.0 | -140.65 | 3
0.0, -0.9, 0.0, 0.0, 0.4, 2.5, 0.0, -0.9, 0.0 | -131.75 | 3
0.0, -0.9, 0.0, 0.0, 0.4, 2.0, 0.0, -0.9, -0.1 | -200.0 | 1
0.1, -1.0, 0.0, 0.0, 0.6, 0.9, 0.0, -0.9, 0.0 | -200.0 | 1
-1.0, -1.0, 0.0, 0.0, 1.0, 1.0, 0.0, -2.0, 0.5 | -200.0 | 1
0.1, -0.9, 0.0, 0.0, 0.4, 1.3, 0.0, -0.9, 0.0 | -200.0 | 1
0.0, -1.0, 0.0, 0.0, 0.65, 1.0, 0.0, -0.9, 0.0 | -129.0 | 4
0.0, -1.0, 0.0, 0.0, 0.5, 1.0, 0.2, -1.0, 0.0 | -200.0 | 1
0.0, -1.0, 0.0, 0.0, 0.45, 1.0, 0.0, -0.9, 0.0 | -142.55 | 3
0.0, -1.0, 0.0, 0.0, 0.5, 1.0, -0.5, -1.0, 0.0 | -200.0 | 1
0.0, -1.0, 0.0, 0.0, 0.5, 1.0, 1.0, -0.9, 0.0 | -200.0 | 1
0.0, -0.9, 0.0, 0.0, 0.5, 1.2, 0.0, -0.85, 0.0 | -137.3 | 3
0.0, -1.0, 0.0, 0.0, 0.5, 1.0, 0.0, -0.9, 0.0 | -125.65 | 4
0.1, -0.9, 0.0, 0.0, 0.4, 2.0, 0.0, -0.9, 0.0 | -196.15 | 1
-1.0, 0.0, 1.0, -2.0, 0.0, 2.0, 0.0, -2.0, 0.0 | -200.0 | 1
0.0, -0.9, 0.0, 0.0, 1.3, 2.0, 0.0, -1.0, 0.0 | -135.45 | 3
1.0, -0.9, 0.0, 0.0, 0.6, 2.0, 0.0, -0.9, 0.0 | -200.0 | 1
0.0, -0.9, 0.0, 0.0, 0.6, 2.0, 0.0, -0.9, 0.5 | -200.0 | 1
-5.0, -3.0, 0.0, 0.0, 5.0, 3.0, 1.0, -2.0, 1.0 | -200.0 | 1
-2.0, -1.0, 1.0, 0.0, 0.0, 2.0, 0.0, 0.0, 0.0 | -200.0 | 1
-1.0, 0.0, 1.0, -1.0, 0.0, 1.0, 0.0, -1.0, 0.0 | -200.0 | 1
0.0, -0.9, 0.0, 0.0, 0.5, 2.0, 0.0, -0.9, 0.0 | -141.4 | 3
-0.2, -1.0, 0.0, 0.0, 0.5, 1.0, 0.0, -0.9, 0.0 | -200.0 | 1
0.0, -1.0, 0.0, 0.0, 0.6, 1.2, 0.0, -0.9, 0.0 | -132.7 | 3
0.2, -0.9, 0.0, 0.0, 0.4, 2.0, 0.0, -0.9, 0.0 | -200.0 | 1
0.0, -0.9, 0.0, 0.0, 0.35, 2.1, 0.0, -0.9, 0.0 | -146.75 | 3
0.0, -1.0, 0.0, 0.0, 0.5, 0.95, 0.0, -0.9, 0.0 | -144.85 | 3
-0.5, -0.9, 0.0, 0.0, 0.4, 2.0, 0.0, -0.9, 0.0 | -200.0 | 1
0.0, -0.7, 0.0, 0.0, 0.4, 1.3, 0.0, -0.9, 0.0 | -133.55 | 3
0.0, -0.9, 0.0, 0.0, 0.4, 2.0, 0.0, -0.9, 0.0 | -111.7 | 4
0.0, -1.0, 0.0, 0.0, 0.2, 1.0, 0.0, -5.0, 0.0 | -123.25 | 4
0.0, -1.0, 0.0, 0.0, 0.5, 2.0, 0.0, -1.0, 0.0 | -139.45 | 3
0.1, -0.9, 0.0, 0.0, 0.4, 1.3, 0.0, -0.9, 0.0 | -200.0 | 1
-0.1, -0.9, 0.0, 0.0, 0.4, 2.0, 0.0, -0.9, 0.0 | -200.0 | 1
0.2, -0.9, 0.0, 0.0, 1.3, 2.0, 0.0, -0.9, 0.0 | -200.0 | 1
0.0, -1.0, 0.0, 0.0, 0.35, 2.0, 0.0, -0.9, 0.0 | -139.2 | 3
0.0, -0.8, 0.0, 0.0, 0.45, 1.25, 0.0, -0.85, 0.0 | -131.1 | 3
0.0, -1.0, 0.0, 0.0, 0.5, 1.0, 0.0, -1.0, 0.5 | -200.0 | 1
0.0, -1.0, 0.0, 0.0, 0.5, 1.0, 0.0, -0.9, 0.5 | -200.0 | 1
0.0, -1.0, 0.0, 0.0, 0.5, 1.0, 0.0, -1.0, 0.1 | -200.0 | 1
0.0, -1.0, 0.0, 0.0, 0.4, 2.0, 0.0, -0.9, 0.0 | -127.45 | 4
0.1, -0.9, 0.0, 0.0, 0.35, 2.0, 0.0, -0.9, 0.0 | -200.0 | 1
0.0, -0.9, 0.0, 0.0, 0.6, 2.0, 0.0, -0.9, 0.1 | -200.0 | 1
0.0, -0.9, 0.0, 0.0, 1.4, 2.0, 0.0, -0.9, 0.0 | -140.45 | 3
0.0, -2.0, 0.0, 0.0, 0.5, 1.0, 0.0, -1.0, 0.0 | -192.4 | 1
0.0, -1.0, 0.0, 0.0, 0.5, 1.0, 0.0, -0.9, 0.2 | -200.0 | 1
0.0, -1.0, 0.0, 0.0, 0.5, 1.0, 0.0, -0.85, 0.0 | -131.6 | 3
0.0, -1.0, 0.0, 0.0, 1.3, 2.0, 0.0, -0.9, 0.0 | -152.15 | 3
0.0, -0.9, 0.0, 0.0, 1.3, 2.0, 0.0, -0.8, 0.0 | -138.05 | 3
-0.5, -0.9, 0.0, 0.0, 0.4, 1.3, 0.2, -0.8, 0.0 | -200.0 | 1
1.0, -1.0, 0.0, 0.0, 0.5, 1.0, 0.0, -0.9, 0.0 | -200.0 | 1
0.0, -1.0, 0.0, 0.0, 0.45, 1.0, 0.0, -1.0, 0.0 | -136.75 | 3
0.2, -0.9, 0.0, 0.0, 0.35, 2.0, 0.0, -0.9, 0.0 | -200.0 | 1
-0.5, -0.9, 0.0, 0.0, 1.3, 2.0, 0.0, -0.9, 0.0 | -200.0 | 1
0.0, -0.9, 0.0, 0.0, 0.35, 2.2, 0.0, -0.9, 0.0 | -134.25 | 3
-2.0, 0.0, 0.0, 0.0, 0.5, 1.0, 0.0, -1.0, 0.0 | -200.0 | 1
0.0, -1.0, 0.0, 0.0, 0.6, 1.0, 0.1, -0.9, 0.0 | -200.0 | 1
0.0, -1.0, 0.0, 0.0, 0.6, 0.95, 0.0, -0.9, 0.0 | -125.45 | 4
0.5, -1.0, 0.0, 0.0, 0.5, 1.0, 0.0, -1.0, 0.0 | -200.0 | 1
0.0, -0.9, 0.5, 0.0, 1.3, 2.0, 0.0, -0.9, 0.0 | -200.0 | 1
0.0, -0.9, 0.0, 0.0, 0.4, 2.0, 0.0, -0.9, 0.0 | -133.7 | 3
0.0, -0.9, 0.0, 0.0, 0.4, 2.0, 0.2, -0.9, 0.0 | -200.0 | 1
0.0, -0.9, 0.0, 0.0, 0.3, 2.0, 0.0, -0.9, 0.0 | -126.45 | 4
0.1, -1.0, 0.0, 0.0, 0.5, 1.0, 0.0, -0.9, 0.0 | -200.0 | 1
0.0, -0.9, 0.0, 0.0, 0.3, 2.0, 0.0, -0.9, 0.0 | -137.6 | 3
1.0, -0.9, 0.0, 0.0, 0.4, 1.3, 0.0, -0.9, 0.0 | -200.0 | 1
0.0, -1.0, 0.0, 0.0, 0.5, 1.2, 0.0, -1.0, 0.0 | -133.65 | 3
0.0, -1.0, 0.0, 0.0, 0.5, 1.0, 0.0, -2.0, 0.0 | -141.25 | 3
0.0, -1.0, 0.0, 0.0, 0.5, 1.0, 0.0, -1.0, 0.5 | -200.0 | 1
0.0, -1.0, 0.0, 0.0, 0.5, 1.0, 1.0, -1.0, 0.0 | -200.0 | 1
-0.5, -1.0, 0.0, 0.0, 0.6, 1.3, 0.0, -0.9, 0.0 | -200.0 | 1
0.0, -1.0, 0.0, 0.0, 0.5, 1.3, 0.0, -0.9, 0.0 | -131.3 | 3
0.0, -0.9, 0.0, 0.0, 0.4, 1.3, 0.0, -0.9, 1.0 | -200.0 | 1
1.0, -1.0, 0.0, 0.0, 0.5, 1.0, 0.0, -1.0, 0.0 | -200.0 | 1
0.0, -1.0, 0.0, 0.0, 0.55, 1.0, 0.0, -0.9, 0.0 | -124.9 | 4
0.0, -1.0, 0.0, 0.0, 0.0, 2.0, 0.0, -1.0, 0.5 | -200.0 | 1
0.0, -0.9, 0.0, 0.0, 1.3, 2.0, 0.0, -0.9, 0.0 | -116.35 | 4
0.0, -0.9, 0.0, 0.0, 0.4, 2.4, 0.0, -0.85, 0.0 | -132.4 | 3
0.0, -1.0, 0.5, 0.0, 0.5, 1.0, 0.0, -0.9, 0.0 | -200.0 | 1
0.0, -0.9, 0.0, 0.0, 0.35, 2.0, -0.1, -0.9, 0.0 | -200.0 | 1
0.0, -0.9, 0.0, 0.0, 0.5, 2.0, 0.0, -0.8, 0.0 | -134.2 | 3
0.0, -1.9, 0.0, 0.0, 0.4, 2.0, 0.0, -0.9, 0.0 | -198.9 | 1
0.0, -1.2, 0.0, 0.0, 0.4, 1.1, 0.0, -0.85, 0.0 | -157.05 | 2
0.0, -0.9, 0.0, 0.0, 1.3, 2.2, 0.0, -0.9, 0.0 | -121.7 | 4
-0.5, -1.0, 0.0, 0.0, 0.5, 1.0, 0.0, -1.0, 0.0 | -200.0 | 1
0.0, -1.0, 0.0, 0.0, 1.6, 1.0, 0.0, -0.9, 0.0 | -118.5 | 4
0.0, -1.0, 0.0, 0.0, 0.0, 2.0, 0.0, -1.0, 0.0 | -140.1 | 3
0.0, -1.0, 0.0, 0.0, 1.5, 1.0, 0.0, -1.0, 0.0 | -118.75 | 4
0.0, -0.9, 0.0, 0.0, 0.5, 1.4, 0.0, -0.8, 0.0 | -127.55 | 4
-1.0, -0.9, 0.0, 0.0, 0.4, 2.0, 0.0, -0.9, 0.0 | -200.0 | 1
0.0, -1.0, 0.0, 0.0, 0.5, 1.0, 0.0, -0.88, 0.0 | -129.65 | 4
0.0, -1.2, 0.0, 0.0, 0.5, 1.0, 0.0, -0.8, 0.0 | -156.3 | 2
-0.5, -0.9, 0.0, 0.0, 0.6, 2.0, 0.0, -0.9, 0.0 | -200.0 | 1
0.0, -1.0, 0.0, 0.0, 0.4, 1.0, 0.0, -0.9, 0.0 | -137.25 | 3
0.0, -1.0, 0.0, 0.0, 0.5, 1.0, 0.0, -0.9, 0.0 | -131.3 | 3
0.0, -0.9, 0.0, 0.0, 0.4, 2.0, 1.0, -0.9, 0.0 | -200.0 | 1
0.0, -1.0, 0.0, 0.0, 1.5, 1.2, 0.0, -0.9, 0.0 | -133.75 | 3
0.0, -1.0, 0.0, 0.0, 0.5, 1.0, -0.5, -1.0, 0.0 | -200.0 | 1
0.0, -1.0, 0.0, 0.0, 0.5, 1.5, 0.0, -1.0, 0.0 | -130.25 | 3
0.0, -1.0, 0.0, 0.0, 0.5, 1.0, 0.0, -0.9, 0.0 | -125.8 | 4
0.0, -0.9, 0.0, 0.0, 0.4, 2.0, 0.0, -0.9, 1.0 | -200.0 | 1
0.0, -1.0, 0.0, 0.0, 0.0, 1.0, 0.0, -1.0, 0.0 | -122.45 | 4
-0.3, -1.0, 0.0, 0.0, 0.5, 1.0, 0.0, -0.9, 0.0 | -200.0 | 1
0.0, -1.0, 0.0, 0.0, 0.6, 1.0, -0.1, -0.9, 0.0 | -200.0 | 1
1.0, -0.9, 0.0, 0.0, 0.4, 2.0, 0.0, -0.9, 0.0 | -200.0 | 1
-1.0, -1.0, 0.0, 0.0, 0.6, 1.0, 0.0, -0.9, 0.0 | -200.0 | 1
0.0, -0.9, 0.0, 0.0, 0.5, 2.0, 0.0, -0.9, 0.0 | -135.2 | 3
0.0, -0.9, 0.0, 0.0, 1.4, 1.3, 0.0, -0.9, 0.0 | -147.45 | 3
0.0, -0.9, 0.0, 0.0, 1.3, 2.0, -0.1, -0.9, 0.0 | -200.0 | 1
-1.0, -1.0, 0.0, 0.0, 1.0, 1.0, 0.0, -0.5, 0.0 | -200.0 | 1
0.0, -1.0, 0.0, 0.0, 0.35, 2.0, 0.0, -0.9, 0.0 | -132.2 | 3
0.0, -1.0, 0.0, 0.0, 0.0, 1.0, 0.0, 0.0, 0.0 | -200.0 | 1
-0.5, -0.9, 0.0, 0.0, 0.3, 2.4, -0.5, -0.7, 0.5 | -200.0 | 1
-0.2, -1.0, 0.0, 0.0, 0.5, 1.0, 0.1, -0.9, 0.0 | -200.0 | 1
0.0, -0.8, 0.0, 0.0, 1.3, 2.0, 0.0, -0.9, 0.0 | -134.35 | 3
0.0, -1.0, 0.0, 0.0, 0.5, 1.0, 0.0, -0.5, 0.0 | -191.65 | 1
0.0, -0.9, 0.1, 0.0, 0.4, 2.0, 0.0, -0.9, 0.0 | -200.0 | 1
0.0, -1.0, 0.0, 0.0, 0.5, 1.0, 0.0, -0.9, 0.1 | -200.0 | 1
0.0, -5.0, 0.0, 0.0, 0.0, 5.0, 0.0, 1.0, 0.0 | -200.0 | 1
0.0, -1.0, 0.0, 0.0, 0.4, 1.0, 0.0, -5.0, 0.0 | -127.75 | 4
-1.0, 0.0, 0.0, 0.0, 1.0, 0.0, -0.2, -6.0, 0.2 | -200.0 | 1
0.0, -0.9, 0.0, 0.0, 0.4, 2.0, 0.0, -0.9, 0.1 | -200.0 | 1
0.0, -1.0, 0.0, 0.0, 0.5, 1.0, 0.0, -0.9, 0.1 | -200.0 | 1
0.0, -0.9, 0.0, 0.0, 0.35, 2.1, 0.0, -0.9, 0.0 | -131.25 | 3
0.0, -1.0, 0.0, 0.0, 0.55, 1.0, 0.0, -0.9, 0.0 | -128.45 | 4
0.0, -1.0, 0.0, 0.0, 0.6, 1.0, 0.0, -0.9, 0.2 | -200.0 | 1
-1.0, -1.0, 0.0, 0.0, 0.2, 1.0, 0.0, -5.0, 0.0 | -200.0 | 1
0.0, -1.0, 0.0, 0.0, 1.0, 1.0, 0.0, -1.0, 0.5 | -200.0 | 1
0.0, -1.0, 0.0, 0.0, 0.5, 1.0, 0.0, -0.8, 0.0 | -155.95 | 2
0.0, -1.0, 0.0, 0.0, 0.5, 1.0, -0.2, -1.0, 0.0 | -200.0 | 1
0.0, -1.0, 0.0, 0.0, 1.0, 1.0, 0.0, -1.0, 0.0 | -145.5 | 3
0.0, -0.9, 0.0, 0.0, 1.5, 2.0, 0.0, 0.0, 0.0 | -200.0 | 1
0.0, -1.0, 0.0, 0.0, 0.5, 1.05, 0.0, -0.9, 0.0 | -127.05 | 4
0.0, -0.9, 0.0, 0.0, 0.4, 2.1, 0.0, -0.9, 0.0 | -130.6 | 3
0.0, -0.8, 0.0, 0.0, 0.6, 2.0, 0.0, -0.9, 0.0 | -126.3 | 4
0.0, -2.0, 0.0, 0.0, 0.6, 1.0, 0.0, -0.9, 0.0 | -200.0 | 1
1.0, -2.0, 0.0, 0.0, 1.5, 2.0, 0.0, -1.0, 0.0 | -200.0 | 1
0.0, -1.0, 0.0, 0.0, 0.5, 1.0, 0.0, -1.0, 0.05 | -200.0 | 1
-0.2, -1.0, 0.0, 0.0, 0.2, 1.0, 0.0, -1.0, 0.0 | -200.0 | 1
0.0, -0.9, 0.0, 0.0, 0.5, 1.0, 0.0, -1.0, 0.0 | -138.95 | 3
0.0, -2.0, 0.0, 0.0, 0.8, 1.2, 0.5, -0.9, 0.0 | -200.0 | 1
0.0, -1.0, 0.0, 0.0, 0.6, 1.0, 0.0, -0.9, 0.1 | -200.0 | 1
0.0, -0.9, 0.0, 0.0, 0.5, 2.0, 0.0, -0.9, 0.1 | -200.0 | 1
0.0, -0.9, 0.0, 0.0, 0.35, 3.0, 0.0, -0.9, 0.0 | -148.0 | 3
0.0, -1.0, 0.0, 0.0, 0.5, 1.0, 0.0, -1.0, 0.0 | -115.2 | 4
-0.1, -1.0, 0.0, 0.0, 0.5, 1.0, 0.0, -0.9, 0.0 | -200.0 | 1
0.0, -0.9, 0.0, 0.0, 0.3, 2.0, 0.0, -0.9, 0.0 | -123.3 | 4
0.0, -1.0, 0.0, 0.0, 0.5, 1.0, -0.2, -0.9, 0.0 | -200.0 | 1
0.2, -1.0, 0.0, 0.0, 0.5, 1.0, 0.0, -1.0, 0.0 | -200.0 | 1
0.0, -1.0, 0.0, 0.0, 0.5, 1.0, 0.0, -0.8, 0.0 | -156.45 | 2
-2.0, -2.0, 0.0, 0.0, 2.0, 2.0, 0.0, -1.0, 0.0 | -200.0 | 1
0.0, -0.9, 0.0, 0.0, 0.4, 2.0, 0.0, -1.0, 0.0 | -134.8 | 3
0.0, -1.0, 0.0, 0.0, 0.6, 1.0, -0.1, -0.9, 0.0 | -200.0 | 1
0.0, -2.0, 0.0, 0.0, 0.0, 2.0, -0.5, -1.0, 0.5 | -200.0 | 1
0.0, -0.9, 0.0, 0.0, 1.4, 1.9, 0.0, -0.9, 0.0 | -140.3 | 3
0.0, -0.9, 0.0, 0.0, 0.2, 2.0, 0.0, -0.9, 0.0 | -142.3 | 3
0.0, -0.9, 0.0, 0.0, 0.3, 2.0, 0.0, -0.9, 0.0 | -135.25 | 3
0.0, -0.9, 0.0, 0.0, 1.3, 3.0, 0.0, -0.9, 0.0 | -133.55 | 3
0.0, -0.9, 0.0, 0.0, 0.4, 2.0, -0.5, -0.9, 0.1 | -200.0 | 1
0.0, -1.0, 0.0, 0.0, 0.5, 1.0, -0.1, -1.0, 0.0 | -200.0 | 1
0.0, -1.0, 0.0, 0.0, 0.6, 0.9, 0.0, -0.9, 0.0 | -124.1 | 4
0.0, -0.9, 0.0, 0.0, 0.35, 2.0, 0.2, -0.9, 0.0 | -200.0 | 1
0.0, -1.0, 0.0, 0.0, 0.5, 1.0, 0.5, -0.9, 0.0 | -200.0 | 1
0.0, -1.0, 0.0, 0.0, 0.5, 1.0, -1.0, -1.0, 0.0 | -200.0 | 1
0.0, -1.0, 0.0, 0.0, 0.5, 1.0, 0.0, -0.9, 0.2 | -200.0 | 1
0.0, -1.0, 0.0, 0.0, 0.6, 1.0, 0.2, -0.9, 0.0 | -200.0 | 1
0.0, -0.9, 0.0, 0.0, 0.4, 2.0, 0.0, -0.9, 0.5 | -200.0 | 1
0.0, -1.0, 0.0, 0.0, 0.0, 1.0, 0.0, -1.0, 0.5 | -200.0 | 1
0.0, -1.0, 0.0, 0.0, 0.4, 1.0, 0.0, -0.9, 0.0 | -134.7 | 3
0.0, -1.0, 0.0, 0.0, 0.6, 2.0, 0.0, -0.9, 0.0 | -126.6 | 4
-0.5, -1.0, 0.0, 0.0, 0.5, 1.0, 0.0, -2.0, 0.0 | -200.0 | 1
0.0, -0.9, 0.0, 0.0, 0.4, 2.0, 0.0, -0.9, 0.1 | -200.0 | 1
0.2, -1.0, 0.0, 0.0, 0.5, 1.0, 0.0, -0.9, 0.0 | -200.0 | 1
0.0, -0.8, 0.0, 0.0, 0.35, 2.0, 0.0, -0.9, 0.0 | -133.0 | 3
-1.0, -1.0, 0.0, 0.0, 1.0, 1.0, 0.0, -1.0, 0.0 | -200.0 | 1
0.0, -1.0, 0.0, 0.0, 0.55, 1.0, -0.2, -0.9, 0.0 | -200.0 | 1
0.0, -1.0, 0.0, 0.0, 1.0, 1.0, 0.0, -1.0, 0.2 | -200.0 | 1
0.0, -1.0, 0.0, 0.0, 0.55, 1.0, 0.0, -1.0, 0.0 | -127.25 | 4
0.0, -1.0, 0.0, 0.0, 0.5, 1.0, 0.0, -0.9, 0.0 | -107.7 | 4
-1.0, -1.0, 0.0, 0.0, 1.0, 1.0, 0.0, -1.0, 0.0 | -200.0 | 1
0.0, -0.9, 0.0, 0.0, 0.6, 2.0, 0.0, -0.9, 1.0 | -200.0 | 1
0.0, -1.0, 0.0, 0.0, 0.5, 1.0, -0.1, -0.8, 0.0 | -200.0 | 1
1.0, -1.0, 0.0, -1.0, 2.0, 4.0, 0.0, -6.0, 0.0 | -200.0 | 1
0.0, -1.0, 0.0, -1.0, 2.0, 4.0, 0.0, -5.0, 0.0 | -127.95 | 4
0.0, -0.9, 0.0, -1.0, 3.0, 5.0, 0.0, -5.4, 0.0 | -127.55 | 4
0.0, -1.0, 0.0, -1.0, 2.1, 3.1, 0.0, -5.0, 0.0 | -122.0 | 4
0.0, -1.0, 0.1, -1.0, 2.0, 4.0, 0.0, -5.8, 0.0 | -179.75 | 1
0.0, -1.0, 0.0, -1.0, 3.5, 5.0, -0.5, -5.4, 0.0 | -200.0 | 1
1.0, -1.0, 0.0, -1.0, 2.0, 4.0, 0.0, -6.0, 0.0 | -200.0 | 1
0.0, -1.0, 0.0, -1.0, 2.0, 5.0, 0.0, -5.6, 0.2 | -200.0 | 1
0.0, -1.0, 0.0, -1.0, 1.6, 0.9, 0.0, -5.0, 0.0 | -122.7 | 4
0.0, -1.0, 0.0, -1.0, 2.0, 3.0, 0.0, -5.0, 0.0 | -119.65 | 4
0.0, -1.0, 0.0, -1.0, 1.0, 1.0, 0.0, -5.0, 1.0 | -200.0 | 1
-1.0, -1.0, 0.0, 0.0, 1.0, 1.0, 0.0, -5.0, 1.0 | -200.0 | 1
0.0, -1.0, 0.0, -1.0, 2.9, 5.0, 0.0, -5.4, 0.0 | -126.05 | 4
1.0, -1.0, 0.0, -1.0, 2.0, 4.0, 0.0, -5.8, 0.0 | -200.0 | 1
-0.5, -1.0, 0.0, -1.0, 2.0, 3.0, 0.0, -5.0, 0.0 | -200.0 | 1
0.0, -1.0, 0.0, -1.0, 2.0, 4.0, 0.5, -5.8, 0.0 | -200.0 | 1
1.0, -1.0, 0.0, -1.0, 2.0, 4.0, 0.0, -6.0, 0.0 | -200.0 | 1
0.0, -1.0, 0.0, -1.0, 1.5, 1.0, 0.0, -5.0, -0.5 | -200.0 | 1
0.0, -1.0, 0.0, -1.0, 2.0, 4.0, 1.0, -6.0, 0.0 | -200.0 | 1
0.0, -1.0, 0.0, -1.0, 2.0, 4.0, -0.5, -6.0, 0.0 | -200.0 | 1
0.0, -1.0, 0.0, -2.0, 1.0, 1.0, 0.0, -5.0, 0.0 | -134.2 | 3
0.0, -1.0, 0.0, -1.0, 2.0, 2.0, 0.0, -4.5, 0.0 | -130.75 | 3
0.0, -1.0, 0.0, -1.0, 2.0, 5.0, 0.0, -5.5, 0.5 | -200.0 | 1
0.0, -0.8, 0.0, -1.0, 2.0, 5.0, 0.0, -5.5, 0.0 | -136.45 | 3
0.0, -1.0, 0.0, -1.0, 2.0, 4.5, 0.0, -5.8, 0.5 | -200.0 | 1
1.0, -1.0, 0.0, -1.0, 2.0, 4.0, 0.0, -5.8, 0.0 | -200.0 | 1
0.0, -1.0, 0.0, -1.0, 2.0, 2.0, 0.0, -5.0, 0.0 | -134.1 | 3
0.0, -1.0, 0.0, -1.0, 2.0, 4.0, 0.0, -5.9, 0.0 | -130.0 | 3
0.1, -1.0, 0.0, -1.0, 2.0, 4.0, 0.0, -6.0, 0.0 | -163.9 | 2
0.0, -1.0, 0.0, -1.0, 3.0, 5.0, 0.0, -5.0, 0.0 | -129.2 | 4
0.0, -1.0, 0.0, -1.0, 2.0, 3.0, 0.0, -5.0, 0.5 | -200.0 | 1
0.0, -1.0, 0.0, -1.0, 2.0, 4.0, 0.0, -5.7, 0.0 | -128.05 | 4
0.0, -1.0, 0.0, -1.0, 2.0, 4.0, 0.0, -4.8, 0.0 | -113.2 | 4
0.0, -1.0, 0.0, -1.0, 3.0, 5.0, 0.0, -5.4, 0.0 | -136.75 | 3
0.0, -1.0, 0.0, -1.0, 1.5, 1.0, 0.0, -4.5, 0.0 | -125.7 | 4
1.0, -1.0, 0.0, -1.0, 1.0, 1.0, 0.0, -5.0, 0.0 | -200.0 | 1
0.0, -1.0, 0.0, -1.0, 1.0, 1.0, 0.0, -5.0, 0.5 | -200.0 | 1
0.0, -1.0, 0.0, -1.0, 3.0, 5.2, 0.0, -5.4, 0.0 | -145.6 | 3
0.0, -1.0, 0.0, -1.0, 2.5, 4.0, 0.0, -5.8, 0.0 | -135.45 | 3
1.0, -1.0, 0.0, -1.0, 2.0, 3.0, 0.0, -6.0, 0.0 | -200.0 | 1
0.0, -1.0, 0.0, -1.0, 1.5, 1.2, 0.0, -5.0, 0.0 | -141.4 | 3
0.0, -1.0, 0.5, -1.0, 1.5, 1.0, 0.0, -5.0, 0.0 | -200.0 | 1
0.5, -1.0, 0.0, -1.0, 3.0, 5.0, 0.0, -5.4, 0.0 | -200.0 | 1
0.0, -1.0, 0.0, -1.0, 2.0, 0.5, 0.0, -5.0, 0.0 | -121.25 | 4
0.0, -1.0, 0.0, -1.0, 2.0, 4.0, 0.0, -5.5, 0.0 | -138.6 | 3
0.5, -1.0, 0.0, -1.0, 2.0, 4.0, 0.0, -5.5, 0.0 | -200.0 | 1
0.0, -1.0, 0.0, -1.0, 1.0, 1.0, 0.0, -4.0, 0.5 | -200.0 | 1
0.0, -1.0, 0.0, -1.0, 3.1, 5.1, 0.0, -5.4, 0.0 | -120.6 | 4
0.0, -1.0, 0.0, -0.9, 3.0, 5.0, 0.0, -5.4, 0.0 | -140.6 | 3
-1.0, -1.0, 0.0, -1.0, 2.0, 4.0, 0.0, -5.8, 0.0 | -200.0 | 1
0.0, -1.0, 0.0, -1.0, 2.0, 5.0, 0.0, -5.4, 0.0 | -117.05 | 4
0.0, -1.0, 0.0, -1.0, 2.1, 3.1, 0.0, -6.0, 0.0 | -130.9 | 3
0.0, -1.0, 0.0, -1.0, 2.0, 4.0, 0.0, -5.5, 0.0 | -121.8 | 4
0.0, -1.0, 0.0, -1.0, 3.0, 5.3, 0.0, -5.4, 0.0 | -139.3 | 3
0.0, -1.0, 0.0, -1.0, 2.0, 4.0, 0.0, -4.0, 0.0 | -123.45 | 4
0.0, -1.0, 0.0, -1.0, 2.5, 2.0, 0.0, -5.0, 0.0 | -125.55 | 4
0.0, -1.0, 0.0, -1.0, 1.5, 1.0, -0.5, -5.0, 0.5 | -200.0 | 1
0.0, -1.0, 0.0, -1.0, 2.0, 4.0, 0.0, -5.4, 0.0 | -129.2 | 4
0.0, -2.0, 0.0, -1.0, 1.0, 1.0, 0.0, -5.0, 0.0 | -137.05 | 3
0.2, -1.0, 0.0, -1.0, 2.0, 4.0, 0.0, -6.0, 0.0 | -172.35 | 2
-5.0, -5.0, 0.0, 0.0, 5.0, 5.0, 0.5, 0.0, -0.5 | -200.0 | 1
-1.0, -1.0, 0.0, 0.0, 1.0, 1.0, 0.0, -5.0, 0.0 | -200.0 | 1
0.0, -1.0, 0.0, -1.0, 2.0, 2.0, 0.0, -4.0, 0.0 | -141.9 | 3
1.0, -1.0, 0.0, -1.0, 1.0, 1.0, 0.0, -5.0, 0.0 | -200.0 | 1
-0.5, -1.0, 0.0, -1.0, 1.5, 1.0, 0.0, -5.0, 0.0 | -200.0 | 1
0.0, -5.0, 0.0, 0.0, 0.0, 5.0, 2.0, 0.0, -2.0 | -200.0 | 1
0.0, -1.0, 0.0, -1.0, 2.0, 5.4, 0.0, -5.6, 0.0 | -137.25 | 3
0.0, -1.0, 0.0, -1.0, 1.0, 1.0, 0.0, -5.0, 0.0 | -109.75 | 4
0.0, -1.0, 0.0, -1.0, 1.6, 1.0, 0.5, -5.0, 0.0 | -200.0 | 1
0.0, -1.0, 0.0, -1.0, 1.0, 1.0, 0.2, -5.0, 0.0 | -200.0 | 1
0.0, -1.0, 0.0, -1.0, 1.0, 1.0, 1.0, -5.0, 0.0 | -200.0 | 1
0.0, -1.0, 0.0, -1.0, 2.0, 5.0, 0.0, -5.8, 0.0 | -125.25 | 4
0.0, -1.0, 0.0, -1.0, 1.8, 4.0, 0.0, -6.0, 0.0 | -128.6 | 4
0.0, -1.0, 0.0, -1.0, 2.0, 4.0, 0.0, -6.0, 0.5 | -200.0 | 1
-1.0, 0.0, 0.0, 0.0, 0.0, 1.0, 0.0, -5.0, 0.5 | -200.0 | 1
-1.0, -1.0, 0.0, 0.0, 1.0, 10.0, 0.0, -5.0, 0.0 | -200.0 | 1
0.0, -1.0, 0.0, -1.0, 3.0, 4.0, 0.0, -5.8, 0.0 | -126.8 | 4
0.0, -1.0, 0.0, -1.0, 1.0, 1.0, 0.5, -5.0, 0.0 | -200.0 | 1
0.0, -1.0, 0.0, -1.0, 2.3, 3.0, 0.0, -5.0, 0.0 | -122.8 | 4
0.0, -1.0, 0.0, -1.0, 2.2, 4.0, 0.0, -6.0, 0.0 | -126.5 | 4
0.0, -1.0, 0.0, -1.0, 2.0, 4.0, 0.0, -6.0, 0.1 | -200.0 | 1
0.0, -1.0, 0.0, -1.0, 2.0, 5.1, 0.0, -5.6, 0.0 | -136.4 | 3
0.0, -1.0, 0.0, -1.0, 2.0, 5.2, 0.0, -5.5, 0.0 | -120.05 | 4
0.0, -1.0, 0.0, -1.0, 1.5, 1.0, 0.0, -4.5, 0.0 | -133.15 | 3
0.0, -1.0, 0.0, -1.0, 2.0, 3.0, 0.0, -5.8, 0.0 | -126.1 | 4
0.0, -1.0, 0.0, -1.0, 3.0, 2.0, 0.0, -5.0, 0.0 | -131.0 | 3
0.0, -2.0, 0.0, 0.0, 1.0, 1.0, 0.0, -5.0, 0.0 | -141.0 | 3
0.0, -1.0, 0.0, -1.0, 2.0, 1.0, 0.0, -5.0, 0.0 | -119.9 | 4
0.0, -1.0, 0.0, -1.0, 1.0, 1.0, -1.0, -5.0, 0.0 | -200.0 | 1
0.0, -1.0, 0.0, -1.0, 1.6, 1.1, 0.0, -4.9, 0.0 | -130.8 | 3
0.0, -1.0, 0.0, -1.0, 3.0, 4.0, 0.0, -6.0, 0.0 | -122.7 | 4
0.0, -1.0, 0.0, -1.0, 2.0, 4.0, 0.0, -7.0, 0.0 | -124.55 | 4
0.0, -1.0, 0.0, -1.0, 2.0, 4.0, 0.0, -4.5, 0.0 | -131.2 | 3
-0.2, -1.0, 0.0, -1.0, 2.0, 4.5, 0.0, -6.0, 0.0 | -200.0 | 1
0.0, -1.0, 0.0, -0.8, 1.0, 1.0, 0.0, -5.0, 0.0 | -141.55 | 3
0.0, -1.0, 0.0, -1.0, 2.0, 4.0, 0.0, -5.8, 1.0 | -200.0 | 1
0.0, -0.9, 0.0, -1.0, 2.0, 4.0, 0.0, -5.8, 0.0 | -134.7 | 3
0.0, -1.0, 0.0, -1.0, 2.0, 2.5, 0.0, -5.0, 0.0 | -133.35 | 3
0.0, -1.0, 0.0, -0.9, 2.0, 5.0, 0.0, -5.2, 0.0 | -121.05 | 4
0.0, -1.0, 0.0, -1.0, 2.0, 4.0, 0.0, -5.8, 0.0 | -133.7 | 3
0.0, -1.0, 1.0, -1.0, 2.0, 4.0, 0.0, -5.8, 0.0 | -200.0 | 1
0.0, -1.0, 0.0, -1.0, 1.0, 1.0, 0.0, -5.0, -1.0 | -200.0 | 1
0.0, -1.0, 0.0, -1.0, 3.0, 5.0, 0.0, -5.4, 0.5 | -200.0 | 1
0.0, -1.0, 0.0, -1.0, 3.0, 2.0, 0.0, -5.0, 0.0 | -131.6 | 3
0.0, -1.0, 0.0, -1.0, 2.0, 4.8, 0.0, -5.4, 0.0 | -125.75 | 4
0.0, -1.0, 0.0, -1.0, 1.5, 1.0, 0.0, -5.0, 0.1 | -200.0 | 1
0.0, -1.0, -1.0, -1.0, 2.0, 4.0, 0.0, -6.0, 0.0 | -200.0 | 1
0.0, -1.0, 0.0, -1.0, 3.0, 4.5, 0.0, -5.4, 0.0 | -127.05 | 4
0.0, -1.0, 0.0, -0.8, 1.0, 0.8, 0.0, -5.0, 0.3 | -200.0 | 1
1.0, -1.0, 0.0, -1.0, 1.0, 1.0, 0.0, -5.0, 0.0 | -200.0 | 1
0.0, -1.0, 0.0, -1.0, 2.0, 4.0, 0.0, -5.7, 0.0 | -133.45 | 3
0.0, -1.0, 0.0, -1.0, 2.0, 4.3, 0.0, -4.8, 0.0 | -122.35 | 4
0.0, -1.0, 0.0, -1.0, 1.8, 1.2, 0.0, -5.0, 0.5 | -200.0 | 1
0.0, -1.0, 0.0, -1.0, 1.0, 2.0, 0.0, -5.0, 0.0 | -123.65 | 4
0.0, -1.0, 0.0, -1.0, 3.0, 6.0, 0.0, -5.4, 0.0 | -122.25 | 4
1.0, -1.0, 0.0, -1.0, 1.0, 1.0, 0.0, -5.0, 0.0 | -200.0 | 1
0.0, -1.0, 0.0, -1.0, 2.0, 3.0, 0.0, -5.0, 1.0 | -200.0 | 1
0.0, -1.0, 0.0, -1.0, 2.0, 5.0, 0.0, -5.0, 0.0 | -129.1 | 4
0.0, -1.0, 0.0, -1.0, 1.6, 0.9, 0.0, -5.0, 0.0 | -134.4 | 3
0.0, -1.0, 0.0, -1.0, 2.0, 6.0, 0.0, -5.4, 0.0 | -130.1 | 3
0.0, -1.0, 0.0, -1.0, 1.8, 1.0, 0.0, -5.0, 0.0 | -128.6 | 4
0.0, -1.0, 0.5, -1.0, 1.0, 1.0, 0.0, -5.0, 0.0 | -200.0 | 1
0.0, -1.0, 0.0, -1.0, 4.0, 5.0, 0.0, -5.4, 0.0 | -131.8 | 3
0.0, -1.0, 0.0, -1.0, 2.0, 4.0, 0.0, -5.8, 0.0 | -112.75 | 4
0.0, -1.0, 0.0, -1.0, 3.0, 5.0, 0.5, -5.4, 0.0 | -200.0 | 1
0.0, -1.0, 0.0, -1.0, 2.0, 4.0, 0.0, -6.0, 0.5 | -200.0 | 1
0.5, -1.0, 0.0, -1.0, 1.5, 1.0, 0.0, -5.0, 0.0 | -200.0 | 1
0.0, -1.0, 0.0, -1.0, 2.0, 4.3, 0.0, -5.8, 0.0 | -124.05 | 4
-2.0, -6.0, 2.0, -5.0, 0.0, 5.0, -1.0, -5.0, 1.0 | -200.0 | 1
0.0, -1.0, 0.0, -1.0, 2.0, 5.0, 0.0, -5.5, 0.0 | -136.35 | 3
0.0, -1.0, 0.0, -1.0, 3.5, 5.0, 0.0, -5.4, 0.0 | -134.9 | 3
0.0, -1.0, 0.0, -1.0, 3.0, 4.0, 0.0, -6.0, 0.0 | -120.95 | 4
0.0, -1.0, 0.0, -1.0, 1.5, 1.2, 0.0, -5.0, 0.0 | -133.25 | 3
0.0, -1.0, 0.0, -1.0, 2.0, 4.0, 0.0, -5.0, 0.0 | -134.85 | 3
0.0, -1.0, 0.0, -1.0, 4.0, 5.0, 0.0, -5.4, 0.0 | -125.0 | 4
0.5, -1.0, 0.0, -1.0, 2.0, 5.0, 0.0, -5.6, 0.0 | -200.0 | 1
0.0, -1.0, 0.0, -1.0, 2.1, 5.0, 0.0, -5.4, 0.0 | -120.7 | 4
0.0, -1.0, 0.0, -1.0, 2.0, 4.2, 0.0, -5.8, 0.0 | -124.4 | 4
0.0, -1.0, 0.0, -1.0, 2.0, 4.0, 0.0, -4.7, 0.0 | -127.5 | 4
0.0, -1.0, 0.0, -1.0, 3.0, 4.0, 0.0, -5.8, 0.0 | -142.7 | 3
0.0, -1.0, 0.0, -1.0, 2.0, 4.0, 0.0, -5.5, 0.5 | -200.0 | 1
0.0, -1.0, 0.0, -1.0, 3.0, 5.0, -0.5, -5.4, 0.0 | -200.0 | 1
0.0, -1.0, 0.0, -1.0, 1.5, 1.1, 0.0, -5.0, 0.0 | -125.15 | 4
-1.0, -1.0, 0.0, 0.0, 1.0, 2.0, 0.0, -5.0, 0.0 | -200.0 | 1
-0.5, -1.0, 0.0, -1.0, 1.5, 1.0, 0.0, -5.0, 0.0 | -200.0 | 1
0.0, -1.0, 0.0, -1.0, 2.0, 4.3, 0.0, -6.0, 0.0 | -145.15 | 3
-0.5, -1.0, 0.0, -1.0, 2.0, 5.0, 0.0, -5.4, 0.0 | -200.0 | 1
0.0, -1.0, 0.0, -1.0, 2.0, 3.5, 0.0, -5.8, 0.0 | -130.8 | 3
0.0, -1.0, 0.0, -1.0, 2.0, 4.1, 0.0, -5.8, 0.0 | -139.2 | 3
0.0, -1.0, 0.0, -1.0, 1.0, 1.0, 1.0, -5.0, 0.0 | -200.0 | 1
0.0, -1.0, 0.0, -1.0, 2.0, 3.0, 0.0, -4.0, 0.0 | -134.7 | 3
0.0, -1.0, 0.0, -1.0, 2.2, 4.0, 0.0, -5.5, 0.0 | -127.6 | 4
0.0, -1.0, 0.0, -1.0, 2.0, 5.0, 0.0, -5.4, 0.1 | -189.35 | 1
-0.5, -1.0, 0.0, -1.0, 2.0, 4.0, 0.0, -5.8, 0.0 | -200.0 | 1
0.0, -1.0, 0.0, -1.0, 1.5, 1.0, 0.0, -5.0, 0.5 | -200.0 | 1
0.1, -1.0, 0.0, -1.0, 1.0, 1.0, 0.0, -5.0, 0.0 | -196.25 | 1
0.0, -1.0, 0.0, -1.0, 1.8, 5.0, 0.0, -5.4, 0.0 | -132.5 | 3
0.0, -1.0, 0.0, -1.0, 2.0, 3.0, 0.5, -5.0, 0.0 | -200.0 | 1
0.0, -1.0, 0.0, -1.0, 2.0, 5.0, 0.0, -5.5, 0.0 | -118.55 | 4
0.0, -1.0, 0.0, -1.0, 2.5, 3.0, 0.0, -5.0, 0.0 | -123.3 | 4
0.0, -1.0, 0.0, -1.0, 2.0, 1.0, 0.0, -5.0, 0.0 | -129.5 | 4
0.0, -1.0, 0.0, -1.0, 2.0, 5.5, 0.0, -5.6, 0.0 | -136.05 | 3
0.0, -1.0, 0.0, -1.0, 1.0, 1.0, 0.0, -4.5, 0.0 | -130.7 | 3
-3.0, -4.0, 0.0, 0.0, 3.0, 4.0, 0.0, -5.0, 0.0 | -200.0 | 1
0.5, -1.0, -0.5, -1.0, 1.0, 1.0, 0.0, -5.0, 0.0 | -200.0 | 1
1.0, -1.0, 0.0, -1.0, 3.0, 5.0, 0.0, -5.4, 0.0 | -200.0 | 1
0.0, -1.0, 0.0, -1.0, 1.0, 1.0, -1.0, -5.0, 0.0 | -200.0 | 1
0.0, -1.0, 0.1, -1.0, 3.0, 5.0, 0.0, -5.4, 0.0 | -178.15 | 1
0.0, -1.0, 0.0, -1.0, 1.0, 1.0, 0.0, -5.0, 0.5 | -200.0 | 1
0.0, -1.0, 0.0, -1.0, 2.0, 5.4, 0.0, -5.5, 0.0 | -130.7 | 3
0.0, -1.0, 0.0, -1.0, 2.0, 2.0, 1.0, -5.0, 0.0 | -200.0 | 1
0.0, -1.0, 0.0, -1.0, 2.2, 4.0, 0.0, -5.8, 0.0 | -127.15 | 4
0.0, -1.0, 0.0, -1.0, 1.0, 1.0, 0.0, -4.5, 0.5 | -200.0 | 1
0.0, -1.0, 0.0, -1.0, 2.0, 4.0, 0.0, -4.6, 0.0 | -120.1 | 4
0.0, -1.0, 0.0, -1.0, 1.0, 0.9, 0.0, -5.0, 0.0 | -137.05 | 3
0.0, -1.0, 0.0, -1.0, 3.0, 5.0, 0.5, -5.4, 0.0 | -200.0 | 1
0.0, -1.0, 0.0, -1.0, 2.0, 4.2, 0.0, -6.0, 0.0 | -133.05 | 3
0.0, -1.0, 0.0, -1.0, 2.0, 4.2, 0.0, -5.8, 0.0 | -136.85 | 3
0.0, -1.0, 0.0, -1.0, 2.0, 4.0, 0.0, -6.0, 0.0 | -110.9 | 4
-1.0, -1.0, 0.0, -1.0, 1.5, 1.0, 0.0, -5.0, 0.0 | -200.0 | 1
0.0, -1.0, 0.0, -1.0, 3.0, 5.0, 0.0, -4.4, 0.0 | -140.55 | 3
0.0, -1.5, 0.0, -1.5, 2.0, 4.0, 0.0, -5.8, 0.0 | -132.5 | 3
0.0, -1.0, 0.0, -1.0, 1.2, 1.2, 0.0, -5.0, 0.0 | -133.55 | 3
0.0, -1.0, 0.0, -1.0, 3.0, 4.8, 0.0, -5.4, 0.0 | -131.1 | 3
0.0, -1.0, 0.0, -1.0, 1.4, 0.9, 0.0, -4.8, 0.1 | -200.0 | 1
0.0, -1.0, 0.0, -1.0, 2.0, 5.1, 0.0, -5.4, 0.0 | -130.8 | 3
0.0, -1.0, 0.0, -1.0, 3.0, 5.5, 0.0, -5.4, 0.0 | -131.0 | 3
0.0, -1.0, 0.0, -0.9, 3.0, 5.0, 0.0, -5.4, 0.0 | -120.8 | 4
0.0, -1.0, 0.0, -1.0, 2.0, 4.0, 0.0, -5.9, 0.0 | -127.05 | 4
0.0, -1.0, 0.0, -0.9, 2.0, 2.5, 0.0, -5.0, 0.0 | -134.45 | 3
-2.0, -1.0, 0.0, -1.0, 2.0, 3.0, 0.0, -5.0, 0.0 | -200.0 | 1
0.0, -1.0, 0.0, -1.0, 2.0, 5.0, 0.0, -5.6, 0.0 | -118.75 | 4
0.0, -1.0, 0.0, -1.0, 1.5, 0.9, 0.0, -5.0, 0.0 | -128.85 | 4
0.0, -1.0, 0.0, -1.0, 1.0, 0.0, 0.0, -5.0, 0.0 | -132.4 | 3
1.0, -1.0, 0.0, -1.0, 2.0, 5.0, 0.0, -5.4, 0.0 | -200.0 | 1
0.0, -1.0, 0.0, 0.0, 0.0, 1.0, 0.0, -5.0, 0.0 | -138.15 | 3
0.5, -1.0, 0.0, -1.0, 1.5, 1.0, 0.0, -5.0, 0.0 | -200.0 | 1
0.0, -1.0, 0.0, -1.0, 2.1, 5.0, 0.0, -5.6, 0.0 | -127.05 | 4
0.0, -1.0, 0.0, -1.0, 2.0, 1.0, 0.0, -5.0, 0.0 | -121.05 | 4
0.0, -1.0, 0.0, -0.9, 2.0, 4.0, 0.0, -6.0, 0.0 | -141.85 | 3
0.0, -1.0, 0.0, -1.0, 2.0, 3.3, 0.0, -6.0, 0.0 | -129.05 | 4
0.1, -1.0, 0.0, -1.0, 2.0, 5.0, 0.0, -5.4, 0.0 | -140.4 | 3
0.0, -0.9, 0.0, -1.0, 2.0, 4.0, 0.0, -5.8, 0.0 | -133.75 | 3
0.0, -1.0, 0.0, -1.0, 2.0, 4.0, 0.0, -5.8, 0.0 | -129.3 | 4
0.0, -1.0, 0.0, -1.0, 3.0, 5.0, 0.0, -5.4, 0.0 | -112.95 | 4
0.0, -1.0, 0.0, -1.0, 2.0, 5.0, 0.0, -5.4, 0.0 | -135.2 | 3
0.0, -1.0, 0.0, -1.0, 2.0, 5.2, 0.0, -4.8, 0.0 | -126.0 | 4
0.0, -1.0, 0.0, -1.0, 3.0, 5.0, 0.0, -5.4, 0.1 | -196.45 | 1
0.0, -1.0, 0.0, -1.0, 1.0, 1.0, -1.0, -5.0, 0.0 | -200.0 | 1
0.2, -1.0, 0.0, -1.0, 2.0, 4.0, 0.0, -6.0, 0.0 | -168.1 | 2
0.0, -1.0, 0.0, -1.0, 2.0, 4.0, -0.5, -5.8, 0.0 | -200.0 | 1
0.0, -1.0, 0.0, -1.0, 2.0, 4.2, 0.0, -6.0, 0.0 | -121.0 | 4
0.0, -1.0, 0.0, -0.8, 1.5, 1.0, 0.0, -4.8, 0.0 | -134.3 | 3
-1.0, -1.0, 0.0, -1.0, 2.0, 5.0, 0.0, -5.4, 0.0 | -200.0 | 1
0.0, -0.9, 0.0, -1.0, 2.0, 5.0, 0.0, -5.4, 0.0 | -134.95 | 3
0.0, -1.0, 0.0, -1.0, 2.2, 3.0, 0.0, -5.0, 0.0 | -133.1 | 3
0.5, -1.0, 0.0, -1.0, 2.0, 3.0, 0.0, -6.0, 0.0 | -200.0 | 1
0.0, -0.9, 0.0, -1.0, 2.0, 4.0, 0.0, -5.8, 0.0 | -122.65 | 4
0.0, -1.0, 0.0, -1.0, 2.0, 4.0, 0.0, -5.6, 0.0 | -139.45 | 3
0.0, -1.0, 0.0, -1.0, 2.0, 5.0, 0.0, -5.5, 0.0 | -134.0 | 3
0.0, -1.0, 0.0, -0.9, 2.0, 5.0, 0.0, -5.5, 0.0 | -127.65 | 4
0.0, -1.0, 0.0, -1.0, 2.0, 5.0, 0.0, -6.0, 0.0 | -125.85 | 4
-3.0, -1.0, 0.0, 0.0, 3.0, 1.0, 0.0, -5.0, 0.0 | -200.0 | 1
0.0, -1.0, 0.0, -1.0, 2.0, 4.0, 0.0, -6.0, -0.5 | -200.0 | 1
0.0, -1.0, 0.0, -1.0, 1.3, 0.8, 0.0, -5.0, 0.5 | -200.0 | 1
0.0, -1.0, 0.0, -1.0, 1.5, 1.0, -0.5, -5.0, 0.0 | -200.0 | 1
1.0, -1.0, 0.0, -1.0, 1.5, 1.0, 0.0, -5.0, 0.0 | -200.0 | 1
0.0, -1.0, 0.0, -1.0, 1.6, 1.0, 0.3, -5.0, 0.2 | -200.0 | 1
0.0, -1.0, 0.0, -1.0, 2.0, 4.0, 0.0, -5.8, 0.0 | -120.1 | 4
0.0, -1.0, 0.0, -1.0, 2.0, 3.9, 0.0, -6.0, 0.0 | -136.65 | 3
0.0, -1.0, 0.0, -2.0, 1.5, 0.0, 0.0, -5.0, 0.0 | -125.5 | 4
0.0, -1.0, 1.0, -1.0, 2.0, 4.0, 0.0, -5.8, 0.0 | -200.0 | 1
-6.0, -6.0, 0.0, 0.0, 6.0, 6.0, 0.0, -6.0, 0.0 | -200.0 | 1
0.0, -1.0, 0.0, -1.0, 3.0, 5.0, 0.0, -5.4, 0.0 | -144.45 | 3
0.0, -1.0, 0.0, -1.0, 2.5, 5.0, 0.0, -5.4, 0.0 | -127.35 | 4
0.0, -1.0, 0.0, -1.0, 3.2, 5.0, 0.0, -5.4, 0.0 | -141.8 | 3
-1.0, -1.0, 0.0, 0.0, 1.0, 1.0, 0.0, 1.0, 0.0 | -200.0 | 1
0.0, 0.0, 0.0, -1.0, 0.0, 1.0, 0.0, -5.0, 0.0 | -114.05 | 4
0.0, -1.0, 0.0, -1.0, 1.2, 0.9, 0.0, -5.0, 0.0 | -127.3 | 4
0.0, -1.0, 0.0, -1.0, 2.0, 5.0, 0.0, -5.8, 0.0 | -129.4 | 4
0.0, -1.0, 0.0, -1.0, 2.0, 2.0, 0.0, -5.0, 0.0 | -141.55 | 3
0.0, -1.0, 0.0, -1.0, 2.0, 3.8, 0.0, -6.0, 0.0 | -134.15 | 3
0.0, -1.0, 0.0, -1.0, 2.0, 4.0, 0.0, -5.8, -0.5 | -200.0 | 1
0.0, -1.0, 0.0, -1.0, 2.0, 5.0, -0.5, -5.4, 0.0 | -200.0 | 1
0.0, -1.0, 0.0, -1.0, 2.0, 4.0, 0.0, -6.0, 0.5 | -200.0 | 1
0.0, -1.0, 1.0, -1.0, 2.0, 4.0, 0.0, -5.8, 0.0 | -200.0 | 1
0.0, -2.0, 0.0, -1.0, 2.0, 4.0, 0.0, -6.0, 0.0 | -127.4 | 4
0.0, -1.0, 0.0, -1.0, 3.0, 4.0, 0.0, -5.8, 0.0 | -131.65 | 3
0.0, -1.0, 0.0, -1.0, 2.5, 1.5, 0.0, -5.0, 0.0 | -131.5 | 3
0.0, -1.0, 0.0, -0.9, 1.5, 1.0, 0.0, -5.0, 0.0 | -123.05 | 4
0.0, -1.0, 0.0, -1.0, 2.0, 4.2, 0.0, -6.0, 0.0 | -133.05 | 3
0.0, -1.0, 0.0, -1.0, 2.0, 5.2, 0.0, -5.4, 0.0 | -124.4 | 4
-0.1, -1.0, 0.0, -1.0, 3.0, 5.0, 0.0, -5.4, 0.0 | -181.4 | 1
0.0, -1.0, 0.0, -1.0, 2.0, 5.0, 0.0, -5.4, 0.5 | -200.0 | 1
0.0, -1.0, 0.0, -1.0, 2.5, 5.0, 0.0, -5.5, 0.0 | -143.35 | 3
0.0, -1.0, 0.0, -1.0, 1.6, 1.0, 0.0, -5.0, 0.0 | -137.55 | 3
0.0, -1.0, 0.0, -1.0, 2.1, 4.0, 0.0, -5.5, 0.0 | -127.4 | 4
0.0, -1.0, 0.0, -1.0, 1.6, 1.0, 0.0, -5.0, 0.2 | -200.0 | 1
0.0, -1.0, 0.0, -1.0, 2.0, 3.9, 0.0, -5.8, 0.0 | -130.4 | 3
0.0, -1.0, 0.0, -1.0, 2.2, 5.0, 0.0, -5.4, 0.0 | -130.25 | 3
0.0, -1.0, 0.0, -1.0, 1.0, 5.0, 0.0, -5.4, 0.0 | -132.15 | 3
0.0, -1.0, 0.0, -1.0, 3.0, 5.0, 0.0, -5.3, 0.0 | -128.45 | 4
0.0, -1.0, 0.0, -1.0, 0.8, 0.8, 0.0, -5.0, 0.0 | -133.5 | 3
0.0, -1.0, 0.0, -1.0, 2.5, 5.0, 0.0, -6.0, 0.0 | -139.25 | 3
0.0, -1.0, 0.0, -1.0, 2.5, 4.0, 0.0, -6.0, 0.0 | -130.9 | 3
0.0, -1.0, 0.0, -1.0, 3.2, 5.1, 0.0, -5.4, 0.0 | -134.8 | 3
-1.0, -1.0, 0.0, -1.0, 3.0, 5.0, 0.0, -5.4, 0.0 | -200.0 | 1
0.0, -1.0, 0.0, -1.0, 2.0, 3.5, 0.0, -5.5, 0.0 | -125.05 | 4
0.0, -1.0, 0.0, -1.2, 2.0, 4.5, 0.0, -6.0, 0.0 | -127.9 | 4
0.0, -1.0, 0.0, -1.0, 1.5, 1.0, 0.0, -5.1, 0.0 | -138.2 | 3
0.0, -0.8, 0.0, -1.0, 2.0, 5.0, 0.0, -5.4, 0.0 | -129.7 | 4
0.0, -1.0, 0.0, -1.0, 3.0, 5.0, 0.0, -5.4, 0.0 | -136.35 | 3
0.0, -1.0, 0.0, -1.0, 3.0, 5.0, 0.0, -5.4, 0.0 | -132.85 | 3
0.0, -1.0, 0.0, -1.0, 1.5, 1.0, 0.0, -5.0, 0.2 | -200.0 | 1
0.0, -1.0, 0.0, -1.0, 1.5, 1.0, 0.0, -4.0, 0.0 | -136.4 | 3
0.0, -1.0, 0.0, -1.0, 2.0, 3.0, 0.0, -4.0, 0.0 | -129.7 | 4
0.0, -1.0, 0.0, -1.0, 1.5, 0.8, 0.0, -5.0, 0.0 | -131.4 | 3
0.0, -2.0, 0.0, -1.0, 3.0, 5.0, 0.0, -5.4, 0.0 | -131.35 | 3
0.0, -1.0, 0.0, -1.0, 2.0, 5.3, 0.0, -5.4, 0.0 | -123.05 | 4
0.0, -1.0, 0.0, -1.0, 2.0, 5.0, 0.0, -5.8, 0.0 | -129.7 | 4
0.0, -0.9, 0.0, -1.0, 2.0, 5.0, 0.0, -5.4, 0.0 | -118.6 | 4
0.0, -1.0, 1.0, -1.0, 2.0, 3.0, 0.0, -6.0, 0.0 | -200.0 | 1
0.0, -1.0, 0.0, -1.0, 2.0, 4.5, 0.0, -5.5, 0.0 | -136.2 | 3
0.0, -1.0, 0.0, -1.0, 2.0, 4.1, 0.0, -6.0, 0.0 | -129.15 | 4
0.0, -1.0, 0.0, -1.0, 0.5, 0.5, 0.0, -5.0, 0.0 | -133.45 | 3
0.0, -1.0, 0.0, -1.0, 1.8, 0.8, 0.0, -5.0, 0.0 | -126.65 | 4
0.0, -1.0, 0.0, -1.0, 1.3, 0.7, 0.0, -5.0, 0.0 | -124.95 | 4
0.0, -1.0, 0.0, -1.0, 1.4, 1.0, 0.0, -5.0, 0.0 | -133.8 | 3
0.0, -0.9, 0.0, -1.0, 2.0, 4.0, 0.0, -6.0, 0.0 | -119.4 | 4
0.0, -1.0, 1.0, -1.0, 2.0, 4.0, 0.0, -6.0, 0.0 | -200.0 | 1
0.0, -1.0, 0.0, -1.0, 2.0, 5.5, 0.0, -5.5, 0.0 | -127.5 | 4
0.0, -1.0, 0.0, -1.0, 2.0, 0.5, 0.0, -5.0, 0.5 | -200.0 | 1
0.0, -1.0, 0.0, -1.0, 2.5, 1.0, 0.0, -5.0, 0.0 | -126.05 | 4
1.0, -1.0, 0.0, -1.0, 1.0, 1.0, 0.0, -5.0, 0.0 | -200.0 | 1
0.0, -2.0, 0.0, -1.0, 3.0, 5.0, 0.0, -5.4, 0.0 | -132.15 | 3
-0.1, -1.0, 0.0, -1.0, 2.0, 4.0, 0.0, -5.8, 0.0 | -174.1 | 2
0.0, -1.0, 0.0, -1.0, 2.1, 4.0, 0.0, -6.0, 0.0 | -136.3 | 3
-0.5, -1.0, 0.0, -1.0, 3.0, 5.0, 0.0, -5.4, 0.0 | -200.0 | 1
-3.0, -1.0, 0.0, -1.0, 2.0, 4.0, 0.0, -5.8, 0.0 | -200.0 | 1
0.0, -1.0, 0.0, -1.0, 2.0, 4.0, 1.0, -5.8, 0.0 | -200.0 | 1
0.0, -0.9, 0.0, -1.0, 2.0, 4.0, 0.0, -6.0, 0.0 | -124.7 | 4
0.0, -1.0, 0.0, -1.0, 3.0, 5.0, -0.5, -5.4, 0.0 | -200.0 | 1
0.0, -1.0, 0.0, -1.0, 1.1, 1.0, 0.0, -5.0, 0.0 | -131.55 | 3
0.0, -1.0, 0.0, -1.0, 2.0, 3.0, 1.0, -5.0, 0.0 | -200.0 | 1
0.0, -1.0, 0.0, -1.0, 1.0, 1.0, -1.0, -5.0, 1.0 | -200.0 | 1
0.0, -1.0, 0.0, -1.0, 1.0, 1.0, 1.0, -5.0, 0.0 | -200.0 | 1
0.0, -1.0, 0.0, -1.0, 2.0, 4.5, 0.0, -6.0, 0.0 | -142.0 | 3
0.0, -1.0, 0.0, -1.0, 2.0, 4.8, 0.0, -5.6, 0.0 | -132.7 | 3
-1.0, -1.0, 0.0, -2.0, 2.0, 3.0, -1.0, -5.0, 0.0 | -200.0 | 1
0.0, -1.0, 1.0, -1.0, 2.0, 4.0, 0.0, -6.0, 0.0 | -200.0 | 1
-0.2, -1.0, 0.0, -1.0, 2.0, 5.0, 0.0, -5.4, 0.0 | -197.75 | 1
0.0, -1.0, 0.0, -1.0, 2.0, 3.5, 0.0, -6.0, 0.0 | -117.15 | 4
-1.0, -1.0, 0.0, -1.0, 2.0, 3.0, 0.0, -6.0, 0.0 | -200.0 | 1
0.0, -1.0, 0.0, -1.0, 2.5, 4.2, 0.0, -5.8, 0.0 | -130.0 | 3
0.5, -1.0, 0.0, -1.0, 2.0, 4.0, 0.0, -6.0, 0.0 | -200.0 | 1
-1.0, -1.0, 0.0, -1.0, 1.0, 1.0, 0.0, -5.0, 0.0 | -200.0 | 1
-0.5, -1.0, 0.0, -0.5, 1.0, 1.0, 0.0, -5.0, 0.0 | -200.0 | 1
0.0, -1.0, 0.0, -1.0, 2.0, 4.0, 0.0, -5.0, 0.0 | -131.45 | 3
0.0, -0.9, 0.0, -0.9, 2.0, 4.0, 0.0, -5.8, 0.0 | -132.85 | 3
-2.0, -1.0, 0.0, 0.0, 2.0, 1.0, -0.3, -5.0, 0.3 | -200.0 | 1
0.0, -1.0, 0.0, -1.0, 3.0, 5.0, 0.0, -6.0, 0.0 | -127.65 | 4
0.0, -1.0, 0.0, -1.0, 1.5, 2.0, 0.0, -4.5, 0.0 | -133.4 | 3
0.0, -1.0, 0.0, -1.0, 2.0, 6.0, 0.0, -5.6, 0.0 | -127.65 | 4
0.0, -2.0, 0.0, -1.0, 1.5, 1.0, 0.0, -5.0, 0.0 | -135.25 | 3
0.0, -1.0, 0.0, -0.95, 2.0, 5.0, 0.0, -5.4, 0.0 | -137.0 | 3
0.0, -1.0, 0.0, -1.0, 2.1, 4.0, 0.0, -6.0, 0.0 | -135.2 | 3
0.1, -1.0, 0.0, -1.0, 3.0, 5.0, 0.0, -5.4, 0.0 | -130.75 | 3
0.0, -1.0, 0.0, -1.0, 1.5, 0.5, 0.0, -5.0, 0.0 | -133.2 | 3
-0.1, -1.0, 0.0, -1.0, 3.0, 5.0, 0.0, -5.4, 0.0 | -172.55 | 2
-1.0, -1.0, 0.0, 0.0, 1.0, 1.0, 0.0, -5.0, 0.0 | -200.0 | 1
0.0, -1.0, 0.0, -1.0, 2.0, 5.0, 0.0, -5.4, -0.5 | -200.0 | 1
0.0, -1.0, 0.0, -1.0, 2.0, 4.0, -0.5, -6.0, 0.5 | -200.0 | 1
0.0, -1.0, 1.0, -1.0, 3.0, 5.0, 0.0, -5.4, 0.0 | -200.0 | 1
0.0, -1.0, 0.0, -1.0, 2.0, 2.0, 0.0, -5.0, 0.0 | -115.45 | 4
0.0, -1.0, 0.0, -1.0, 2.0, 4.0, 0.0, -5.5, 0.0 | -141.1 | 3
-0.5, -1.0, 0.0, -1.0, 2.0, 4.0, 0.0, -6.0, 0.0 | -200.0 | 1
-2.0, -0.5, 0.0, 0.0, 2.0, 0.5, -0.5, -5.0, 0.5 | -200.0 | 1
0.0, -1.0, 0.0, -1.0, 1.5, 1.0, 0.0, -5.0, 0.0 | -110.6 | 4
0.0, -1.0, 0.0, 0.0, 0.5, 1.0, 0.0, -5.0, 0.0 | -141.2 | 3
1.0, -1.0, 0.0, -1.0, 2.0, 4.0, 0.0, -5.8, 0.0 | -200.0 | 1
0.0, -1.0, 0.0, -1.0, 2.0, 3.0, 0.0, -6.0, 0.0 | -118.0 | 4
0.0, -1.0, 0.0, -1.0, 2.9, 5.0, 0.0, -5.4, 0.0 | -132.95 | 3
0.0, -1.0, 0.0, -1.0, 2.5, 4.0, 0.0, -6.0, 0.0 | -125.75 | 4
0.0, -1.0, 0.0, -1.0, 2.0, 2.0, 0.0, -4.0, 0.0 | -140.7 | 3
0.0, -1.0, 0.0, 0.0, 1.0, 1.0, 0.0, -5.0, 0.0 | -141.0 | 3
0.0, -1.0, 0.0, -1.0, 2.0, 0.0, 0.0, -5.0, 0.0 | -132.2 | 3
-1.0, -1.0, 0.0, -1.0, 2.0, 3.0, 0.0, -6.0, 0.0 | -200.0 | 1
0.0, -1.0, 0.2, -1.0, 1.0, 1.0, 0.0, -5.0, 0.0 | -200.0 | 1
0.0, -1.0, 0.0, -1.0, 0.8, 1.2, 0.0, -5.0, 0.0 | -118.1 | 4
0.0, -1.0, 0.5, -1.0, 3.0, 5.0, 0.0, -5.4, 0.0 | -200.0 | 1
0.0, -1.0, 0.0, -1.0, 2.2, 4.0, 0.0, -6.0, 0.0 | -131.3 | 3
0.0, -1.0, 0.0, -1.0, 1.0, 4.0, 0.0, -5.8, 0.0 | -138.55 | 3
0.0, -1.0, 0.0, -1.0, 2.2, 5.0, 0.0, -5.4, 0.0 | -134.15 | 3
0.0, -1.0, 0.0, -1.0, 1.4, 1.0, -0.1, -5.0, 0.0 | -200.0 | 1
0.0, -1.0, 0.0, -1.0, 1.0, 1.0, 0.0, -5.0, 1.0 | -200.0 | 1
0.0, -1.0, 0.0, -1.0, 1.0, 1.0, 0.0, -4.0, 0.0 | -126.9 | 4
-1.0, -1.0, 0.0, -1.0, 1.0, 1.0, 0.0, -5.0, 0.0 | -200.0 | 1
0.0, -1.0, 0.0, -1.0, 1.5, 1.0, 0.0, -6.0, 0.0 | -124.8 | 4
0.0, -1.0, 0.0, -1.0, 2.5, 4.0, 0.0, -6.0, 0.0 | -138.15 | 3
0.0, -1.0, 0.0, -1.0, 2.2, 1.0, 0.0, -5.0, 0.0 | -128.25 | 4
0.0, -1.0, 0.0, -1.0, 2.0, 4.2, 0.0, -5.8, 0.0 | -140.6 | 3
0.0, -1.0, 0.0, -1.0, 3.0, 5.0, -0.1, -5.4, 0.0 | -182.3 | 1
0.0, -1.0, 0.0, -1.0, 0.9, 1.1, 0.0, -5.0, 0.0 | -130.6 | 3
0.0, -1.0, 0.0, -1.0, 2.0, 4.0, 0.0, -6.0, -1.0 | -200.0 | 1
0.0, -1.0, 0.0, -1.0, 2.0, 5.0, 0.0, -5.8, 0.0 | -125.3 | 4
0.0, -1.0, 0.0, -1.0, 2.0, 4.5, 0.0, -6.0, 0.0 | -148.45 | 3
0.0, -1.0, 0.0, -1.0, 1.0, 1.0, 0.5, -5.0, 0.0 | -200.0 | 1
0.0, -1.0, 0.0, -1.0, 1.5, 1.0, 0.5, -5.0, 0.0 | -200.0 | 1
1.0, -1.0, 0.0, -1.0, 1.5, 1.0, 0.0, -5.0, 0.0 | -200.0 | 1
0.0, -1.0, 0.0, -1.0, 2.0, 4.0, 0.0, -5.6, 0.0 | -131.75 | 3
0.0, -1.0, 0.0, -1.0, 1.5, 1.0, 0.0, -4.0, 0.0 | -132.85 | 3
0.0, -1.0, 0.0, -1.0, 1.0, 2.0, 0.0, -5.0, 0.0 | -131.2 | 3
0.5, -1.0, 0.0, -1.0, 3.0, 5.0, 0.0, -5.4, 0.0 | -200.0 | 1
0.0, -1.0, 0.0, -1.0, 2.0, 4.5, 0.0, -5.8, 0.0 | -121.8 | 4
0.0, -1.0, 0.0, -1.0, 2.0, 4.2, 0.0, -4.8, 0.0 | -123.75 | 4
0.0, -1.0, 0.0, -1.0, 3.0, 5.0, 0.0, -5.5, 0.0 | -140.85 | 3
0.0, -1.0, 0.0, -1.0, 2.0, 4.0, 0.0, -5.7, 0.0 | -126.1 | 4
0.0, -1.0, 0.0, -1.0, 1.5, 1.0, 1.0, -4.0, 0.0 | -200.0 | 1
0.0, -1.0, 0.0, -1.0, 2.5, 3.5, 0.0, -4.5, 0.0 | -139.0 | 3
0.0, -1.0, 0.0, -1.0, 3.0, 5.0, 0.0, -5.2, 0.0 | -130.6 | 3
0.0, -1.0, 0.0, -1.0, 2.0, 3.0, 0.0, -5.0, 0.0 | -127.05 | 4
0.0, -0.8, 0.0, -1.5, 1.2, 1.0, 0.0, -5.0, 0.0 | -130.8 | 3
0.0, -1.0, 0.0, -1.0, 2.0, 5.0, 0.0, -6.0, 0.0 | -141.25 | 3
0.0, -2.0, 0.0, -1.0, 2.0, 3.0, 0.0, -5.0, 0.0 | -127.05 | 4
-0.5, -1.0, 0.0, -1.0, 2.0, 4.0, 0.0, -5.8, 0.0 | -200.0 | 1
0.0, -1.0, 0.0, -1.0, 2.0, 2.0, 0.0, -5.0, 0.0 | -130.2 | 3
0.0, -0.5, 0.0, -0.5, 2.0, 3.0, 0.5, -5.0, 0.0 | -200.0 | 1
0.0, -1.0, 0.0, -1.0, 2.0, 5.0, 0.0, -5.3, 0.0 | -146.35 | 3
-3.0, -1.0, 0.0, 0.0, 3.0, 1.0, 0.0, -5.0, 0.0 | -200.0 | 1
0.0, -1.0, 0.0, -1.0, 2.0, 4.1, 0.0, -5.8, 0.0 | -135.0 | 3
0.0, -1.0, 0.0, -1.0, 2.1, 4.0, 0.0, -6.0, 0.0 | -132.85 | 3
0.0, -1.0, 0.0, -1.0, 3.0, 5.0, 0.0, -5.6, 0.0 | -136.9 | 3
0.0, -1.0, 0.0, -1.0, 2.0, 1.0, 0.0, -5.0, 0.0 | -126.95 | 4
0.0, -2.0, 0.0, -1.0, 2.0, 4.0, 0.0, -6.0, 0.0 | -134.95 | 3
-1.5, -1.0, 0.0, 0.0, 1.5, 1.0, 0.0, -5.0, 0.0 | -200.0 | 1
0.0, -1.0, 0.0, -1.0, 1.5, 1.0, 0.0, -5.0, 0.0 | -128.05 | 4
0.0, -1.0, 0.0, -1.0, 1.5, 1.0, 1.0, -5.0, 0.0 | -200.0 | 1
-5.0, -0.5, 0.0, 0.0, 5.0, 0.5, -0.5, -2.0, 0.5 | -200.0 | 1
0.0, -1.0, 0.5, -1.0, 2.0, 4.0, 0.0, -5.8, 0.0 | -200.0 | 1
0.0, -0.9, 0.0, -0.9, 2.0, 4.0, 0.0, -6.0, 0.0 | -136.3 | 3
