1.0, 1.0, 1.0 | -40.435252007037164
2.0, -3.0, 0.0 | -270.69863579282
0.0, 0.0, 0.0 | 0.0
-1.0, 1.0, 0.0 | -19.64649137606237
3.0, 2.0, -1.0 | -1216.122949124825
1.0, -1.0, 1.0 | -36.62366275245007
-2.0, -2.0, 2.0 | -665.2039191135608
0.0, 4.0, 3.0 | -899.5289156715737
-3.0, 3.0, 0.0 | -122.49619340113524
-4.0, 1.0, 0.0 | -194.1887997432651
-1.0, 2.0, 1.0 | -164.82522812278336
1.0, 0.0, -1.0 | -324.1901777606393
5.0, 0.0, 0.0 | -1689.842566080092
-1.0, 0.0, 1.0 | -163.86883771783135
0.0, 1.0, -1.0 | -100.01472101920082
-5.0, -1.0, 0.0 | -276.980415364311
4.0, -1.0, 0.0 | -1103.209634192643
1.0, 1.0, -4.0 | -2298.999642088608
1.0, -1.0, 0.0 | -45.33478484696715
-6.0, 0.0, 0.0 | -400.00087008303996
2.0, 2.0, 0.0 | -263.0126139568405
0.0, -5.0, 0.0 | -0.00432806966328861
-2.0, 0.0, 4.0 | -2083.58569946009
0.0, -5.0, 1.0 | -99.79939876347257
0.0, -5.0, -1.0 | -99.81033503302649
0.0, -4.0, 0.0 | -0.004240671352250371
-4.0, -2.0, -1.0 | -38.67904712355791
0.0, -4.0, -1.0 | -99.82608798196702
0.0, -3.0, 0.0 | -0.0016370269824570547
0.0, -3.0, 1.0 | -99.85019332947802
0.0, -3.0, -1.0 | -99.83591535781713
0.0, -2.0, 0.0 | -0.0024236814831650904
2.0, -2.0, 0.0 | -266.61038993210605
0.0, -1.0, 0.0 | -0.0007283564635152328
0.0, -6.0, 0.0 | -0.004273424797045148
0.0, -1.0, 1.0 | -99.86794263151683
0.0, -6.0, -1.0 | -99.77790978294422
0.0, -6.0, 1.0 | -99.7752167421592
0.0, -6.0, 2.0 | -399.54054302458064
0.0, -2.0, 1.0 | -99.85052300354269
1.0, -1.0, -2.0 | -789.9542618600015
-2.0, -1.0, 0.0 | -56.29445805516226
0.0, -6.0, 3.0 | -899.0343891557197
0.0, 5.0, 0.0 | 84.3505146721717
0.0, 5.0, 1.0 | 52.93787691310388
0.0, 5.0, -1.0 | -100.84026607795992
1.0, 5.0, 0.0 | -63.25491827146639
0.0, 5.0, 2.0 | -400.2565908131001
0.0, 6.0, 0.0 | 89.19673663383028
0.0, 6.0, 1.0 | 55.99293620837125
0.0, 6.0, -1.0 | -101.68327685427876
0.0, 6.0, 3.0 | -900.3067238586733
0.0, 6.0, -2.0 | -400.95590956635124
0.0, 5.0, -2.0 | -400.86692426926714
1.0, 6.0, 0.0 | -64.61234520389027
0.0, 4.0, 0.0 | -0.5106276460640868
0.0, 6.0, -3.0 | -900.9170138383363
1.0, 6.0, 1.0 | 66.25309582886493
0.0, 6.0, 2.0 | -400.58773489730663
0.0, 6.0, 4.0 | -1600.2269464897915
0.0, 5.0, -3.0 | -900.7216200343225
1.0, 6.0, -2.0 | -787.1716475986727
0.0, 6.0, 5.0 | -2499.127109909862
0.0, 7.0, 0.0 | 89.03803240755767
0.0, 7.0, -1.0 | -102.84693398377578
0.0, 7.0, 1.0 | 60.10890099344444
0.0, 7.0, 2.0 | -400.934714292585
0.0, 8.0, 0.0 | 93.74113158140662
0.0, 8.0, 1.0 | 64.42678135930021
0.0, 7.0, -2.0 | -401.4743058036939
1.0, 8.0, 0.0 | -65.25504035657502
0.0, 7.0, 3.0 | -900.6366208173
0.0, 9.0, 0.0 | 98.49990088218675
0.0, 9.0, 1.0 | 63.84878688766271
0.0, 9.0, -1.0 | -104.77736360994652
0.0, 9.0, 2.0 | -401.4642131563789
0.0, 10.0, 0.0 | 98.20153437274574
0.0, 11.0, 0.0 | 97.87992780787607
0.0, 12.0, 0.0 | 97.72458189283068
0.0, 13.0, 0.0 | 97.4657350410868
0.0, 14.0, 0.0 | 96.80410513063163
0.0, 15.0, 0.0 | 96.46168567499086
0.0, 16.0, 0.0 | 95.49827927800251
0.0, -7.0, 0.0 | -0.006064323533431312
0.0, -8.0, 0.0 | -0.006589607104942483
1.0, 6.0, 2.0 | -299.8638777997529
0.0, 9.0, -2.0 | -401.72768900664556
0.0, 10.0, 1.0 | 68.09347721295876
0.0, 10.0, -1.0 | -105.35902185741381
0.0, 9.0, 3.0 | -901.1445177808813
0.0, 10.0, -2.0 | -402.597117068611
0.0, 10.0, 2.0 | -401.04689372722595
0.0, 9.0, -3.0 | -902.0581675618398
0.0, 10.0, 3.0 | -901.6744292922167
0.0, 11.0, 1.0 | 66.81559853682818
0.0, 11.0, 2.0 | -401.74109086508554
0.0, 9.0, -4.0 | -1602.2423586110733
0.0, 8.0, -1.0 | -103.79517964783808
0.0, 6.0, 6.0 | -3598.7314746839425
0.0, 6.0, -5.0 | -2500.03979063873
1.0, 11.0, 0.0 | -66.91380791586337
0.0, 7.0, 5.0 | -2500.2580988254554
0.0, 10.0, -3.0 | -902.331830461639
0.0, 9.0, 0.5 | 87.89161118342426
0.0, 10.0, 0.5 | 88.18446120682854
0.0, 10.0, -0.5 | -35.51832832475065
0.0, 10.0, 0.1 | 97.61025833392523
0.0, 6.0, 0.5 | 74.85225046304825
0.0, 10.0, 0.2 | 96.32107400608997
0.0, 9.0, -0.1 | 93.09789226851034
0.0, 10.0, 0.3 | 94.4626498576501
0.0, 11.0, 0.1 | 97.27272976699047
0.0, 6.0, -0.1 | -3.5652116974894263
0.0, 10.0, 0.4 | 92.52526948251757
0.0, 9.0, -0.2 | -12.034817081132207
0.0, 11.0, 0.2 | 96.27852998162341
0.0, 12.0, 0.1 | 97.13974794603196
0.0, 10.0, 0.6 | 87.41711423086737
0.0, 6.0, -0.2 | -6.266593480826807
0.0, 10.0, -0.4 | -26.57378638757772
0.0, 7.0, 0.6 | 84.93739457158794
0.0, 6.0, 0.7 | 78.27762038119144
-1.0, 10.0, 0.0 | 88.4913394953247
-1.0, 6.0, 0.0 | 76.39903202497615
-1.0, 9.0, 0.0 | 88.4039281747961
-1.0, 10.0, 1.0 | -134.49592906338458
-1.0, 14.0, 0.2 | 86.4034565649533
-1.0, 11.0, 0.0 | 89.91174688207266
-1.0, 12.0, 0.0 | 89.40324529733525
-2.0, 11.0, 0.0 | 69.93575161344896
-2.0, 10.0, 0.0 | 68.87146888630372
0.0, 6.0, 0.9 | 76.73406315064014
1.0, 9.0, 0.0 | -66.42995268431459
-1.0, 13.0, 0.0 | 90.22575264419883
-1.0, 10.0, 0.1 | 86.34710590360419
0.0, 18.0, 0.0 | 95.4687385859531
0.0, 19.0, 0.0 | 95.2209289385155
-1.0, 10.0, -0.1 | 91.1316600515041
-2.0, 10.0, -0.1 | 69.9571357719067
0.0, 20.0, 0.0 | 95.1013801045136
0.0, 10.0, 0.7 | 84.96636240613462
0.0, 10.0, 0.8 | 84.2890839578979
0.0, 6.0, 0.8 | 80.63675438565735
0.0, 17.0, 0.0 | 96.17727242200502
-1.0, 13.0, 0.1 | 87.64029721513012
0.0, 10.0, 0.9 | 80.04122332662266
-1.0, 9.0, -0.1 | 90.76772458764162
1.0, 10.0, 0.0 | -65.65425495058088
-2.0, 13.0, 0.0 | 73.5257998673561
-1.0, 18.0, 0.0 | 88.93263510221414
-1.0, 14.0, 0.0 | 89.33468427497343
-1.0, 15.0, 0.0 | 88.85903916282578
0.0, 6.0, -0.3 | -11.81405922619643
-1.0, 10.0, 0.2 | 85.41049715319001
0.0, 6.0, 0.1 | 78.44169041834621
0.0, 10.0, 0.05 | 83.16638257310171
-1.0, 10.0, 0.3 | 83.42050492361399
-1.0, 11.0, -0.1 | 90.88176215648713
-1.0, 11.0, 0.1 | 88.27617327389164
-1.0, 11.0, -0.2 | 93.3435747592685
-1.0, 11.0, 0.2 | 85.31376816803403
-1.0, 11.0, -0.3 | 94.23830228371364
-1.0, 11.0, -0.4 | 95.01028508360278
-1.0, 11.0, -0.5 | 95.90935367106422
-1.0, 11.0, -0.6 | 94.59533769090302
-1.0, 11.0, -1.7 | -115.97582715213915
-1.0, 11.0, -0.7 | -54.56819327605673
-1.0, 11.0, -0.8 | -49.721362851594655
-1.0, 11.0, -0.9 | -54.387856097517066
0.0, 10.0, -0.6 | -45.486973011823125
-1.0, 11.0, 0.9 | -0.919661842269354
0.0, 10.0, -0.7 | -57.47061270327752
-1.0, 11.0, -1.8 | -126.49052802393456
-1.0, 10.0, -0.4 | 95.25303566294777
-1.0, 11.0, -1.0 | -55.75843871965302
-1.0, 11.0, -1.1 | -62.14571541984011
0.0, 11.0, -0.6 | -48.4862143644328
-1.0, 13.0, -0.5 | 94.33794674319127
-1.0, 12.0, -0.1 | 90.01232217226959
-1.0, 11.0, -0.65 | 94.69225728742005
-1.0, 12.0, -0.5 | 94.73592207484747
-1.0, 11.0, -0.55 | 95.35451249313297
-1.0, 12.0, -0.6 | 95.63740058257687
-1.0, 12.0, -0.4 | 95.48459035227094
-1.0, 12.0, -0.7 | 94.05882511225131
-1.0, 11.0, -0.75 | -52.54879283760799
-1.0, 12.0, -0.8 | -57.308581738304454
-1.0, 12.0, -0.45 | 95.44228137607374
-1.0, 12.0, -0.9 | -61.72546278574431
-1.0, 10.0, -0.5 | 95.21174248571523
-1.0, 12.0, -0.55 | 95.16445843893182
-1.0, 10.0, -0.6 | 94.9676541001998
-1.0, 12.0, -0.65 | 95.27395644357358
-1.0, 13.0, -0.4 | 95.04986197648157
-1.0, 11.0, -0.45 | 95.26441713074767
-1.0, 11.0, -0.57 | 95.43412181800504
-1.0, 12.0, -0.58 | 95.18415142177578
-1.0, 10.0, -0.58 | 95.28647373173308
-1.0, 11.0, -0.59 | 95.38615993217975
-1.0, 12.0, -0.59 | 95.73504789259873
0.0, 11.0, -0.59 | -47.00329240598215
-1.0, 12.0, -0.64 | 94.46307032054649
-1.0, 12.0, -0.63 | 95.45855070390783
-1.0, 11.0, -0.62 | 94.7817411394163
-1.0, 12.0, -0.62 | 95.43829810664477
-1.0, 12.0, -0.61 | 95.42596909828782
-2.0, 12.0, -0.6 | 83.09736970427574
-1.0, 12.0, -0.57 | 94.92864320631945
-1.0, 12.0, -0.56 | 95.24227429215391
-1.0, 12.0, -0.54 | 95.2637364557536
-1.0, 12.0, -0.53 | 95.6056959351563
-1.0, 12.0, -0.52 | 94.75551829630294
-1.0, 12.0, -0.51 | 95.60476692684274
-1.0, 11.0, -0.52 | 95.59118863576235
-1.0, 12.0, -0.49 | 95.40697910118182
-1.0, 12.0, -0.48 | 95.12081486492221
-1.0, 12.0, -0.47 | 95.3534650040439
-1.0, 12.0, -0.46 | 94.96261974794237
-1.0, 12.0, -0.44 | 94.55551614100375
-1.0, 12.0, -0.43 | 95.0991259564619
-1.2, 12.0, -0.43 | 93.28175067220181
-1.1, 12.0, -0.43 | 94.4043340259316
-1.1, 12.0, -0.48 | 94.15279882903869
-1.1, 12.0, -0.5 | 94.48654926916485
-1.0, 10.0, -0.45 | 95.41807909618157
-1.1, 12.0, -0.47 | 94.1882817676165
-0.9, 12.0, -0.47 | 96.23475710998224
-0.9, 12.0, -0.45 | 95.9300507783567
-0.9, 12.0, -0.43 | 95.50517483471398
-0.9, 11.0, -0.47 | 95.51886446102479
-0.9, 12.0, -0.46 | 95.68513166136441
-0.8, 12.0, -0.46 | 95.76248684804446
-0.8, 12.0, -0.44 | 96.17075245069032
-0.8, 12.0, -0.47 | 95.78647918025288
-0.7, 12.0, -0.43 | 96.59440369259866
-0.7, 12.0, -0.44 | 96.68138759967727
-0.7, 12.0, -0.42 | 96.14957617194918
-0.7, 12.0, -0.45 | 96.96639156010096
-0.6, 12.0, -0.44 | 96.72492623169832
-0.6, 12.0, -0.45 | 96.93229793283368
-0.6, 12.0, -0.5 | 95.58667646294273
-0.6, 12.0, -0.46 | 91.36603048046526
-0.5, 12.0, -0.45 | 96.28574768319882
-0.5, 12.0, -0.44 | 96.49367494229514
-0.5, 12.0, -0.43 | 96.33231941744937
-0.5, 12.0, -0.42 | 96.71372695805225
-0.5, 12.0, -0.41 | 96.8789297270333
-0.5, 12.0, -0.4 | 96.38130375636271
-0.5, 12.0, -0.39 | 96.35369370441984
-0.5, 12.0, -0.38 | 96.8988170567042
-0.5, 12.0, -0.37 | 96.97886859980511
-0.5, 12.0, -0.36 | 96.59728198601681
-0.5, 12.0, -0.35 | 97.46098716085264
-0.5, 12.0, -0.34 | 97.41148237929458
-0.5, 12.0, -0.33 | 97.1956896645539
-0.5, 12.0, -2.0 | -260.8692587237793
-0.5, 12.0, -0.32 | 96.90975805226098
-0.5, 12.0, -0.31 | 97.34982774681245
-0.5, 12.0, -0.3 | 97.32247693904573
-0.5, 12.0, -0.29 | 97.28131857125314
-0.5, 12.0, -0.28 | 97.36605295315458
-0.5, 12.0, -0.27 | 97.24508239755514
-0.5, 12.0, -0.26 | 96.97271486367399
-0.5, 12.0, -0.25 | 97.25312534217261
-0.5, 12.0, -0.24 | 96.9634225508793
-0.5, 12.0, -0.23 | 97.16398854365421
-0.5, 12.0, -0.22 | 97.14141296605968
-0.5, 12.0, -0.21 | 96.76789592781074
-0.5, 12.0, -0.2 | 96.98981771351689
-0.5, 12.0, -0.19 | 96.94900305610992
-0.5, 12.0, -0.18 | 97.09385830999523
-0.5, 12.0, -0.17 | 96.67889088409743
-0.5, 12.0, -0.16 | 96.90394002766867
-0.5, 12.0, -0.15 | 97.15631657789088
-0.5, 12.0, -0.14 | 96.36184311582332
-0.5, 12.0, -0.13 | 96.34654930181858
-0.5, 12.0, -0.12 | 96.46250317793408
-0.5, 12.0, -0.11 | 96.67312063147584
-0.5, 12.0, -0.1 | 96.26307735960582
-0.5, 12.0, 0.0 | 95.17394752135843
-0.5, 12.0, -0.09 | 96.07194073148241
-0.5, 12.0, 0.1 | 92.95024572221891
-0.5, 12.0, -0.08 | 95.9598502836988
-0.5, 12.0, -0.07 | 95.8018695256992
-0.5, 12.0, -0.06 | 95.46612597754789
-0.5, 12.0, -6.0 | -3146.697278311176
-0.5, 12.0, -0.04 | 95.33727616049747
-0.5, 12.0, -0.03 | 95.57428300325215
-0.5, 12.0, -0.02 | 95.28723814261677
-1.5, 12.0, -0.05 | 85.08557027874873
-0.5, 12.0, -0.01 | 95.10268106735312
0.5, 12.0, 0.0 | 94.453591784552
0.0, -5.0, -0.5 | -24.935543051928743
-0.5, 12.0, 0.01 | 89.31289392006099
-0.5, 12.0, 0.02 | 94.65921154833742
-0.5, 12.0, -0.05 | 95.69572143739416
-0.5, 12.0, 0.03 | 94.82725827706278
-0.4, 12.0, -0.35 | 91.83071793059757
-0.4, 12.0, -0.36 | 97.13250906733846
-0.4, 12.0, -0.37 | 97.0021051234693
-0.4, 12.0, -0.38 | 91.6861323587533
-0.4, 12.0, -0.39 | 96.49625704538268
-0.4, 12.0, -0.3 | 97.25014031441637
-0.4, 12.0, -0.31 | 97.30270472529243
-0.4, 12.0, -0.32 | 97.46880562215333
-0.4, 12.0, -0.33 | 97.20117571210014
-0.4, 12.0, -0.34 | 96.98896471371884
-0.4, 12.0, 0.0 | 95.70553900078612
-0.4, 12.0, -0.01 | 95.78184542579295
-0.4, 12.0, -0.02 | 96.12956344439468
-0.4, 12.0, -0.03 | 91.21173218732272
-0.4, 12.0, -0.04 | 96.46354376085912
-0.4, 12.0, -0.05 | 96.31112353359106
-0.4, 12.0, -0.06 | 96.18185057445086
-0.4, 12.0, -0.07 | 96.8463072753505
-0.4, 12.0, -0.08 | 96.97588142073838
-0.4, 12.0, -0.09 | 96.78880509396491
-0.4, 12.0, -0.1 | 96.9083085932864
-0.4, 12.0, -0.11 | 97.20203082097773
-0.4, 12.0, -0.12 | 97.3588097964837
-0.5, 12.0, -5.0 | -2113.552029092244
-0.4, 12.0, -0.13 | 97.11418628861774
-0.4, 12.0, -0.14 | 97.18769675455312
-0.4, 12.0, -0.15 | 97.59111311859887
-0.4, 12.0, -0.16 | 97.26820339067153
-0.4, 12.0, -0.17 | 97.56073539071392
-0.4, 12.0, -0.18 | 97.39749246224451
-0.4, 12.0, -0.19 | 97.45615940228792
-0.4, 12.0, -0.2 | 92.35815695342052
-0.4, 12.0, -0.21 | 97.36910528007833
-0.4, 12.0, -0.22 | 97.54136464036809
-0.4, 12.0, -0.23 | 97.68248929119795
-0.4, 12.0, -0.24 | 97.2720671023249
-0.4, 12.0, -0.25 | 97.14504303701662
-0.4, 12.0, -0.26 | 97.60214746042203
-0.4, 12.0, -0.27 | 97.5166162828816
-0.4, 12.0, -0.28 | 97.44806347116052
-0.4, 12.0, -0.29 | 97.31280605852234
-1.0, 1.0, 2.0 | -519.1450604215097
-2.0, 2.0, 1.0 | -252.2165522906859
2.0, -1.0, 3.0 | -605.9576395517248
3.0, 1.0, -2.0 | -1913.5705835655328
0.0, -1.0, 2.0 | -399.48955949697284
4.0, -3.0, 1.0 | -510.8697669287582
3.0, -1.0, 2.0 | -111.06025897857417
-3.0, -1.0, 3.0 | -1489.46695481921
1.0, 2.0, -1.0 | -326.87320152658606
3.0, 0.0, 0.0 | -607.8786719022348
5.0, -2.0, 0.0 | -1733.074116614382
4.0, 2.0, -3.0 | -3908.6516888701553
-2.0, -3.0, 0.0 | -55.52767697893671
-2.0, -2.0, 1.0 | -253.7365457086101
-4.0, -1.0, 2.0 | -995.2695477008328
2.0, -2.0, 1.0 | -1.0056267767639073
0.0, 0.0, 3.0 | -899.0999999999847
1.0, -2.0, 0.0 | -44.27986256269063
-5.0, 0.0, 0.0 | -286.9932898619903
-1.0, -1.0, -1.0 | -15.971723084409405
-1.0, 0.0, -2.0 | -150.81913637401667
0.0, 3.0, 0.0 | -0.21992913135087017
1.0, -3.0, -1.0 | -333.5367674339061
1.0, 3.0, 1.0 | 38.56661966567185
0.0, 5.0, 3.0 | -900.1184740699391
0.0, 6.0, -4.0 | -1600.176294784771
0.0, 6.0, -6.0 | -3599.1507373143518
1.0, 6.0, -1.0 | -324.7237477815355
1.0, 6.0, 3.0 | -741.397625961085
1.0, 6.0, -3.0 | -1439.275896356428
1.0, 6.0, 4.0 | -1389.8537287401923
1.0, 6.0, 5.0 | -2227.503253734759
1.0, 6.0, -4.0 | -2302.887858670976
2.0, 6.0, 0.0 | -273.8744481551746
1.0, 6.0, -5.0 | -3345.2621816225546
2.0, 6.0, 1.0 | 70.18610315246914
2.0, 6.0, -1.0 | -685.0834405366207
2.0, 6.0, -2.0 | -1298.0582560440737
2.0, 6.0, -3.0 | -2126.668280593446
2.0, 6.0, 2.0 | -201.78748117386553
2.0, 6.0, -4.0 | -3130.3372173466205
3.0, 6.0, 1.0 | -221.0609825536964
2.0, 6.0, 3.0 | -612.1923928569588
3.0, 6.0, 2.0 | -0.6755867666285524
2.0, 5.0, 1.0 | 60.913866543110245
3.0, 5.0, 1.0 | -221.0867355890492
2.0, 5.0, 0.0 | -272.92213214365086
3.0, 6.0, 3.0 | -502.54829952920835
2.0, 5.0, 2.0 | -198.93783287218963
2.0, 6.0, -5.0 | -4375.150772327079
3.0, 6.0, 0.0 | -608.4047129798439
3.0, 4.0, 0.0 | -625.3245984959731
3.0, 5.0, 2.0 | -53.49535463878508
0.0, 5.0, 4.0 | -1599.8832890052395
2.0, 5.0, 3.0 | -618.0067501805256
2.0, 4.0, 1.0 | 38.66235740485865
2.0, 4.0, 0.0 | -265.3256141919939
3.0, 6.0, -1.0 | -1144.0584527113856
3.0, 6.0, -2.0 | -1973.180537208566
2.0, 6.0, 5.0 | -1994.1456384941273
4.0, 6.0, 0.0 | -1158.7816797911223
4.0, 5.0, 1.0 | -542.4985707754388
-1.0, 5.0, 0.0 | 69.9235514630166
-1.0, 5.0, -1.0 | -27.93120101933361
-1.0, 5.0, 1.0 | -166.64252396871896
0.0, 5.0, -4.0 | -1600.2342174235919
-1.0, 6.0, 1.0 | -142.06069096537416
-2.0, 6.0, 0.0 | 56.53253666304554
-1.0, 5.0, 2.0 | -516.1204475881293
-2.0, 5.0, 1.0 | -254.34018631629652
0.0, 5.0, -5.0 | -2499.4232013744127
-2.0, 6.0, 1.0 | -233.99022269394544
2.0, 6.0, 6.0 | -2987.4605652483306
-3.0, 5.0, 0.0 | -56.25536934245272
-3.0, 6.0, 0.0 | -21.868108230249767
-3.0, 5.0, 1.0 | -357.06789730118805
-3.0, 6.0, -1.0 | 25.321445794157157
-3.0, 6.0, 1.0 | -350.05365575107083
-3.0, 6.0, -2.0 | -139.98382367676683
-3.0, 6.0, -3.0 | -192.11397895856263
0.0, 5.0, 6.0 | -3598.2791255298844
-3.0, 6.0, 2.0 | -827.7105800034005
-2.0, 6.0, -1.0 | -58.89098222058317
-3.0, 6.0, 3.0 | -1477.1810237701357
-3.0, 6.0, 4.0 | -2346.3630123331213
-3.0, 6.0, -4.0 | -319.5311225697452
-4.0, 6.0, 0.0 | -177.27192414926213
-4.0, 6.0, -1.0 | -40.31965030291515
-2.0, 6.0, 2.0 | -657.3857006205301
-2.0, 6.0, -2.0 | -98.37836890969422
-2.0, 6.0, 6.0 | -4303.761121772045
-4.0, 6.0, 1.0 | -492.29748946921535
-2.0, 6.0, -3.0 | -224.90845258436963
-1.0, 7.0, 1.0 | -142.45116869048186
-2.0, 7.0, 0.0 | 60.94398509452475
-2.0, 7.0, -1.0 | -72.23024791216416
-5.0, 7.0, 0.0 | -296.8168251436644
-1.0, 7.0, 0.0 | 80.70534029570948
-2.0, 7.0, -2.0 | -103.32242047904404
-2.0, 7.0, -3.0 | -226.23655317853422
-1.0, 7.0, -1.0 | -37.08110218562357
-1.0, 7.0, 2.0 | -521.7028555400337
-1.0, 7.0, -2.0 | -153.76808340433334
-2.0, 7.0, 1.0 | -235.26221379037557
-1.0, 7.0, -3.0 | -491.8007801499499
-1.0, 7.0, -4.0 | -1031.7014433135903
-2.0, 5.0, 0.0 | 47.99134398009766
-3.0, 7.0, 0.0 | -5.4206292120931
-2.0, 5.0, -1.0 | -51.149734187975014
-2.0, 7.0, 2.0 | -662.9688236408367
-1.0, 7.0, 3.0 | -1076.123592074185
-2.0, 8.0, 0.0 | 62.74455874878085
-2.0, 8.0, -1.0 | -85.3754570161336
-1.0, 8.0, 0.0 | 86.7526390644039
-1.0, 8.0, 1.0 | -151.33937967163357
-1.0, 8.0, -1.0 | -39.18538171720949
-1.0, 9.0, 1.0 | -125.74591574826638
-1.0, 8.0, 2.0 | -518.4074544423777
-1.0, 8.0, -2.0 | -154.54730744294008
-1.0, 9.0, -1.0 | -46.9418334249883
-2.0, 8.0, 1.0 | -254.58011399125425
0.0, 12.0, 1.0 | 70.44082078104351
0.0, 12.0, -1.0 | -108.10311330008544
0.0, 12.0, 2.0 | -402.5288030336384
0.0, 12.0, -2.0 | -403.760394597458
0.0, 12.0, 3.0 | -902.0526662209402
-1.0, 12.0, -1.0 | -63.97217748026378
-1.0, 12.0, 1.0 | -112.16832246205843
0.0, 12.0, -4.0 | -1603.3921764319498
0.0, 12.0, 4.0 | -1602.2100295348305
-1.0, 13.0, 1.0 | -117.97407712178976
-1.0, 13.0, -1.0 | -71.59452724291667
0.0, 12.0, 5.0 | -2501.6600811228936
0.0, 11.0, -1.0 | -105.97946648199357
0.0, 12.0, 6.0 | -3599.2430084653192
-6.0, 6.0, 0.0 | -506.9514343947757
0.0, 8.0, -0.1 | 93.34323420977056
0.0, 8.0, -2.0 | -401.6549212533813
0.0, 8.0, -0.5 | -30.910811169553295
0.0, 8.0, 0.1 | 97.97033686425407
0.0, 7.0, -0.5 | -28.89253457577596
0.0, 8.0, -0.6 | -41.399969743934705
0.0, 8.0, 0.2 | 96.4877831755955
0.0, 8.0, 0.3 | 93.75533364266518
0.0, 8.0, 0.8 | 81.74058210178787
0.0, 8.0, -0.2 | -9.78704344251174
0.0, 8.0, 0.5 | 88.1456111713184
0.0, 8.0, 0.4 | 80.2640242964516
0.0, 8.0, 0.6 | 80.52304404124818
0.0, 8.0, 0.7 | 84.39308970434627
0.0, 8.0, -0.7 | -54.42827554548177
-3.0, 8.0, 0.0 | 8.121218635377014
0.0, 8.0, 0.9 | 78.55110413000132
-1.0, 6.0, -0.3 | 83.29507067122287
-0.5, 9.0, 0.0 | 95.27434753416772
0.0, 9.0, 0.1 | 97.81119840879367
0.0, 7.0, 0.15 | 87.4030050234018
0.0, 7.0, -0.2 | -7.805802217469404
0.0, 8.0, 0.95 | 75.0196281662369
0.0, 8.0, 3.0 | -901.0269179163879
0.0, 7.0, 0.2 | 81.41607238672968
0.0, 7.0, 0.1 | 93.32370213413692
0.0, 9.0, 0.2 | 96.59780502291235
-1.0, 8.0, 0.1 | 86.17251971434264
0.0, 8.0, 0.85 | 81.34918343162136
0.0, 8.0, 0.05 | 98.40378271027465
-0.5, 7.0, 0.0 | 89.60180492306374
-0.5, 8.0, 0.0 | 95.40346759801719
0.0, 8.0, -0.05 | 98.53830300164802
0.0, 8.0, -0.03 | 98.70751258332915
0.0, 8.0, -0.02 | 98.74437556552706
0.0, 8.0, -0.01 | 98.75261778814894
0.0, 8.0, -0.04 | 98.68675753081405
0.0, 8.0, 0.01 | 98.7086680924269
0.0, 7.0, 0.01 | 98.92970884372441
-5.0, 8.0, 0.0 | -265.2693225754271
-4.0, 12.0, 0.0 | -55.87752889672453
0.0, 8.0, -0.015 | 88.7721084257125
0.0, 8.0, -0.005 | 93.73446594351911
0.0, 8.0, 5.0 | -2500.6141984870774
0.0, 8.0, -0.006 | 98.76685138818047
0.0, 8.0, 0.15 | 97.41364375691111
0.0, 8.0, -0.007 | 98.64359891707872
0.0, 8.0, -0.008 | 98.6842045514104
0.0, 8.0, -0.009 | 98.68094348535593
0.0, 7.0, 0.05 | 98.7697400147731
0.0, 8.0, 0.02 | 98.65288277594884
-1.0, 8.0, 0.05 | 87.27427482318117
0.0, 8.0, -0.002 | 98.62062353661493
0.0, 8.0, -0.011 | 98.66855190114106
0.0, 8.0, -0.012 | 98.6862264243526
0.0, 8.0, -0.013 | 98.76734063852263
0.0, 6.0, -0.6 | -38.55955576482123
0.0, 8.0, -0.014 | 98.72953058705048
0.0, 8.0, -0.9 | -84.33395365478074
0.0, 8.0, -0.08 | 98.55582926211653
0.0, 8.0, -0.016 | 98.6267631101916
0.0, 8.0, -0.017 | 88.87007086019128
0.0, 8.0, 0.03 | 98.5641693124229
0.0, 8.0, -0.018 | 98.68990577170683
0.0, 7.0, -0.01 | 93.90892882147207
0.0, 8.0, -0.019 | 98.84938961128334
-4.0, 8.0, 0.0 | -107.75584764296869
0.0, 8.0, -0.06 | 93.79450316748463
0.0, 8.0, -0.025 | 93.80448632542353
0.0, 8.0, -0.026 | 98.69161162000213
0.0, 8.0, -0.027 | 93.76505318180585
0.0, 8.0, -0.8 | -69.07257094351519
-0.1, 8.0, 0.0 | 98.43441919792815
0.0, 9.0, -0.0 | 93.59238271501657
1.0, 8.0, -0.01 | -67.06157797489689
0.0, 8.0, -0.28 | -13.01502984713601
-0.1, 8.0, -0.01 | 98.57013199888365
0.0, 9.0, -0.01 | 98.49482712184535
0.0, 9.0, -0.02 | 98.530343504945
0.0, 8.0, -0.029 | 93.64291843505018
0.0, 8.0, -0.035 | 98.66965332952526
0.0, 9.0, -0.03 | 98.39512846509062
0.0, 9.0, -0.04 | 93.39199752472342
0.0, 9.0, -0.05 | 98.50892059593458
0.0, 8.0, -0.036 | 93.74325134866778
0.0, 8.0, -0.037 | 93.7580854572151
0.0, 8.0, -0.038 | 93.72867447042722
0.0, 9.0, -0.06 | 98.41906304103739
0.0, 9.0, -0.07 | 98.3386511300573
0.0, 9.0, -0.8 | -70.8519485028707
0.0, 9.0, -0.09 | 98.12054910509609
0.0, 8.0, -0.039 | 93.73306976703057
0.0, 8.0, -0.033 | 98.66997733124995
-1.5, 9.0, 0.0 | 78.17058835284085
0.0, 8.0, -0.028 | 93.76950502799414
-1.5, 9.0, -0.1 | 76.085880999647
-1.5, 9.0, 0.1 | 78.95039655776951
0.0, 9.0, -0.015 | 98.55645065196254
0.0, 9.0, -0.014 | 98.48826907716001
0.0, 10.0, -0.01 | 98.09104102548956
0.0, 10.0, -0.02 | 98.15306516114605
0.0, 10.0, 0.01 | 98.23930481042763
0.0, 9.0, 0.01 | 98.40690704236329
0.0, 10.0, -0.05 | 98.03135896890232
0.0, 9.0, -0.15 | 97.44475825836449
0.0, 2.0, 0.0 | -0.02902622420115521
1.0, 4.0, 0.0 | -61.998490944704734
-1.0, 3.0, 1.0 | -164.9883111102179
-2.0, 0.0, 0.0 | -58.3905473896667
0.0, 1.0, 0.0 | -0.003213831076895857
2.0, 3.0, -1.0 | -689.2424511057183
-3.0, 2.0, 1.0 | -356.7162725161403
1.0, -2.0, 1.0 | -36.16331331763835
-1.0, -3.0, 2.0 | -521.9304283566659
-1.0, -4.0, 0.0 | -18.985604615231274
0.0, 4.0, 1.0 | 45.793667901799616
0.0, 5.0, 0.5 | 74.25064791466349
0.0, 5.0, -0.5 | -26.804081887561257
0.0, 6.0, -0.5 | -27.766377038561206
0.0, 5.0, 1.5 | -225.53328209447005
0.0, 6.0, 1.5 | -225.63775247209233
0.0, 5.0, 0.4 | 57.72764090853097
0.0, 6.0, 0.2 | 91.24260012487537
0.0, 6.0, 0.3 | 77.58634392515481
0.0, 6.0, 0.4 | 83.85988352472594
-1.0, 6.0, 0.1 | 54.57965361798797
-6.0, 6.0, 0.1 | -500.8198045123331
0.0, 5.0, -0.1 | -2.6992583649067106
0.0, 6.0, 0.6 | 77.00124257825087
0.0, 6.0, -0.4 | -18.286377284156224
0.0, 6.0, -0.7 | -51.7743372150926
0.0, 5.0, 0.3 | 83.27360837889805
0.0, 5.0, 0.8 | 72.26861332254077
1.0, 6.0, 0.1 | -46.47446969000584
0.0, 6.0, 0.15 | 87.67127803299442
0.0, 6.0, 0.05 | 93.92984526536395
0.0, 6.0, -0.05 | -2.678698391716309
0.0, 6.0, 0.12 | 83.11705271586058
0.0, 6.0, 0.11 | 98.29995945747012
0.0, 6.0, 0.13 | 73.05020273477513
0.0, 6.0, 0.14 | 92.79290053888869
0.0, 6.0, 0.04 | 93.95143147412824
-1.0, 6.0, 0.15 | 81.99620005043211
0.0, 6.0, 0.16 | 97.39439799874222
0.0, 6.0, 0.17 | 87.16916828643903
0.0, 6.0, 0.18 | 96.85212810876244
0.0, 6.0, 0.19 | 91.5853773336704
0.0, 6.0, 0.21 | 86.26251676154287
0.0, 6.0, 0.22 | 80.79259506861497
0.0, 6.0, 0.23 | 90.63125878369598
1.0, 6.0, 0.16 | -37.71819816078316
0.0, 6.0, 0.24 | 85.38431544803043
0.0, 5.0, 0.15 | 72.63314481516026
-1.0, 5.0, 0.05 | 77.28068235648959
0.0, 6.0, 0.06 | 83.9865906109548
0.0, 6.0, 0.07 | 98.72095228340436
0.0, 6.0, 0.08 | 88.70502894155523
0.0, 6.0, 0.09 | 93.57422275179964
0.0, 6.0, 0.03 | 84.04720463593041
0.0, 6.0, 0.01 | 89.13409784934221
-1.0, 6.0, 0.07 | 84.68158454490262
0.0, 6.0, 0.02 | 89.12890789880075
0.0, 5.0, 0.09 | 58.779683017152976
0.0, 5.0, 0.07 | 93.96883041260256
0.0, 6.0, -0.01 | 89.16086831331214
1.0, 6.0, 0.07 | -51.41435373062636
-1.0, 6.0, 0.06 | 66.87768106953408
0.0, 5.0, 0.06 | 69.13468833151494
0.0, 6.0, -0.02 | 84.20931894168338
0.0, 6.0, -0.03 | 84.1218962044948
0.0, 5.0, 0.1 | 83.55987733410737
1.0, -6.0, -0.1 | -62.4837015866636
0.0, 5.0, 0.08 | 73.82770808311506
-2.0, 6.0, 0.05 | 52.378457050865464
-5.0, 6.0, 0.07 | -341.217576561093
0.0, 6.0, -0.08 | -3.110802910861344
-3.0, 6.0, 0.07 | -39.89647968089907
-2.0, 5.0, 0.05 | 44.746547261814946
-1.0, 6.0, 0.08 | 77.59025826021191
-1.0, 5.0, 0.1 | 55.01686359601753
1.0, 5.0, 0.07 | -49.9305390151858
0.0, 6.0, 0.99 | 64.2913235913422
0.0, 6.0, 0.075 | 83.79577114946112
0.0, 5.0, 0.11 | 83.36766077098412
-1.0, 6.0, 0.09 | 60.754221897428764
0.0, 6.0, 0.065 | 93.79257341740683
0.0, 5.0, -0.05 | -1.4984435572485861
0.0, 6.0, 0.055 | 88.91563804122895
1.0, 6.0, -0.05 | -72.84430522337246
-1.0, 6.0, -0.05 | 71.77270110766875
0.0, 6.0, 0.125 | 72.87792189355244
0.0, 6.0, 0.066 | 83.90935446876682
-1.0, 5.0, 0.06 | 65.69868071062376
0.0, 5.0, 0.065 | 94.03137342938817
-3.0, 6.0, -0.1 | -10.823459174875778
-6.0, 6.0, 0.07 | -514.0248242528336
0.0, 5.0, 0.05 | 79.19193116281767
0.0, 6.0, 0.068 | 83.89256406417323
-2.0, 6.0, 0.07 | 54.03560767782783
0.0, 6.0, 0.067 | 93.81740637953239
0.0, 6.0, 0.069 | 93.76131735418676
-4.0, 6.0, 0.07 | -189.45041921127716
-1.0, 6.0, 0.13 | 76.78440416422914
-1.0, 6.0, -0.5 | -17.494710240872962
-1.0, 5.0, 0.07 | 69.55667765448639
-1.0, 6.0, 0.075 | 71.16811438407404
0.0, 6.0, -0.015 | 94.17477467582879
0.0, 6.0, -0.04 | 84.05057677413281
-1.0, 5.0, -0.1 | 77.35332079717035
-1.0, 6.0, 0.01 | 63.67670356153921
0.0, 6.0, 0.072 | 83.76427209046378
0.0, 6.0, -0.09 | -3.132613488822258
-1.0, 6.0, -0.1 | 68.32459556135703
0.0, 6.0, -0.07 | -2.698574456719762
0.0, 6.0, -0.06 | -2.6435721106568657
0.0, 6.0, 0.064 | 93.82123551560561
-1.0, 6.0, 0.05 | 82.42899414250019
-1.0, -6.0, 0.05 | -22.730501647929895
0.0, 6.0, 0.063 | 83.8885485202335
0.0, 6.0, 0.074 | 88.67609574093416
0.0, 6.0, 0.076 | 93.75480299291257
-1.0, 6.0, 0.11 | 76.8035326480579
-1.0, 6.0, -0.2 | 86.3628900225876
0.0, 6.0, 0.077 | 88.70975027803141
0.0, 6.0, 0.078 | 93.71037110299768
0.0, 6.0, 0.079 | 93.66906648715606
-1.0, 6.0, 0.5 | 69.72129539929506
-1.0, 5.0, 0.15 | 73.62043766326076
-1.0, 6.0, 0.2 | 67.2161093000656
0.0, 6.0, 0.085 | 78.6618702770445
0.0, 6.0, 0.086 | 88.59362878124604
1.0, 1.0, 0.0 | -52.732608517993945
-1.0, 3.0, 5.0 | -2777.9692279558285
-2.0, 4.0, 1.0 | -253.76738063252878
2.0, 0.0, -1.0 | -680.9386291215229
-2.0, -1.0, 1.0 | -250.36097444362136
-3.0, 2.0, 0.0 | -132.19923952545273
-4.0, 4.0, 2.0 | -1005.829090605583
0.0, -2.0, 2.0 | -399.4692081929873
-5.0, 1.0, 1.0 | -636.047546175987
1.0, -4.0, 6.0 | -3286.9777858106404
-4.0, -3.0, 1.0 | -489.07440272926334
1.0, 2.0, 1.0 | -10.959973903269875
-1.0, 1.0, -2.0 | -150.41060652317145
1.0, 5.0, -1.0 | -327.78731611908813
-1.0, 4.0, 0.0 | 41.653011332207164
0.0, 5.0, 0.6 | 74.15563625195445
0.0, 5.0, 0.7 | 75.3128689038086
0.0, 5.0, 0.9 | 75.4919064468726
1.0, 5.0, 0.8 | 75.63733697225717
-1.0, 5.0, 0.9 | -95.21738413112836
-1.0, 5.0, 0.7 | 44.55532974526072
0.0, 5.0, 5.0 | -2498.690046833662
0.0, 5.0, 0.95 | 69.3334180094458
0.0, 5.0, 1.1 | -121.43806129696104
0.0, 5.0, 0.85 | 75.53504662668043
0.0, 5.0, 0.75 | 74.42333357141082
0.0, 6.0, 0.75 | 79.9854887338352
0.0, 6.0, 0.65 | 78.49629951117645
0.0, 6.0, 0.45 | 71.07216854793862
1.0, 6.0, 0.4 | -19.230217393600654
0.0, 6.0, 0.35 | 92.23602695190547
0.0, 6.0, 0.25 | 84.73317244539403
0.0, 6.0, -0.15 | -4.678500311569545
1.0, 6.0, 0.08 | -49.972951940084926
0.0, 6.0, 0.082 | 83.65838369767852
0.0, 6.0, 0.083 | 88.61408801310715
0.0, 6.0, 0.084 | 98.67328476127958
0.0, 6.0, 0.087 | 93.61552249715871
0.0, 6.0, 0.088 | 83.6734513427786
0.0, 6.0, 0.089 | 88.66769451549712
0.0, 6.0, 0.081 | 93.6571720088562
0.0, 5.0, 0.085 | 88.72983701567668
0.0, 6.0, 0.094 | 98.39498993695562
0.0, 6.0, 0.095 | 83.55968664370627
0.0, 6.0, 0.091 | 93.58842963869243
0.0, 6.0, 0.093 | 83.51469668605513
0.0, 6.0, 0.092 | 88.55199426000185
0.0, 6.0, 0.099 | 88.5310384882125
1.0, 6.0, 0.11 | -45.343373582122794
0.0, 6.0, 0.096 | 68.56798673011994
0.0, 6.0, 0.097 | 83.46235006037301
0.0, 6.0, 0.098 | 93.45567494643637
0.0, 6.0, 0.105 | 78.3373550193356
0.0, 6.0, 0.101 | 93.40656800565662
0.0, 6.0, 0.102 | 88.45745199420877
0.0, 6.0, 0.108 | 98.26409845072854
0.0, 6.0, 0.109 | 93.32296099006163
0.0, 6.0, 0.107 | 93.32461472344201
0.0, 6.0, 0.106 | 88.38882104606323
0.0, 6.0, 0.104 | 88.40363561783906
0.0, 6.0, 0.103 | 93.28578436105306
1.0, 6.0, 0.09 | -48.52827916702334
0.0, 6.0, -0.25 | -8.790518874204615
1.0, 6.0, 0.15 | -39.28611586576657
-1.0, 6.0, 0.105 | 76.46028259749221
-2.0, 6.0, 0.08 | 52.22891814096628
0.0, 6.0, 0.045 | 89.06413853782797
-1.0, 6.0, 0.12 | 65.2210073611745
0.0, 5.0, 0.92 | 72.47627338099673
0.0, 6.0, 0.115 | 88.16785705002096
-1.0, 5.0, 1.1 | -191.0819852801584
-2.0, 6.0, 0.1 | 52.033562069558215
0.0, 6.0, 0.132 | 93.04966772508399
0.0, 5.0, -1.1 | -121.67032823411871
1.0, 6.0, -0.1 | -83.23659682166533
-1.0, 5.0, 0.2 | 65.00950638250545
0.0, 5.0, 0.12 | 88.27328546551414
-1.0, 5.0, 0.8 | -27.170317608833404
-1.0, 6.0, 0.8 | -16.786503590217738
0.0, 5.0, 0.13 | 73.02552543591092
-1.0, -1.0, 0.0 | -19.085635876211494
2.0, 2.0, 2.0 | -233.28533796531238
0.0, 0.0, 5.0 | -2497.5
-2.0, 2.0, 0.0 | -68.51579838556418
-5.0, 5.0, 0.0 | -365.06990711760545
0.0, 0.0, 1.0 | -99.89999999999858
-1.0, 1.0, -1.0 | -16.98142729683004
3.0, -3.0, 1.0 | -160.66897891893723
1.0, 1.0, -2.0 | -785.0077064116866
-4.0, 4.0, 0.0 | -240.07512608183006
-3.0, -2.0, -1.0 | -13.29784936365472
-2.0, -2.0, 0.0 | -55.5510016555384
-1.0, -2.0, 0.0 | -19.0181274750225
4.0, -3.0, 2.0 | -31.273979752106946
5.0, -5.0, 1.0 | -1040.3464235298807
-3.0, -2.0, 1.0 | -359.0994107062353
-3.0, -1.0, 0.0 | -108.85070252335977
-3.0, -2.0, -2.0 | -8.28058520122443
-3.0, -3.0, -1.0 | -13.264882302941164
-3.0, -3.0, -2.0 | -8.453111990331127
-2.0, -3.0, -2.0 | -46.45540179971281
-2.0, -3.0, -3.0 | -223.00896414633615
-3.0, -3.0, -3.0 | -83.54377616318547
-4.0, -4.0, -1.0 | -38.10305719507987
-4.0, -4.0, -2.0 | -0.6878460465020306
-4.0, -4.0, -3.0 | -26.86441950521064
-5.0, -5.0, -2.0 | -10.306674686891336
-5.0, -5.0, -3.0 | -4.7567325077386355
-5.0, -5.0, -4.0 | -52.657452943127694
-5.0, -5.0, -5.0 | -214.3590812147798
-4.0, -4.0, -4.0 | -141.91164055037046
-6.0, -6.0, -1.0 | -111.63968730631898
-6.0, -6.0, -2.0 | -28.710026884450297
-6.0, -6.0, -3.0 | -1.0358532356550936
-6.0, -6.0, -4.0 | -18.111203325002634
-6.0, -6.0, 0.0 | -375.07088795936767
-6.0, -5.0, -3.0 | -1.211246617607138
-6.0, -5.0, -4.0 | -18.567864502097244
-5.0, -4.0, -3.0 | -5.423724979430773
-6.0, -4.0, -3.0 | -1.371691617666291
-6.0, -3.0, -3.0 | -1.4577009790107727
-6.0, -2.0, -3.0 | -2.795828167565152
-6.0, -1.0, -3.0 | -4.462954917571578
-6.0, 0.0, -3.0 | -6.572954691965494
-5.0, -3.0, -2.0 | -11.236529926812754
-5.0, -4.0, -4.0 | -54.52607672102137
-6.0, -6.0, -5.0 | -85.94795617365796
-5.0, -4.0, -2.0 | -10.851727463282852
-6.0, 1.0, -3.0 | -13.486016527453799
-4.0, -5.0, -3.0 | -27.328014101138432
-5.0, -2.0, -3.0 | -6.054321001519251
-5.0, -6.0, -3.0 | -4.713989272415339
-5.0, -6.0, -4.0 | -50.28332584542237
-6.0, -2.0, -2.0 | -32.3973288990738
-6.0, -3.0, -2.0 | -30.228037727196345
-6.0, -4.0, -4.0 | -20.40465240078161
-4.0, -4.0, 0.0 | -172.9841963758509
-6.0, -5.0, -1.0 | -117.65694762167705
-6.0, -5.0, 1.0 | -807.5819564111591
-6.0, -5.0, -6.0 | -309.8555143970806
-6.0, -3.0, -4.0 | -21.300115771806556
-6.0, -2.0, -1.0 | -141.08252069002984
-6.0, -1.0, -2.0 | -38.36002007498698
-6.0, -5.0, 2.0 | -1427.268252747581
-6.0, -2.0, 2.0 | -1416.9167716365157
-6.0, -5.0, -8.0 | -1190.868375249513
-6.0, -5.0, -7.0 | -672.9791368599838
-6.0, -5.0, 3.0 | -2236.678818357902
-5.0, -3.0, -3.0 | -5.0634010174880935
-5.0, -3.0, -1.0 | -73.68161509415123
-2.0, -1.0, -4.0 | -589.6857700365119
-6.0, -5.0, -2.0 | -29.341090681168644
-5.0, -3.0, -5.0 | -221.68354935346764
-6.0, -4.0, -5.0 | -95.050234490771
-5.0, -2.0, -1.0 | -73.68656248434095
-6.0, -5.0, -5.0 | -86.28582232260533
-6.0, -5.0, 0.0 | -378.5209365777517
-6.0, -4.0, -2.0 | -30.175298779742157
-6.0, -4.0, -6.0 | -329.74808946871553
-6.0, -5.0, -9.0 | -1946.3397013985036
-6.0, -5.0, -10.0 | -2871.4832321260665
-5.0, -5.0, -1.0 | -67.88632012132702
-6.0, -5.0, -11.0 | -3983.8504842787784
-4.0, -5.0, -1.0 | -37.29823809202655
-6.0, -5.0, -12.0 | -5455.329768599754
-5.0, -4.0, -1.0 | -70.58453315939737
-5.0, -5.0, 0.0 | -271.3158410100374
-6.0, -4.0, -1.0 | -126.2962733282217
-5.0, -6.0, -2.0 | -10.004847823883775
-4.0, -5.0, -4.0 | -135.27893785665714
-5.0, -6.0, -1.0 | -67.34790989817778
-6.0, -3.0, -1.0 | -130.19253397705455
-6.0, -5.0, -13.0 | -6841.869159054379
-5.0, -5.0, -0.0 | -262.3249570362667
-6.0, -3.0, -5.0 | -98.6181870569755
-6.0, -3.0, -6.0 | -319.17354739962053
-6.0, -6.0, -7.0 | -668.6004370886641
-5.0, -5.0, -6.0 | -528.7875295023439
6.0, 6.0, 6.0 | -1894.2752556366388
-6.0, -2.0, -4.0 | -24.627914570523963
-1.0, -6.0, -3.0 | -491.5799594288895
-6.0, -3.0, -7.0 | -669.2262656310697
-6.0, -5.0, -0.0 | -373.6104315702546
-6.0, -5.0, 4.0 | -3304.719451956383
-6.0, -2.0, 1.0 | -806.3291695756158
-6.0, -4.0, -7.0 | -668.4749055306743
-5.0, -6.0, -5.0 | -213.10036710979634
0.0, 0.0, -6.0 | -3596.3999999999387
-6.0, -4.0, -8.0 | -1192.751469013559
-6.0, -4.0, -9.0 | -1939.5262426145782
-6.0, -5.0, 5.0 | -4468.583661454342
-6.0, -5.0, -14.0 | -8695.375721412249
-6.0, -5.0, 6.0 | -5935.383307457441
-1.0, -5.0, -4.0 | -1028.176837403029
-6.0, -5.0, -15.0 | -10665.104409231793
-6.0, -5.0, -16.0 | -12673.25152997075
-6.0, -4.0, -10.0 | -2909.0701472466303
-6.0, -5.0, -17.0 | -15031.358762871121
-6.0, -5.0, -18.0 | -17688.28016005627
-5.0, -5.0, -0.5 | -136.676095599571
-6.0, -5.0, -19.0 | -20427.311633900106
-6.0, -5.0, -20.0 | -23211.322673671937
-6.0, -4.0, 1.0 | -804.9811179346082
-6.0, -5.0, -21.0 | -26311.56338613449
-6.0, -4.0, -11.0 | -4034.5013156090963
-6.0, -4.0, -12.0 | -5249.708273118502
-5.0, -4.0, -1.5 | -32.525900916694695
-5.0, -4.0, 0.0 | -270.90429622779294
-5.0, -3.0, 1.0 | -633.8918633685985
0.0, -6.0, -3.0 | -898.7928400923953
-6.0, 3.0, -3.0 | -93.54516679693168
0.0, -6.0, -6.0 | -3594.8700042323535
-4.0, -5.0, -5.0 | -410.7806326774938
-6.0, -5.0, -22.0 | -29603.580195314356
-6.0, -4.0, -13.0 | -6979.856116574827
-6.0, -5.0, -23.0 | -33219.49076264624
-6.0, -2.0, -5.0 | -114.02950119625919
-6.0, -1.0, -1.0 | -152.96790933670147
-6.0, 0.0, -4.0 | -41.07222279897191
1.0, -4.0, -3.0 | -1439.2343909048448
-6.0, -4.0, -0.5 | -229.9252280698983
4.0, -4.0, -1.0 | -1823.4001908502473
-5.0, -3.0, -4.0 | -59.368145591487576
-6.0, -3.0, -9.0 | -1904.4789251174213
-6.0, 1.0, -4.0 | -79.00246214529943
-6.0, -4.0, 2.0 | -1419.767805515806
-6.0, -3.0, -8.0 | -1186.8902799934551
0.0, 0.0, 0.1 | -0.9990000000000011
-6.0, -2.0, -6.0 | -327.24617437241216
-6.0, -4.0, -0.1 | -358.8234517325764
-5.0, -3.0, -0.5 | -138.0706094093678
-6.0, -1.0, -4.0 | -27.412348282044526
5.0, -5.0, -3.0 | -4936.459825448078
-5.0, -4.0, -0.1 | -242.71131487405472
-6.0, -2.0, -8.0 | -1205.653961295462
-6.0, 6.0, -3.0 | -326.22532658976303
-6.0, -4.0, -0.2 | -316.8932554482065
-6.0, -3.0, -0.5 | -230.69366106790034
-6.0, -4.0, -3.1 | -1.232427399670172
-6.0, -2.0, -7.0 | -674.2017250621127
-6.0, -4.0, -3.2 | -1.296562484021089
-6.0, -4.0, -3.3 | -1.5007762674082483
-6.0, -4.0, -3.4 | -3.923971983281496
-6.0, -4.0, -3.5 | -5.074433771055569
-6.0, -3.0, -3.6 | -9.209621375444723
-6.0, -4.0, 3.0 | -2275.8566574107417
-6.0, -3.0, 3.0 | -2232.631005795943
-5.0, -3.0, -3.5 | -24.824596614549453
-6.0, -5.0, -3.6 | -5.684604836432724
-6.0, -4.0, -3.7 | -9.037924332691503
-6.0, -3.0, -3.8 | -12.822695525209706
-6.0, -4.0, -3.9 | -15.514469677716681
-6.0, -4.0, -2.9 | -2.004498194359066
-6.0, -4.0, -2.8 | -3.6361626031073855
-6.0, -4.0, -2.7 | -5.6150707660960375
-6.0, -4.0, -3.6 | -5.800724153104267
-6.0, -4.0, -2.5 | -9.048983561215813
-6.0, -4.0, -2.6 | -7.9469976257724
-6.0, -4.0, 4.0 | -3314.490097501502
-6.0, -4.0, -2.4 | -12.147250648783732
-6.0, -5.0, -3.3 | -2.0370779701076644
-6.0, -4.0, 5.0 | -4530.981521057941
-6.0, -5.0, -3.2 | -1.5334444645040812
-6.0, -5.0, -3.1 | -0.46910167360105043
5.0, -5.0, -1.0 | -2627.806299551962
-6.0, -5.0, -3.9 | -14.649732504735445
-6.0, -4.0, -0.9 | -141.69936711465115
-6.0, -5.0, -3.5 | -4.746829836725569
-6.0, -5.0, -0.5 | -230.44066673889273
-6.0, -5.0, -3.4 | -2.415843611363902
0.0, -3.0, -3.0 | -898.6354217051846
-6.0, -5.0, -2.1 | -24.12147261409344
-6.0, -5.0, -2.5 | -9.945879576774752
-6.0, -3.0, -3.5 | -4.953830204520501
-6.0, -5.0, -2.9 | -1.9509076281827482
-6.0, -5.0, -2.8 | -3.383367153120261
5.0, 5.0, 5.0 | -1338.0682830652097
-5.0, -5.0, 6.0 | -5523.134556539696
-6.0, 4.0, 0.0 | -489.626652610306
-6.0, -5.0, -0.1 | -350.6092813217936
-1.0, -1.0, -2.0 | -149.01417751293977
-6.0, -5.0, -3.8 | -11.187353871022932
-6.0, -5.0, -6.1 | -343.5919989138787
-5.0, -5.0, -3.7 | -32.605584817593254
-6.0, -5.0, 0.1 | -410.9154965485048
-5.0, -4.0, -3.1 | -7.393577857492633
1.0, -6.0, -6.0 | -4611.816200554901
-6.0, -4.0, -2.3 | -16.807098081113498
-6.0, -5.0, -2.4 | -12.765400751391802
-6.0, -5.0, -2.7 | -4.687853181697748
-6.0, -5.0, -2.6 | -7.272141985776889
-5.0, -5.0, -2.8 | -1.9508789631852372
-4.0, -5.0, -0.5 | -82.95625526345573
-6.0, -5.0, -2.2 | -20.08229151029104
-5.0, -6.0, -3.2 | -9.491125988250586
-6.0, -5.0, -2.3 | -15.938569402960828
-5.0, -5.0, -3.1 | -6.884672716806089
-6.0, -5.5, -3.0 | -1.3659969211257565
-6.0, -5.5, -2.0 | -29.243300242512554
-4.0, -6.0, -4.0 | -133.18530705087485
-4.0, -6.0, -3.0 | -26.300094112998647
-6.0, -4.0, -2.1 | -25.017611191833925
-6.0, -5.0, -3.7 | -8.041166230905809
-6.0, -5.0, -1.9 | -34.02750846959231
-6.0, -4.0, -3.8 | -12.298595722346818
0.0, 0.0, -3.0 | -899.0999999999847
-6.0, -4.0, -2.2 | -19.36557112050367
-6.0, -3.0, -10.0 | -2801.091301977471
-5.0, -5.0, -3.2 | -10.851288572364561
5.0, -6.0, -3.0 | -4944.880094015701
5.0, 5.0, -3.0 | -5011.824543397806
5.0, -5.0, -5.0 | -8284.45598548862
-6.0, 5.0, -3.0 | -275.8630361197162
-5.0, -5.0, 2.0 | -1196.7443210177187
-6.0, -5.0, -0.8 | -156.00123160230038
5.0, 5.0, -2.0 | -3671.4932015454956
-6.0, -5.0, -0.3 | -292.73513645764683
5.0, 0.0, -3.0 | -4983.862135978309
2.0, -2.0, -1.0 | -675.9825576926453
-2.0, 2.0, -1.0 | -2.5767702150362397
-3.0, 3.0, 1.0 | -359.35518946250403
-4.0, 2.0, 0.0 | -213.58999507007178
-3.0, -3.0, 0.0 | -101.4763016202742
-1.0, 4.0, 1.0 | -166.6778408158295
1.0, 3.0, -1.0 | -323.88395718410817
-1.0, 6.0, -3.0 | -492.1006260064105
1.0, 6.0, 0.5 | 89.23587372553725
1.0, 6.0, 0.6 | 88.96741971706959
1.0, 6.0, 0.7 | 86.92808539097969
1.0, 6.0, 0.8 | 87.8715932765171
1.0, 6.0, 0.9 | 65.86861203822023
1.0, 6.0, 0.3 | -21.965407826790926
2.0, 6.0, 0.6 | -110.02114263831822
0.0, 5.0, 0.2 | 86.39594371955953
0.0, 6.0, 1.1 | -78.05671124937606
0.0, 6.0, 1.2 | -144.5653551670487
-1.0, 6.0, 0.3 | 78.08322394449361
0.0, 6.0, 1.3 | -169.63710503530052
0.0, 6.0, 1.4 | -196.5913011780214
1.0, 6.0, 0.35 | -18.112281635376053
-1.0, 6.0, 0.4 | 76.93368143944113
0.0, 6.0, 0.55 | 73.8377222117682
0.0, 6.0, 0.95 | 72.98214684541689
1.0, 5.0, 0.9 | 54.947524564021215
0.0, 5.0, 0.02 | 74.34181762074394
0.0, 6.0, 0.26 | 79.42558695595491
0.0, 6.0, 0.27 | 84.34682544426184
0.0, 6.0, 0.28 | 84.00457425862382
0.0, 6.0, 0.29 | 93.76580636889987
0.0, 5.0, -0.15 | -3.6715035851895763
1.0, 6.0, 0.14 | -43.063900533995515
-0.1, 6.0, 0.0 | 84.0329226888493
0.1, 6.0, 0.2 | 82.6656597139925
0.1, 5.9, 0.1 | 88.91280935678445
-1.0, 5.0, 0.3 | 72.03824897820036
0.0, 5.0, 0.01 | 69.43714258383031
-1.0, 5.0, 0.25 | 74.21319235454598
0.0, 5.9, 0.1 | 78.46327809101743
0.0, 6.0, 0.98 | 65.94057283280931
-1.0, 6.0, 0.6 | 65.3287646418516
-1.0, 6.0, 0.02 | 84.94372715253448
0.0, 6.0, 0.97 | 67.42321476144258
-6.0, 5.0, 0.2 | -572.2033024250147
0.1, 6.0, 0.15 | 98.38114967323143
0.1, 6.0, 0.16 | 78.32860065715603
-0.1, 6.0, 0.15 | 81.42027487361904
0.1, 6.0, 0.17 | 88.14524054570518
-0.1, 6.0, 0.18 | 85.64012194255425
0.1, 6.0, 0.04 | 94.09670712470498
0.1, 6.0, 0.05 | 83.98266603707252
-1.0, 6.0, 0.04 | 67.60982437305908
0.0, 5.5, 0.0 | 89.29917850038873
1.0, 6.0, 0.2 | -30.226460046607563
0.0, 5.9, 0.02 | 84.14754111674817
-1.0, 6.0, 0.14 | 71.09996156005559
3.0, 3.0, 0.0 | -615.0633852433887
2.0, -2.0, 2.0 | -213.15033316592547
1.0, 0.0, 2.0 | -304.6756436901866
-2.0, 1.0, 1.0 | -250.4839787172153
-1.0, 2.0, 0.0 | -20.218489261101894
-1.0, 3.0, 0.0 | 14.397251010156548
-2.0, 3.0, 0.0 | -27.337404795351183
-2.0, 4.0, 0.0 | 34.94320874157813
0.0, 6.0, 0.005 | 89.13975586869816
0.0, 6.0, 0.001 | 84.20896747617194
0.0, 6.0, 0.0001 | 94.13952116670072
-1.0, 6.0, 0.065 | 75.4621087208221
0.0, 5.0, 0.03 | 74.34912342751728
0.0, 6.0, 0.008 | 94.13432974007199
0.0, 5.0, -0.01 | -1.2263666743588322
0.0, 5.0, 0.007 | 89.36073592369806
0.0, 6.0, 0.015 | 89.1703961157834
0.0, 5.0, 0.005 | 64.39921909496204
0.0, 5.0, 0.012 | 89.33275512987913
0.0, 6.0, -0.007 | 94.1356209878864
0.0, 6.0, -0.008 | 94.12144646195767
1.0, 6.0, 0.001 | -63.5908783101504
1.0, 5.0, 0.02 | -59.29770519439179
0.0, 6.0, -0.009 | 94.16351998153148
-1.0, 5.0, 0.09 | 70.36920400118218
0.0, 6.0, 0.002 | 94.08128989167503
0.0, 5.0, -0.001 | 74.38384977019453
0.0, 6.0, 0.009 | 84.18495901332636
0.0, 5.0, 0.001 | 79.35515372917811
-1.0, 5.0, 0.11 | 32.41423133245867
-1.0, 5.0, 0.12 | 65.69441140512345
0.0, 6.0, 0.003 | 84.18761981422554
0.0, 6.0, 0.004 | 94.13352905597196
0.0, 6.0, 0.0005 | 94.06719039978267
0.0, 6.0, 0.0015 | 84.18215103717843
0.0, 6.0, 0.0009 | 89.14975453600859
0.0, 6.0, 0.007 | 94.18360190720156
0.0, 6.0, 0.035 | 93.98132631721973
0.0, 6.0, 0.006 | 89.13436773719766
0.0, 6.0, 0.0008 | 99.07638190500055
0.0, 6.0, 0.0007 | 84.26751105839897
-1.0, 5.0, -0.2 | 65.07171429308461
0.0, 5.0, 0.0009 | 94.33790356581702
0.0, 6.0, 0.0006 | 84.17743026181867
0.0, 6.0, 0.0003 | 79.19510708402804
0.0, 6.0, 0.0002 | 89.20569885390628
1.0, 5.0, 0.002 | -62.374421420860095
-1.0, 6.0, 0.0001 | 84.9671718745893
0.0, 5.0, 0.0008 | 79.33157922588165
0.0, 6.0, -0.0001 | 84.20426662069684
-1.0, 5.0, -0.5 | -10.981311775124409
0.0, 5.0, 0.0005 | 84.34739966864474
0.0, 5.0, 0.0003 | 74.37597143791179
0.0, 5.0, 0.0004 | 69.44699794895087
1.0, 6.0, 0.05 | -54.907437146292885
-1.0, 6.0, -1.0 | -31.309244182221654
-2.0, 6.0, 0.008 | 56.63096140440483
-1.0, 6.0, 0.001 | 69.47948236652098
0.0, 5.0, 0.008 | 69.43831511770472
-1.0, 6.0, 0.16 | 54.171225922843654
0.0, 5.0, 0.011 | 84.35777010476389
0.0, 6.0, 0.0011 | 89.10132240173816
1.0, 5.0, 1.0 | 61.980036202656244
0.0, 6.0, -0.005 | 94.13097861956138
-1.0, 6.0, 0.17 | 76.15116440916468
-1.0, 6.0, 0.18 | 74.97736499400993
0.0, 6.0, -0.004 | 89.21048479265434
0.0, 6.0, 0.0012 | 89.1058024443916
0.0, 6.0, 0.0013 | 84.16681212756154
1.0, -5.0, 0.05 | -35.779328476560885
0.0, 6.0, 0.0014 | 89.19625830332487
0.0, 5.0, -0.2 | -5.249685537661339
-1.0, 6.0, 0.19 | 81.22470160576282
1.0, 3.0, 0.1 | -42.192510430968674
0.0, 6.0, 0.0016 | 74.32519846334174
-1.0, 6.0, 0.21 | 64.58121216870427
0.0, 6.0, 0.0017 | 99.12317928243866
0.0, 6.0, 0.0018 | 84.19325815370489
-1.0, 6.0, 0.22 | 73.06140531296793
-1.0, 6.0, 0.23 | 75.09927065578616
-1.0, 6.0, 0.24 | 79.75206952501259
0.0, 6.0, 0.0019 | 94.13565349072454
-1.0, 3.0, 0.1 | 34.253879981184696
-1.0, 6.0, 0.25 | 76.45316468533267
0.0, 6.0, 0.0021 | 84.11702771728686
-1.0, 6.0, 0.26 | 79.68492894453982
0.0, 6.0, 0.0022 | 89.18828435690874
-1.0, 6.0, 0.27 | 77.14167144388446
0.0, 6.0, 0.0023 | 94.16245202831008
0.0, 5.0, 0.0015 | 64.371255801844
1.0, 5.0, 0.1 | -45.76788825397521
-1.0, 6.0, 0.28 | 74.7959884325026
-1.0, 6.0, 0.29 | 77.31464823914067
0.0, 6.0, 0.0024 | 94.1109285355602
0.0, 6.0, 0.0025 | 94.14352701515577
-1.0, 6.0, 0.31 | 75.66399249125132
-1.0, 6.0, 0.32 | 76.19553263142107
-1.0, 6.0, 0.33 | 78.13858803088804
-1.0, 6.0, 0.035 | 62.84145069161443
-1.0, 6.0, 0.34 | 76.75278546855586
-1.0, 6.0, 0.35 | 76.4030420788284
0.0, 6.0, 0.0026 | 99.11112832326081
-2.0, 6.0, 0.0027 | 57.33848221900151
0.0, 6.0, 0.0028 | 89.15221863451887
0.0, 6.0, 0.0029 | 84.19878274896273
-2.0, 6.0, 0.003 | 55.70204668504514
-1.0, 6.0, 0.36 | 80.01641756065993
-1.0, 6.0, 0.37 | 78.9457306075857
0.0, 6.0, 0.0039 | 99.10791626257995
0.0, 6.0, 0.0041 | 94.11412256923836
-1.0, 6.0, 0.38 | 75.82661662519492
0.0, 6.0, 0.0045 | 84.20068885719252
0.0, 6.0, 0.0049 | 94.1642690751105
-2.0, 5.0, 0.1 | 39.20251674992609
0.0, 6.0, 0.0042 | 99.09714337166074
0.0, 6.0, 0.0043 | 99.16795513521558
-2.0, 6.0, 0.2 | 43.81349336303995
0.0, 6.0, 0.0044 | 89.16424351147238
0.0, 6.0, 0.0046 | 94.13193454543007
-2.0, 6.0, 0.3 | 37.18889966703787
0.0, 6.0, 0.0047 | 89.1638434019755
-1.0, 6.0, 0.39 | 74.40462228054477
1.0, -4.0, 0.0 | -43.90566041320313
0.0, 6.0, 0.0048 | 89.17618264780302
-1.0, 6.0, 0.41 | 72.14173038020627
-1.0, 6.0, 0.42 | 73.49968763451118
-1.0, 6.0, 0.43 | 75.78080185380139
-2.0, 6.0, 0.44 | 20.560169722901673
0.0, 6.0, 0.0101 | 94.14399920332527
-2.0, 6.0, 0.5 | 5.4552357794420825
0.0, 6.0, 0.0102 | 94.04016747395663
0.0, 6.0, 0.0103 | 84.1520201371246
0.0, 6.0, -0.9 | -82.68477114933714
0.0, 6.0, 0.0104 | 94.1504865021994
-2.0, 5.0, -0.1 | 50.80884754463424
0.0, 6.0, 0.0105 | 94.10049990108527
-1.0, 5.0, 0.4 | 70.28211607781662
0.0, 6.0, 0.0106 | 89.09591155733015
-1.0, 6.0, 0.45 | 73.8539622563302
-1.0, 6.0, 0.46 | 72.42178316209962
0.0, 6.0, 0.0107 | 89.12260103440155
0.0, 6.0, 0.0108 | 84.18165831877215
0.0, 6.0, 0.0109 | 84.24316815648235
0.0, 6.0, 0.011 | 79.16944046057023
-1.0, 5.0, 0.01 | 72.81715447465523
-1.0, 6.0, 0.47 | 72.48321657774505
0.0, 6.0, 0.012 | 79.23244912820235
-1.0, 6.0, 0.48 | 72.0664180580345
-1.0, 6.0, 0.49 | 71.31446876492693
0.0, 6.0, 0.0111 | 89.04633604461921
0.0, 6.0, 0.013 | 89.09448406943622
0.0, 6.0, 0.014 | 94.04865803215777
0.0, 6.0, 0.0004 | 94.17505764129493
0.0, 6.0, 0.016 | 94.12787640999913
0.0, 6.0, 0.017 | 94.12860935826032
0.0, 6.0, 0.018 | 94.09519196227548
0.0, 6.0, 0.019 | 99.07068206694174
0.0, 6.0, 0.021 | 99.09039534221367
1.0, 2.0, -0.01 | -62.148784040937116
0.0, 6.0, 0.022 | 94.06779728494266
-2.0, 6.0, 0.6 | -61.3680325546653
-1.0, 6.0, 0.44 | 71.38566706086748
0.0, 6.0, 0.023 | 94.10288693893588
0.0, 6.0, 0.024 | 99.06462037360632
0.0, 6.0, 0.025 | 84.16402241300747
0.0, 6.0, 0.026 | 89.15847428432399
0.0, 6.0, 0.027 | 89.13510576536004
0.0, 6.0, 0.028 | 99.05752398566482
0.0, 6.0, 0.029 | 94.08445380692882
-2.0, 5.0, -0.3 | 28.09940800995909
0.0, 6.0, 0.031 | 84.11057787173782
0.0, 6.0, 0.032 | 94.05312526968827
-3.0, 6.0, 0.1 | -44.04896340235818
0.0, 6.0, 0.033 | 89.02323381728017
-2.0, 6.0, 0.034 | 55.11890909477413
-1.0, 6.0, 0.036 | 73.11774923397661
3.0, -3.0, 0.0 | -620.1573444744632
-3.0, -3.0, 1.0 | -359.3083220251326
-4.0, 0.0, -4.0 | -164.57182106152854
-5.0, 1.0, 2.0 | -1220.2468215753388
-6.0, 6.0, 1.0 | -808.9088824366211
-6.0, -6.0, -6.0 | -313.0542227957851
-1.0, -1.0, 2.0 | -519.9666656421125
0.0, 2.0, -2.0 | -399.94107800856506
4.0, 4.0, 4.0 | -864.8946430613929
0.0, 5.0, -0.02 | -1.3576501764476094
1.0, 6.0, -0.04 | -70.8782247807604
0.0, 6.0, -0.12 | -4.197278576776155
1.0, -6.0, 0.0 | -43.56070356661779
1.0, 6.0, -6.0 | -4599.078261732705
-2.0, 6.0, -0.02 | 56.34655689331081
1.0, 6.0, 0.02 | -60.50881814106307
-1.0, 6.0, -0.01 | 75.0679673261728
0.0, 6.0, -0.11 | -3.782228191127191
-1.0, 6.0, -0.02 | 75.36513891066176
1.0, 6.0, 0.03 | -58.96917238706766
-2.0, 6.0, 0.4 | 21.279351507076065
-2.0, 6.0, -0.3 | 54.98983318842331
0.0, 0.0, 2.0 | -399.59999999999434
0.0, 0.0, 6.0 | -3596.3999999999387
4.0, 4.0, 0.0 | -1078.7801246342663
5.0, -5.0, 0.0 | -1677.7539077701626
-1.0, -3.0, 0.0 | -18.993882509231916
1.0, 0.0, 0.0 | -48.03036218283363
1.0, -3.0, 0.0 | -44.13526430033462
0.0, 0.0, -1.0 | -99.89999999999858
-3.0, -4.0, 1.0 | -358.2045291422444
0.0, 21.0, 0.0 | 94.83474097902744
0.0, 22.0, 0.0 | 93.73697580249669
0.0, 18.0, 0.5 | 90.1656918125448
0.0, 23.0, 0.0 | 93.62850115732643
0.0, 11.0, 0.5 | 89.7571941707673
0.0, 24.0, 0.0 | 91.77114149658077
0.0, 25.0, 0.0 | 91.67446534599577
-1.0, 24.0, 0.0 | 85.74103349386044
-5.0, 9.0, 0.0 | -266.0064248508897
-2.0, 14.0, 0.0 | 76.79661129023972
0.0, 9.0, 0.3 | 84.20978244274158
-1.0, 16.0, 0.0 | 89.25646264680285
-1.0, 11.0, 0.5 | 79.34821007717053
0.0, 10.0, -0.1 | 97.9753749530648
0.0, 10.0, -0.2 | -13.855116743765716
0.0, 10.0, -0.15 | 92.62952620958512
0.0, 10.0, 0.15 | 96.9653610283327
0.0, 10.0, -0.25 | -17.206898920098435
0.0, 10.0, 0.25 | 95.2331858441895
0.0, 10.0, -0.3 | -18.918766216512633
0.0, 10.0, -0.04 | 98.29817945379033
0.0, 10.0, -0.03 | 98.14365056336104
0.0, 10.0, -0.06 | 98.05290873437832
0.0, 10.0, -0.07 | 97.9263075901004
0.0, 10.0, -0.08 | 97.98592559413237
0.0, 10.0, 0.02 | 98.1118669004508
0.0, 10.0, 0.03 | 98.23692067055593
1.0, 9.0, -0.01 | -67.5954657506725
-1.0, 10.0, -0.03 | 89.18011680091742
0.0, 10.0, 0.04 | 98.22734220942857
0.0, 10.0, 0.06 | 97.72994493377891
0.0, 10.0, 0.07 | 97.80201744099561
0.0, 10.0, 0.08 | 97.6784152267118
0.0, 10.0, 0.09 | 97.75282835438485
-1.0, 10.0, 0.05 | 87.84562462504222
0.0, 10.0, -0.09 | 98.04306512264046
0.0, 11.0, 0.02 | 97.90622416740214
-1.0, 9.0, 0.02 | 83.03140645624185
0.0, 11.0, 0.04 | 97.98762005332415
-1.0, 10.0, -0.06 | 88.93434244428214
0.0, 10.0, 0.12 | 97.4564742210977
-1.0, 10.0, 0.04 | 87.92299237979971
0.0, 10.0, -0.11 | 97.85230105848574
0.0, 10.0, 0.13 | 97.34074134024334
0.0, 11.0, -0.01 | 97.82891405899375
0.0, 10.0, -0.12 | 97.78454050651335
0.0, 10.0, -0.13 | 97.68520679663139
0.0, 10.0, -0.14 | 97.74923979336519
0.0, 10.0, -0.16 | 97.40996593104542
0.0, 11.0, -0.02 | 97.84042139543575
0.0, 10.0, -0.17 | 97.11615371063797
-1.0, 10.0, 0.03 | 86.31400600771431
0.0, -10.0, 0.0 | -0.005406206206478114
0.0, 11.0, -0.05 | 97.94871229205128
1.0, 11.0, -0.05 | -76.73209145487488
-1.0, 10.0, -0.01 | 89.11525283604762
1.0, 10.0, 0.05 | -58.27275804569198
0.0, 11.0, 0.01 | 98.06333412466049
-1.0, 11.0, 0.06 | 88.37846262875944
1.0, 9.0, -0.02 | -68.33034764675222
1.0, 9.0, 0.01 | -64.04168132659672
0.0, 11.0, 0.05 | 97.70626421111677
0.0, 10.0, 0.11 | 97.52807904932922
1.0, 10.0, -0.05 | -75.06121225873292
0.0, 11.0, -0.03 | 98.01057519887199
1.0, 10.0, -0.02 | -69.19094291516063
-1.0, 10.0, -0.04 | 89.74767137566054
1.0, 9.0, 0.05 | -56.75193065168622
0.0, 11.0, -0.06 | 98.11413237580541
0.0, 11.0, 0.06 | 97.7196399878572
0.0, 11.0, -0.07 | 97.86293489494217
0.0, 11.0, -0.04 | 98.00907363081453
-1.0, 10.0, 0.07 | 86.00994964618039
-1.0, 10.0, -0.09 | 91.25272353051989
1.0, 10.0, -0.1 | -85.00305458627312
1.0, -1.0, 2.0 | -297.4944863181971
2.0, -1.0, 1.0 | -1.3510302911953416
1.0, 1.0, -1.0 | -325.9290471286349
-1.0, 0.0, 2.0 | -523.3638668847723
-1.0, 1.0, 1.0 | -165.28760246029904
3.0, -1.0, 0.0 | -596.8158387735004
-2.0, 1.0, 3.0 | -1271.0102373501313
0.0, 1.0, 1.0 | -77.65391613188528
-3.0, -1.0, 2.0 | -818.5370014207522
3.0, 3.0, 1.0 | -212.97416413470333
-1.0, -2.0, -1.0 | -15.879036410787439
3.0, 0.0, 1.0 | -183.8778366025817
-3.0, 0.0, 0.0 | -114.54008350580224
2.0, 1.0, 1.0 | -2.3526548522982886
-4.0, 2.0, -1.0 | -87.13765816291463
3.0, -2.0, -1.0 | -1155.600414803439
-4.0, -1.0, 1.0 | -487.7649206441077
2.0, 0.0, 0.0 | -272.80930634182414
0.0, -1.0, -1.0 | -99.86589419805767
-2.0, -1.0, -2.0 | -47.73075493306358
-3.0, 2.0, -2.0 | -29.559628602327486
4.0, 2.0, 1.0 | -550.8198186114283
4.0, -2.0, 2.0 | -34.13219728024084
-5.0, 3.0, 0.0 | -354.982499010165
5.0, -3.0, 0.0 | -1676.191432487475
-5.0, -3.0, 0.0 | -267.3221523827452
5.0, 3.0, 0.0 | -1700.4690376164199
-2.0, -2.0, -2.0 | -46.862232089343095
-2.0, 1.0, -1.0 | -1.9175610036581716
-1.0, 2.0, -2.0 | -151.5117828196476
-1.0, 2.0, -1.0 | -18.86510151024006
-1.0, 3.0, -1.0 | -22.698968241292913
0.0, 3.0, 1.0 | 11.465522645084924
0.0, 3.0, -1.0 | -100.18017266173386
0.0, 3.0, -2.0 | -400.1991871217016
1.0, 4.0, 1.0 | 65.56322608888664
2.0, 3.0, 1.0 | -23.4287724961882
2.0, 4.0, 2.0 | -208.68239333468105
-1.0, 4.0, 2.0 | -519.6152912331869
-1.0, 4.0, -1.0 | -26.06637660542375
1.0, 5.0, 2.0 | -302.644337673895
-5.0, 6.0, 0.0 | -317.11541961525717
-6.0, 5.0, 0.0 | -511.1452035976786
-4.0, 5.0, 0.0 | -192.6118962027901
-1.0, 6.0, -2.0 | -152.09715169845097
-3.0, 5.0, -1.0 | -157.63778742744614
-6.0, 6.0, -1.0 | -379.3961058260543
-1.0, 6.0, -4.0 | -1032.8678196682038
-1.0, 6.0, -5.0 | -1775.8806339369844
-2.0, 6.0, -4.0 | -597.9622714987124
-2.0, 6.0, -5.0 | -1182.3367216555957
1.0, 7.0, 0.0 | -64.75664829469706
1.0, 7.0, 1.0 | 79.13271584117612
1.0, 7.0, -1.0 | -331.04345041555723
-4.0, 7.0, 0.0 | -140.43979072206844
0.0, 19.0, 1.0 | 74.38972867639237
0.0, 21.0, 1.0 | 71.35093464488735
-2.0, 9.0, 0.0 | 65.381769146809
-1.0, 10.0, -1.0 | -48.714013952031785
0.0, 26.0, 0.0 | 89.36871113910442
-1.0, 6.0, 2.0 | -517.0266868576116
-1.0, 6.0, 3.0 | -1072.9845450426678
0.0, 27.0, 0.0 | 90.66776347898121
1.0, 9.0, 1.0 | 80.54897498950405
-1.0, 10.0, -2.0 | -156.47945991348726
-2.0, 10.0, 1.0 | -192.16585529869786
1.0, 9.0, -1.0 | -325.28762556763803
-1.0, 9.0, -2.0 | -155.2919582972301
-1.0, 9.0, -3.0 | -490.7517076565775
-1.0, 11.0, 1.0 | -158.9206687184063
0.0, 9.0, 0.4 | 90.79560675521948
-1.0, 9.0, 0.5 | 78.17438532949
0.0, 9.0, -0.9 | -85.55118966665474
-0.5, 9.5, 0.0 | 95.47327663191751
0.0, 9.5, 0.0 | 98.27743152293667
-0.5, 9.9, 0.0 | 95.65721820028458
0.0, 9.5, 0.5 | 88.10529460127165
-0.5, 10.5, 0.0 | 95.06436766732848
-0.5, 10.0, 0.0 | 95.28268687128619
-0.5, 10.5, 1.0 | -18.445885230740412
0.0, 9.8, 0.0 | 98.1667633230614
0.0, 9.9, 0.0 | 98.24100597658662
-0.5, 9.8, 0.0 | 95.05824661145144
-1.5, 9.5, 0.0 | 80.8178536458203
-2.0, 10.0, -1.0 | 84.30390567092374
0.0, 9.0, -0.5 | -32.78771443959939
0.0, 5.1, 0.1 | 78.60657983329534
1.0, 6.0, 0.04 | -57.2175329000145
0.5, 6.0, 0.04 | -10.648305613919423
-1.0, 6.0, 0.03 | 79.3402246387362
0.0, 6.0, -0.13 | -4.241387978902621
1.0, 6.0, -0.02 | -67.0975913397299
0.0, 5.9, -0.02 | 94.07277332989548
0.0, 5.9, -0.03 | 89.14059333464779
0.0, 5.9, -0.04 | -2.354713025894055
0.0, 5.9, -0.01 | 84.1561845084614
0.0, 5.8, -0.02 | 89.22010549716974
0.0, 6.0, -0.14 | -4.891934199974761
0.0, 6.0, -0.025 | 94.17072507669235
0.0, 6.0, -0.045 | -2.248119262533584
-1.0, -6.0, 0.0 | -18.960892844494165
0.0, 6.0, -0.035 | 99.09648459845214
0.0, 6.0, -0.027 | 94.1233906560601
0.0, 6.0, -0.033 | 89.13369634588507
0.0, 6.0, -0.037 | 94.03403859938747
0.0, 6.0, -0.038 | 84.15154166627852
0.0, 6.0, -0.039 | 89.09754256524627
-1.0, 6.0, -0.04 | 75.99252856010348
0.0, 6.0, -0.031 | 84.09213814383642
0.0, 6.0, -0.032 | 94.07726519178114
0.0, 6.0, -0.036 | 89.12629923734059
0.0, 6.0, -0.034 | 84.1211311679593
-1.0, 6.0, -0.06 | 71.66756874780137
0.0, 5.9, -0.036 | 89.10146900652792
0.0, 6.0, -0.041 | 89.14591132964327
0.0, 6.0, -0.042 | 79.2063185100397
0.0, 6.0, -0.043 | 94.10007298746798
0.0, 6.0, -0.044 | -2.4169897635624196
0.0, 6.0, 0.047 | 89.05137211777426
0.0, 6.0, -0.046 | -2.304177813375938
0.0, 6.0, -0.001 | 84.31155492810055
0.0, 6.0, -0.048 | -2.6157026895356563
0.0, 6.0, -0.049 | -2.338591064823636
0.0, 6.0, 0.048 | 88.91066804364633
0.0, 6.0, -0.047 | -2.5208395262396257
0.0, 6.0, -0.024 | 84.1689377105495
0.0, 6.0, -0.003 | 89.22331424955802
0.0, 6.0, -0.022 | 89.21199088464212
0.0, 6.0, -0.011 | 94.13022126490156
0.0, 6.0, -0.026 | 84.13348128574799
0.0, 6.0, -0.014 | 99.07270715429671
0.0, 6.0, -0.016 | 94.183395756348
0.0, 6.0, -0.017 | 89.16395010634797
0.0, 6.0, -0.021 | 89.17467595027024
0.0, 6.0, -0.019 | 94.1362389705238
0.0, 6.0, -0.018 | 89.17381291515818
0.0, 6.0, -0.013 | 84.19886618493257
-2.0, 1.0, 0.0 | -61.98373982351453
-2.0, 3.0, 1.0 | -253.80233597199975
-2.0, 3.0, -1.0 | -18.618950679180692
-1.0, 4.0, -0.5 | -9.539598979733794
0.0, 7.0, 0.5 | 87.51117404386261
0.0, 7.0, 1.5 | -225.92195543564668
0.0, 7.0, 1.2 | -144.88350065058597
0.0, 5.9, 0.5 | 86.6615410065832
0.0, 7.0, -0.1 | -4.670184134027985
0.0, 9.0, 0.15 | 97.33384464539839
0.0, 8.0, 0.25 | 95.35322267041752
0.0, 9.0, 0.05 | 98.21636569493025
0.0, 8.0, 0.13 | 92.69455508155217
0.0, 8.0, 0.09 | 98.21080489669586
0.0, 8.0, -0.07 | 98.57715728736869
0.0, 8.0, 0.08 | 98.25432857189985
0.0, 8.0, 0.07 | 98.29342709024633
0.0, 8.0, -0.09 | 93.45145190888974
1.0, 8.0, -0.05 | -73.91555553046624
-1.0, 8.0, -0.04 | 83.34310626486527
0.0, 8.0, 0.04 | 93.57183907006639
0.0, 8.0, 0.06 | 88.53897410346315
0.0, 8.0, -0.11 | 83.19054001692005
-1.0, 8.0, -0.01 | 86.9820521471679
0.0, 8.0, -0.12 | -6.7545883826798745
0.0, 8.0, -0.13 | -6.781386864336065
0.0, 8.0, -0.14 | -7.816813993711863
0.0, 8.0, -0.15 | -7.657777934252145
0.0, 8.0, -0.16 | -8.02282676167392
0.0, 8.0, -0.17 | -9.062512616307341
0.0, 8.0, -0.18 | -9.459018751566969
0.0, 8.0, -0.19 | -9.331444036857008
1.0, 8.0, -0.1 | -84.77885584192612
-1.0, 9.0, -0.01 | 87.64523070088752
-1.0, 8.0, 0.01 | 86.68351343615126
0.0, 7.5, -0.01 | 93.76445197036223
0.0, 8.5, 0.01 | 98.5546930122548
0.0, 8.5, -0.01 | 98.66348886058312
0.0, 8.5, 0.0 | 98.65399808161388
0.0, 8.5, -0.02 | 98.57958045464767
0.0, 8.5, 0.02 | 98.55451985719256
0.0, 8.5, -0.03 | 93.53416834369483
0.0, 8.5, -0.04 | 88.69157114403197
0.0, 8.5, 0.03 | 93.47325337022808
-1.0, 8.5, 0.0 | 87.16754437974278
0.0, 8.5, 0.005 | 98.69598435813515
0.0, 9.0, 0.005 | 98.5571522976617
0.1, 8.5, 0.0 | 93.45492824419361
0.1, 8.5, 0.01 | 93.50799622849493
0.0, 9.5, 0.005 | 98.2982340889377
-1.0, 9.5, 0.0 | 88.56276488863767
0.0, 8.5, -0.005 | 98.54196945466654
0.1, 8.5, -0.005 | 93.4138496803354
0.1, 8.5, -0.01 | 98.38663570797691
0.1, 8.5, 0.02 | 98.53246248207942
0.1, 8.5, 0.03 | 98.4557584412747
0.1, 9.0, 0.01 | 98.31227751920547
0.0, 8.5, -0.006 | 98.7544637238673
0.0, 8.5, -0.004 | 98.47892873650532
0.0, 8.5, -0.007 | 98.62686580681036
0.0, 8.5, -0.008 | 98.66686384394704
-1.0, 8.5, -0.1 | 89.94032526008024
0.0, 8.5, -0.009 | 93.61637562264937
0.0, 8.6, 0.0 | 98.56695906924602
0.0, 8.6, -0.007 | 98.49882649599634
0.0, 8.6, -0.006 | 98.45695880428782
0.0, 9.0, -0.005 | 98.54111513549478
0.0, 8.6, -0.005 | 88.61329698170618
0.0, 8.6, -0.004 | 98.43233583350681
0.0, 8.6, -0.008 | 98.5057346435173
0.0, 8.6, -0.009 | 98.59465062826173
0.0, 8.6, -0.01 | 98.49918977596444
0.0, 8.6, -0.011 | 98.62580624186884
0.0, 8.6, -0.012 | 98.53962487929098
0.0, 8.6, -0.013 | 93.54503610148984
0.0, 8.6, -0.014 | 98.53503581276495
0.0, 8.6, -0.015 | 98.57403085796179
0.0, 8.6, -0.016 | 98.65201464090492
0.0, 8.6, -0.017 | 98.43579933823456
0.0, 8.6, -0.018 | 93.59384009281507
0.0, 8.6, -0.019 | 98.48512071781347
0.0, 8.6, -0.02 | 98.61659447633653
0.0, 8.6, -0.03 | 98.60277677461939
0.0, 8.7, -0.03 | 98.61973273816513
0.0, 8.7, -0.04 | 98.39512205303063
0.0, 8.7, -0.005 | 98.62459854313855
0.0, 8.6, 0.02 | 93.55547619350712
0.0, 8.7, -0.02 | 93.57455109086345
0.0, 8.7, -0.05 | 98.59760499057194
-1.0, 8.5, 0.01 | 87.97649375336137
0.0, 8.7, -0.06 | 98.51727598621012
0.0, 8.7, -0.07 | 98.4085898529155
0.0, 8.9, -0.05 | 98.53038846507857
0.0, 9.1, -0.05 | 93.29485618289328
0.0, 8.7, -0.01 | 93.59942620702566
0.0, 8.7, 0.0 | 93.4688963302037
0.0, 8.8, 0.0 | 93.62499032983742
0.0, 8.8, -0.01 | 98.46078514163784
0.0, 8.7, 0.005 | 93.69106059768681
0.0, 8.8, -0.02 | 98.4838179979378
0.0, 8.7, -0.004 | 98.58728610058591
0.0, 8.7, -0.003 | 93.58873722650144
0.0, 8.7, -0.002 | 98.57549522537903
0.0, 8.8, -0.005 | 98.61201318383127
0.0, 8.8, -0.006 | 98.50669804077594
0.0, 8.8, -0.007 | 98.4222220581939
0.0, 8.8, -0.008 | 98.55853430230307
0.0, 8.8, -0.009 | 98.51757463708661
0.0, 8.8, -0.011 | 98.46133889834277
0.0, 8.8, -0.012 | 98.60495569891097
0.0, 8.8, -0.013 | 98.47854161459712
0.0, 8.8, -0.014 | 98.60187471184045
0.0, 8.8, -0.015 | 93.5296452336172
0.0, 8.8, 0.1 | 97.89873533994898
0.0, 8.8, -0.016 | 93.58456350523684
0.0, 8.9, -0.01 | 98.43448037008993
0.0, 8.8, -0.017 | 98.44316952872857
0.0, 8.9, -0.005 | 98.45887235058869
0.0, 8.9, -0.004 | 93.48300120315841
0.0, 8.9, -0.003 | 93.48695889806422
0.0, 9.0, -0.003 | 98.521131096127
0.0, 9.0, -0.004 | 98.42075393250234
0.0, 9.1, 0.01 | 98.5419057889996
0.0, 8.9, 0.0 | 98.4149174022897
0.0, 8.9, -0.002 | 98.48518255177828
0.0, 8.9, -0.001 | 98.59964030324156
0.0, 8.9, -0.006 | 98.50058493993645
0.0, 8.8, -0.003 | 93.53895543264271
0.0, 8.9, 0.001 | 98.51495546139718
0.0, 8.9, 0.002 | 98.44410855409093
0.0, 8.9, 0.003 | 98.54053889655151
-3.0, -3.0, 3.0 | -1479.9316687236687
-4.0, -2.0, 0.0 | -180.83586583726466
-3.0, -1.0, 1.0 | -357.9545959000076
-1.0, 0.0, 0.0 | -19.124792194789627
-2.0, -2.0, -1.0 | -0.31728155734385954
-3.0, -2.0, 2.0 | -824.7038915127541
-2.0, -3.0, -1.0 | -0.29132360528904766
-2.0, -4.0, -1.0 | -0.2215072476688686
-1.0, -3.0, -1.0 | -15.826829833038639
-2.0, -4.0, -2.0 | -46.24274695384155
-2.0, -5.0, -1.0 | -0.19729067600819578
-2.0, -5.0, -3.0 | -223.05683667268892
-2.0, -6.0, -1.0 | -0.17287147529595123
-2.0, -6.0, 0.0 | -55.12514320181314
-2.0, -7.0, -1.0 | -0.1840957007876893
-3.0, -7.0, -1.0 | -12.800912869666357
-2.0, -0.1, -1.0 | -0.8520746346022035
-2.0, -8.0, -1.0 | -0.19565520687368623
-2.0, -9.0, -1.0 | -0.14812288737845686
-2.0, -6.0, 1.0 | -253.94957184615745
-2.0, -9.0, 0.0 | -54.877759583627174
-2.0, -5.0, 0.0 | -55.011123093385564
-2.0, -1.0, -1.0 | -0.432242802827924
-2.0, -10.0, -1.0 | -0.15625865200854697
-2.0, -11.0, -1.0 | -0.18165524196640198
-2.0, -12.0, -1.0 | -0.14541465959481864
-2.0, -11.0, 0.0 | -54.81642022370032
-2.0, -10.0, 0.0 | -54.87999438739405
-2.0, -13.0, -1.0 | -0.17177898958460153
-2.0, -14.0, -1.0 | -0.15947403690212192
-2.0, -15.0, -1.0 | -0.16815682685125838
-2.0, -5.0, 2.0 | -666.2138253637792
-2.0, -4.0, 1.0 | -250.99813146751822
-3.0, -15.0, -1.0 | -12.73326276359814
-2.0, -16.0, -1.0 | -0.150883012512179
-2.0, 0.0, -1.0 | -1.042081591453921
-2.0, -17.0, -1.0 | -0.16874558355339433
-2.0, -5.0, -2.0 | -45.925346120089465
-2.0, -18.0, -1.0 | -0.16198676983952637
-2.0, 0.0, -3.0 | -222.55697807864408
-2.0, -4.0, -3.0 | -221.74961708277473
-3.0, 1.0, -1.0 | -18.328826506913817
-1.0, -4.0, -1.0 | -15.783131753969432
-2.0, -18.0, -2.0 | -45.51317723216154
-2.0, -19.0, -1.0 | -0.16101630866963557
-2.0, -0.5, -1.0 | -0.49707631265319296
-2.0, -2.0, -3.0 | -221.43001591342946
-3.0, -19.0, -1.0 | -12.703139693880756
-2.0, -5.0, -4.0 | -587.3049979008729
-2.0, 2.0, -2.0 | -73.45354365981278
-2.0, -1.0, 2.0 | -662.9904304015448
-2.0, -1.0, -0.5 | -15.897043866841258
-2.0, -0.2, -1.0 | -0.6044702323426012
-2.0, 0.0, -0.5 | -16.58644813890714
-2.0, -3.0, -0.5 | -15.284998399837372
-2.0, -6.0, -0.5 | -15.344977671663381
-3.0, -6.0, -1.0 | -12.881516858021211
-2.0, -7.0, -0.5 | -15.28712128896972
0.0, -1.0, -0.5 | -24.961848976745905
-2.0, -9.0, -0.5 | -15.251890129458516
-2.0, -1.0, -0.1 | -46.15555068360455
-2.0, -10.0, -0.5 | -15.225159404310295
-2.0, -11.0, -0.5 | -15.203782321734938
-2.0, 2.0, -0.5 | -19.368458019199608
-2.0, 0.0, -0.9 | -1.7194488520089073
-2.0, 0.1, -1.0 | -0.7333550712027849
-2.0, -1.0, -0.3 | -28.994675432165177
-2.0, -1.0, -0.2 | -37.13288912662951
-1.0, -0.5, -1.0 | -16.194921599939306
-2.0, -1.0, -1.2 | -1.762574738515712
-2.0, -0.9, -1.0 | -0.574947929542105
-2.0, -6.0, -0.1 | -45.23028634815414
-2.0, -5.0, -0.1 | -45.197572997695744
-2.0, -4.0, 0.0 | -55.18705949739209
-2.0, 5.0, 0.5 | -45.220711141259294
-2.0, 5.0, 0.9 | -199.81311169991915
-3.0, -5.0, -1.0 | -13.001175108542256
-2.0, 6.0, -0.5 | 62.990424092725256
-2.0, 7.0, -0.5 | 55.309966567538865
-2.0, 8.0, -0.5 | 76.2756586055271
-2.0, 8.0, -0.4 | 75.00945153978196
-2.0, 9.0, -0.5 | 73.59866618616893
-2.0, 10.0, -0.5 | 78.40030651768315
-2.0, 11.0, -0.5 | 80.70627541601924
-2.0, 12.0, -0.5 | 81.94080084473163
-2.0, 13.0, -0.5 | 82.32385394471656
-2.0, 14.0, -0.5 | 82.08277481393955
-2.0, 15.0, -0.5 | 83.71473937923118
-2.0, 16.0, -0.5 | 83.6372939822945
-2.0, 17.0, -0.5 | 83.50277568781291
-2.0, 18.0, -0.5 | 83.75586638378972
-2.0, 19.0, -0.5 | 83.09863576075294
-2.0, 20.0, -0.5 | 83.46373808260267
-2.0, 21.0, -0.5 | 83.95415334286606
-2.0, 22.0, -0.5 | 81.39465184734021
-2.0, 23.0, -0.5 | 81.06660451421385
-2.0, 24.0, -0.5 | 81.35197597369877
-2.0, 25.0, -0.5 | 80.4046505843429
-2.0, 4.0, -0.5 | 21.77350801077464
-2.0, 26.0, -0.5 | 81.10505170466097
-2.0, -0.5, 1.0 | -249.14279571703022
-2.0, 27.0, -0.5 | 77.81033603582085
-2.0, 28.0, -0.5 | 81.47877833551357
-2.0, 29.0, -0.5 | 80.63497469131295
-2.0, 6.0, -0.7 | 62.59663155018753
-2.0, 30.0, -0.5 | 84.88268752375933
-2.0, 6.0, -1.5 | -72.21437288703223
-2.0, 31.0, -0.5 | 78.08636171212227
-2.0, 31.0, -1.5 | 81.62384878160668
-2.0, 31.0, 0.5 | 53.18431266293008
-2.0, 32.0, -0.5 | 75.91958933532808
-2.0, 6.0, -0.6 | 58.43740677495707
-2.0, 30.0, -1.0 | 84.34900625565321
-2.0, 31.0, -1.0 | 83.74473773229201
-2.0, 6.5, -0.5 | 75.43433345355454
-2.0, 33.0, -0.5 | 78.73395856228329
-2.0, 12.0, 0.0 | 73.29734797814464
-2.0, 31.0, -0.4 | 76.10916279623801
-2.0, 4.0, 0.5 | -86.63317426993454
-2.0, 35.0, -0.5 | 77.86114528934483
-2.0, 6.0, -0.8 | 63.5152474353931
-2.0, 5.0, -0.7 | 64.43950856109254
-2.0, 6.0, -0.9 | -63.12758526683534
-2.0, 5.0, -0.4 | 51.427874656189395
-2.0, 34.0, -0.5 | 79.20061585684147
-2.0, 13.0, -0.6 | 84.47013766028019
-2.0, 12.0, -0.4 | 80.29573968268036
-2.0, 12.0, -1.0 | 86.01734696114866
-2.0, 5.0, -1.5 | -65.03925545144195
-2.0, 13.0, -1.0 | 86.82282297749644
-2.0, 4.0, -0.4 | 24.923304998287886
-2.0, 14.0, -1.0 | 86.55528028874824
-2.0, 12.0, -1.5 | -129.56312059542046
-2.0, 15.0, -1.0 | 87.15930164014459
-2.0, 15.0, -1.5 | -177.73935402959754
-2.0, 16.0, -1.0 | 87.86855480605095
-2.0, 17.0, -1.0 | 87.7245740854394
-2.0, 18.0, -1.0 | 88.12731626224527
-2.0, 10.0, -1.5 | -112.83529091719029
-2.0, 19.0, -1.0 | 84.49881806695744
0.0, 18.0, -1.0 | -125.56529175181159
-2.0, 20.0, -1.0 | 85.87848348538316
-2.0, 21.0, -1.0 | 86.8053524000655
-2.0, 22.0, -1.0 | 85.82754945137394
-2.0, 18.0, -1.5 | 83.91702237277168
-2.0, 18.0, -2.0 | -222.74343973719905
-2.0, 19.0, -1.5 | 83.60539150151229
-2.0, 19.0, -2.0 | -242.02649061609463
-2.0, 22.0, -1.5 | 82.07344040390231
-2.0, 20.0, -2.0 | -262.2227579396338
-2.0, 30.0, -1.5 | 79.68030610666968
-2.0, 19.0, -1.6 | -281.96977284544033
-2.0, 19.0, -0.4 | 81.39301216103017
-2.0, 19.0, -0.3 | 79.92325766221366
-2.0, 21.0, -0.8 | 84.03334590513097
-2.0, 18.0, -1.2 | 85.52583620546348
-2.0, 20.0, -0.8 | 85.0819441287643
-2.0, 20.0, -1.2 | 88.4923586370821
-2.0, 20.0, -0.9 | 87.81270680003266
-2.0, 20.0, -1.1 | 85.64290382674834
-2.0, 20.0, -1.3 | 84.7990081524766
-2.0, 20.0, -1.4 | 84.96088310831858
-2.0, 19.0, -1.1 | 86.53243788037744
-2.0, 20.0, -1.5 | 83.63930948295426
-2.0, 21.0, -1.1 | 86.63761174963895
-2.0, 20.0, -1.6 | 85.12341204094079
-2.0, -5.0, -0.6 | -10.255835741148179
-2.0, 21.0, -1.2 | 85.93003689719471
-2.0, 21.0, -1.3 | 87.01530479895641
-2.0, 21.0, -1.6 | 82.23429695976145
-2.0, 21.0, -1.5 | 84.82191624687371
-2.0, 21.0, -1.4 | 85.34202025314637
-2.0, 21.0, -1.7 | 77.22003659842764
-2.0, 12.0, -0.8 | 85.1270982156272
-2.0, 20.0, -1.7 | -292.2101287748715
-2.0, 20.0, -1.8 | -277.9015033319773
-2.0, 20.0, 0.0 | 76.00386467243685
-2.0, 20.0, -0.7 | 85.36443028475027
-2.0, 20.0, -0.6 | 85.02635240280203
-2.0, 29.0, -1.0 | 83.39720685005982
-3.0, 20.0, -1.0 | 69.30017978664695
-2.0, 21.0, -1.9 | -287.0450472387118
-2.0, 20.0, -1.9 | -268.88238004826457
5.0, -3.0, -0.5 | -2090.280178261948
-2.0, -0.1, -0.6 | -10.875516571658824
-2.0, 20.0, 0.1 | 73.82485726536008
-2.0, 20.0, 0.5 | 55.0436891274846
-1.0, 19.0, -1.0 | 91.49937443159729
-1.0, 25.0, -1.0 | 89.97308949009766
-1.0, 20.0, -1.0 | 91.08328797873807
-1.0, 30.0, -1.0 | 90.34592044688104
-1.0, 24.0, -1.0 | 91.03005998474563
-1.0, 23.0, -1.0 | 90.32844834472687
-1.0, 22.0, -1.0 | 90.50136209691256
-1.0, 21.0, -1.0 | 91.5609717975104
-1.0, 21.0, 0.0 | 87.39026629050821
-1.0, 20.0, 0.0 | 88.81125115990588
-1.0, 21.0, -0.5 | 94.76279009257513
-1.0, 21.0, -0.8 | 92.68047267844051
-1.0, 21.0, -0.7 | 92.89266519467412
-1.0, 21.0, -0.6 | 93.69425480423843
-1.0, 21.0, -0.4 | 93.36061718964721
-1.0, 21.0, -0.3 | 91.64117468549631
-1.0, 21.0, -0.2 | 89.85448387280033
-1.0, 21.0, -0.9 | 92.69645779954205
-1.0, 21.0, -0.1 | 90.95981672290489
-1.0, 21.0, -0.05 | 89.91176614986185
-1.0, 21.0, -0.45 | 92.61924551897508
-1.0, 21.0, -0.55 | 93.98293643123598
-1.0, 21.0, -0.65 | 92.89881068655043
-1.0, 21.0, -0.95 | 92.11750034891182
-1.0, 21.0, -0.75 | 93.84523319685384
-1.0, 21.0, -0.85 | 92.50302083674315
-1.0, 21.0, 1.0 | -30.811583841219846
-1.0, 21.0, -0.58 | 94.03434735373826
-1.0, 21.0, -0.52 | 93.85052052304806
-1.0, 21.0, -0.57 | 94.12015852803445
-1.0, 21.0, -0.59 | 93.82322394591226
-1.0, 21.0, -0.56 | 93.16591958556624
-1.0, 21.0, -0.61 | 93.14195158039033
-1.0, 21.0, -0.62 | 92.83538077289862
-1.0, 21.0, -0.54 | 92.00180740894453
-1.0, 21.0, -0.53 | 93.65769567033128
-1.0, 21.0, -0.64 | 93.06019776287215
-1.0, 21.0, -0.66 | 93.48014505565189
-1.0, 21.0, -0.67 | 93.08091826352859
-1.0, 21.0, -0.68 | 92.15321302551706
-1.0, 21.0, -0.69 | 93.25377604726815
-1.0, 21.0, -1.5 | -167.5130192849626
-1.0, 21.0, -0.71 | 93.26945207206066
-1.0, 21.0, -0.72 | 92.79617736903185
-1.5, 21.0, -0.7 | 90.56115586030536
-1.5, 21.0, -0.6 | 89.17817566798186
-1.2, 21.0, -0.65 | 92.409352601164
-0.8, 21.0, -0.65 | 93.95931706808257
-0.9, 21.0, -0.65 | 93.3070094656492
-0.7, 21.0, -0.65 | 93.45072278982343
-0.6, 21.0, -0.65 | 93.04569291561907
-0.5, 21.0, -0.65 | 92.43788010865062
-0.4, 21.0, -0.65 | 92.53161926186168
-0.3, 21.0, -0.65 | 91.29634963076066
-0.7, 21.0, -0.6 | 92.76962227031764
-0.7, 21.0, -0.55 | 92.99546515800115
-0.6, 21.0, -0.55 | 92.79724695732412
-0.7, 21.0, -0.7 | 92.30486265284034
-0.9, 21.0, -0.6 | 93.9565206546561
-0.9, 21.0, -0.58 | 93.44136487388371
-0.8, 21.0, -0.58 | 93.06173445546008
-0.9, 21.0, -0.68 | 93.82537875007942
-0.9, 21.0, -0.57 | 93.44715188801949
-0.8, 21.0, -0.7 | 92.50364810931742
-0.9, 21.0, -0.55 | 94.30114632638575
-0.9, 21.0, -0.54 | 94.11866032842786
-0.9, 21.0, -0.53 | 94.22468988900421
-0.9, 21.0, -0.52 | 94.1291235113417
-0.9, 21.0, -0.51 | 93.75527728579104
-0.9, 21.0, -0.5 | 94.28109599521143
-0.9, 21.0, -0.49 | 93.5751839454031
-0.9, 21.0, -0.48 | 92.80496750839453
-0.9, 21.0, -0.47 | 93.00472529881172
-0.8, 21.0, -0.5 | 93.80069334087578
-0.9, 21.0, -0.45 | 94.05974863493938
-0.9, 21.0, -0.46 | 93.28877378325794
-0.9, 21.0, -0.44 | 92.70849611804246
-0.9, 21.0, -0.43 | 94.23038507185773
-0.9, 21.0, -0.42 | 93.59387353899753
-0.9, 21.0, -0.41 | 93.6076533806826
-0.9, 21.0, -0.4 | 93.33869684361096
-0.9, 21.0, -0.39 | 93.73111152790773
-0.9, 21.0, -0.38 | 94.0387404721026
-0.9, 21.0, -0.37 | 92.20422772666356
-0.9, 21.0, -0.36 | 94.03736000571595
-0.9, 21.0, -0.35 | 92.34423156129068
-0.9, 21.0, -0.34 | 92.91345707883765
-0.9, 21.0, -0.33 | 91.88872006868107
-0.9, 21.0, -0.32 | 93.29799114889673
-0.9, 21.0, -0.31 | 92.64483932054227
-0.9, 21.0, -0.3 | 92.23058180047886
-0.9, 21.0, -0.29 | 91.8011978657658
-0.9, 21.0, -0.28 | 92.69618342576875
-0.9, 21.0, -0.27 | 92.4259062140988
-0.8, 21.0, -0.27 | 93.04442360325912
-0.8, 21.0, -0.26 | 92.6830108725517
-0.8, 21.0, -0.8 | 92.4392438971764
-0.8, 21.0, -0.55 | 93.53138852648206
-0.8, 21.0, -0.54 | 93.2469616352167
-0.8, 21.0, -0.53 | 93.89474869329563
-0.8, 21.0, -0.52 | 94.12355694216781
-0.8, 21.0, -0.51 | 94.03770373712489
-0.8, 21.0, -0.49 | 93.65527427604891
-0.8, 21.0, -0.48 | 93.25932665706571
-0.8, 21.0, -0.47 | 94.10504095559362
-0.8, 21.0, -0.46 | 94.62888862304685
-0.8, 21.0, -0.45 | 94.07420771856985
-0.8, 21.0, -0.44 | 93.97074769917239
-0.8, 21.0, -0.43 | 93.98601345106468
-0.8, 21.0, -0.42 | 93.10815289521756
-0.8, 21.0, -0.41 | 94.0507932647455
-0.8, 21.0, -0.4 | 93.43941217738744
-0.8, 21.0, -0.39 | 94.3235464218409
-0.8, 21.0, -0.38 | 94.03658503357062
-0.8, 21.0, -0.37 | 94.01770783042754
-0.8, 21.0, -0.36 | 94.47448298411933
-0.8, 21.0, -0.35 | 94.16192072632457
-0.8, 21.0, -0.34 | 93.25095210422202
-0.8, 21.0, -0.28 | 92.53612642911483
-0.8, 21.0, -0.33 | 93.48342498936334
-0.8, 21.0, -0.32 | 93.49024098517665
-0.8, 21.0, -0.31 | 92.94499595222263
-0.8, 21.0, -0.3 | 92.52457158863791
-0.8, 21.0, -0.29 | 93.58718105227524
-0.8, 21.0, -0.66 | 92.68890481259548
-0.8, 21.0, -0.01 | 91.14426622720777
-0.8, 21.0, 0.0 | 90.01970192938785
0.0, 2.0, 1.0 | -33.126816816847644
0.0, 6.0, -1.5 | -226.08631844027082
0.0, 5.5, 1.0 | 52.62429700003527
0.0, 5.5, -0.5 | -27.223481732300183
0.0, 5.5, 0.5 | 47.37589099005975
0.0, 6.0, 0.041 | 89.00631564298445
0.0, 6.0, 0.042 | 89.01369307505463
0.0, 6.0, 0.039 | 94.02209368143508
0.0, 6.0, 0.062 | 83.89972873545238
-1.0, 6.0, 0.078 | 79.76228317408736
0.0, 6.0, 0.056 | 93.94859525008326
0.0, 5.8, 0.05 | 84.01419469416808
0.0, 6.0, 0.073 | 93.71162762644222
0.0, 5.9, 0.07 | 88.88565302314822
0.0, 5.0, 0.003 | 89.30678349153735
0.0, 5.1, 0.003 | 79.39089154996299
0.0, 5.0, 0.002 | 89.34811905185315
-1.0, 6.0, 0.003 | 65.53719109026021
0.0, 5.9, 0.003 | 94.12145703457429
0.0, 6.0, -0.002 | 89.19246154259125
-1.0, 6.0, -0.005 | 77.02453245306893
-1.0, 6.0, 0.002 | 74.02884712971614
0.0, 5.9, 0.002 | 79.24702725203099
0.0, 6.0, 0.0035 | 84.23420745741336
0.2, 6.0, 0.004 | -3.516224272549819
0.3, 6.0, 0.005 | -5.763078947292564
-1.0, 6.0, 0.005 | 79.96956117760627
0.0, 6.0, 0.0037 | 84.21725702421313
0.0, 6.0, 0.0038 | 89.16788392118417
0.0, 6.0, 0.0036 | 94.1999028662459
-5.0, 6.0, 0.003 | -319.6413413802266
-1.0, 6.0, 0.004 | 84.37321216738913
0.0, 6.0, 0.0055 | 84.18143848602008
1.0, 6.0, 0.004 | -64.13663204700292
-2.0, 5.0, 0.2 | 35.75627954536476
0.0, 6.0, 0.0027 | 89.12783815177919
0.0, 6.0, 0.0032 | 94.16613172950062
-1.0, 6.0, 0.0002 | 68.67570471642901
0.0, 6.0, 0.0033 | 84.23971013677388
0.0, 6.0, 0.0031 | 89.1891340298126
0.0, 5.9, 0.0009 | 89.21310787605273
0.1, 6.0, 0.002 | 78.98677105703335
0.0, 6.0, -0.0005 | 79.22941480939733
0.1, 6.0, -0.001 | -2.7309365369641787
0.0, 6.0, -0.006 | 94.18411918886474
0.0, 6.0, 0.0091 | 94.13347833095516
0.0, 5.8, 0.008 | 94.16408771603113
0.0, 5.8, 0.009 | 84.23157654225197
0.0, 6.0, 0.0092 | 99.11453261838656
0.0, 6.0, 0.0093 | 94.1504781148377
0.0, 6.0, 0.0094 | 94.17671560112751
0.0, 6.0, 0.0095 | 74.24518771534143
0.0, 6.0, -0.0095 | 89.15638707226563
0.0, 6.0, -0.0002 | 79.18243134261446
0.0, 6.0, 0.0096 | 89.14523683773044
0.0, 6.0, 0.0097 | 84.11942493004506
0.0, 6.0, -0.0029 | 74.30690020732843
0.0, 6.0, -0.0027 | 94.1652154675294
-2.0, 6.0, 0.005 | 57.68355953190961
0.0, 6.0, 0.0085 | 94.12467635347942
0.0, 6.0, 0.0098 | 94.13057666110407
0.0, 6.0, -0.0008 | 94.1518849729375
0.0, 6.0, 0.0099 | 89.22708748866285
0.0, 6.0, -0.0003 | 94.15184887526803
-1.0, -1.0, 1.0 | -164.7576273535388
-1.0, 0.0, -3.0 | -486.5983330100257
0.0, 1.0, 2.0 | -399.69156145566274
-0.1, 1.0, 0.0 | -0.2707791342683603
-0.1, 1.0, 1.0 | -105.4381585241957
-0.1, 1.0, 2.0 | -410.8873499442536
0.0, 2.0, -1.0 | -100.17032976083735
-2.0, 0.0, -2.0 | -50.540170115766585
0.1, 6.0, 0.3 | 84.77049262401809
0.0, 6.0, 0.31 | 77.57449641782847
0.0, 6.0, 0.33 | 92.12314033119996
0.0, 6.0, 0.34 | 76.88378955016339
0.0, 6.0, 0.32 | 77.86748503301627
0.0, 6.0, 0.36 | 87.20231065227135
0.0, 6.0, 0.37 | 86.5332590180383
0.0, 6.0, 0.38 | 85.47532702987434
0.0, 6.0, 0.39 | 79.88933068897317
0.0, 6.0, 0.41 | 88.97111658005161
0.0, 6.0, 0.42 | 79.13660431142507
0.0, 6.0, 0.43 | 77.91805574147608
0.0, 6.0, 0.44 | 77.5717643820548
0.0, 6.0, 0.46 | 76.71905245027823
0.0, 6.0, 0.47 | 69.66145206655594
0.0, 6.0, 0.48 | 85.08869839638461
0.0, 6.0, 0.49 | 86.34392550620198
0.0, 6.0, 0.57 | 80.61849837046807
0.0, 6.0, 0.58 | 76.79587919390057
0.0, 6.0, 0.59 | 80.77668570869527
0.0, 5.0, 0.16 | 82.38496017987852
0.0, 5.0, -0.9 | -82.42661703278722
0.1, 6.0, 0.1 | 88.89434768845248
0.0, 5.0, 0.18 | 56.77383551635499
0.1, 6.0, 0.12 | 93.68757577493285
0.1, 6.0, 0.09 | 93.92602052093382
0.1, 6.0, 0.0 | 93.96579082361042
0.1, 6.0, 0.02 | 84.0429653256833
0.1, 6.0, 0.03 | 94.0759864079879
0.2, 6.0, 0.1 | 93.84815770771375
0.2, 6.0, 0.15 | 88.72483001437507
0.2, 6.0, 0.2 | 93.18278648579043
0.2, 6.0, 0.18 | 93.39599613618516
0.1, 6.0, 0.07 | 94.01733845722784
0.1, 6.0, -0.01 | -2.717703858775977
0.1, 6.0, 0.08 | 89.0077580247083
0.1, 6.0, 0.06 | 99.03255186080469
0.2, 6.0, 0.06 | 93.85592632093439
0.2, 6.0, 0.07 | 83.96037131596185
-0.1, 6.0, 0.07 | 88.13033828620912
0.2, 6.0, 0.05 | 83.78761632583777
0.0, 6.0, -0.45 | -23.14428454937003
-0.2, 2.0, 0.0 | -1.0745777276593873
0.0, 3.0, 0.5 | 27.429173841258176
0.2, 3.0, 0.1 | -0.31973703194663333
-0.4, 2.5, 0.0 | -3.986333868123277
0.3, 2.7, 0.0 | -3.320403083401964
0.0, 3.5, 0.0 | -0.3404500520338857
0.0, 5.9, 0.2 | 81.32367427904475
0.0, 5.9, 0.3 | 88.09254523228401
0.0, 6.0, -0.8 | -66.42972723944297
0.0, 5.9, 0.4 | 73.75484261795262
0.0, 5.8, 0.0 | 89.21641363876226
0.0, 5.5, 0.6 | 71.75759221447854
0.0, 5.8, 0.5 | 63.93133345104976
0.0, 5.8, 0.2 | 86.30273915901286
0.0, 5.8, 0.1 | 88.50664080746039
0.0, 5.9, 0.0 | 84.22505266696928
0.0, 5.8, 0.3 | 88.08152997428127
0.0, 5.7, 0.0 | 89.2220568278898
0.0, 5.7, 0.1 | 93.43982656271321
0.0, 5.7, 0.2 | 81.42508719641755
0.0, 5.7, 0.3 | 82.96717559580235
0.0, 5.7, 0.4 | 79.53115294606921
0.0, 5.7, 0.5 | 78.6483105288492
0.0, 5.6, 0.1 | 83.46996930985478
0.0, 5.5, 0.2 | 71.22911098356636
0.0, 5.6, 0.0 | 94.2498946082458
0.0, 5.6, 0.2 | 81.29035846042625
0.0, 5.6, 0.3 | 67.6426818478609
0.0, 5.6, 0.4 | 84.12208540472103
0.0, 5.6, 0.5 | 86.78312377382244
0.0, 5.6, -0.05 | -1.8856968032182213
0.0, 5.6, -0.1 | -2.9869561672178975
0.0, 5.7, 0.6 | 75.71927310497995
0.0, 5.5, 0.3 | 88.86370999640559
0.0, 5.6, 0.6 | 66.69727955798047
0.0, 5.6, 0.7 | 77.20090717933702
0.0, 5.7, 0.8 | 74.43869402519745
0.0, 5.6, 0.05 | 98.99608123802486
0.0, 5.6, 0.15 | 87.61414488023735
0.0, 5.6, 0.9 | 74.6062450293492
0.0, 5.7, 0.05 | 89.01833867347267
0.0, 5.5, 0.05 | 84.08004849808687
0.0, 5.6, 0.8 | 76.84175442565844
0.0, 5.6, 0.25 | 84.74917263012294
0.0, 5.6, -0.15 | -4.00679273558426
0.0, 5.6, 0.95 | 69.08254890406467
1.0, 5.6, 0.0 | -63.293063546549845
0.0, 5.6, 0.45 | 54.88819385741143
0.0, 5.6, 1.0 | 48.77958564697083
0.0, 5.6, 0.55 | 72.5698731494449
0.0, 5.6, 0.04 | 79.11018943746141
0.0, 5.8, -0.05 | -2.2103505567139465
0.0, 5.8, -0.1 | -3.2624794203594276
0.0, 5.7, 0.11 | 88.32722617893803
0.0, 5.9, 0.15 | 92.60915609687774
0.0, 5.7, 0.14 | 92.85571821130853
0.0, 5.5, -0.1 | -2.7775441850641616
0.0, 5.8, 0.15 | 87.58019142018023
0.0, 5.8, 0.12 | 93.15519090225341
0.0, 5.8, 0.13 | 88.00087405718185
0.0, 5.8, 0.14 | 77.7457638970615
0.0, 5.7, 0.06 | 79.02455087941216
0.0, 5.7, 0.16 | 87.3916078340132
0.0, 5.8, 0.17 | 87.25451318544711
0.0, 5.8, 0.04 | 89.06372147944637
0.0, 5.8, 0.07 | 88.80674939919376
0.0, 5.9, 0.05 | 88.98463087091584
0.0, 5.7, 0.08 | 83.72242410846465
0.0, 5.7, 0.07 | 88.77848712735667
0.0, 5.8, -0.2 | -6.491247916985408
0.0, 5.8, 0.06 | 88.9813104522381
0.0, 5.8, 0.16 | 92.40701409901973
0.0, 5.9, 0.06 | 88.97183991010729
0.0, 5.8, 0.18 | 91.9931202391031
0.0, 5.8, 0.09 | 78.60594439711723
0.0, 5.8, 0.19 | 86.67151820287508
0.0, 5.8, 0.01 | 89.22229374264126
0.0, 5.8, 0.55 | 74.9029982301922
0.0, 5.8, -0.15 | -3.859653194842467
0.0, 5.8, 0.11 | 63.40623463349681
0.4, 5.8, 0.05 | -6.82158014570833
0.0, 5.8, 0.08 | 98.71083427401058
0.0, 5.8, 0.03 | 84.16259780020104
0.0, 5.9, 0.08 | 88.65470137956865
0.1, 5.8, 0.07 | 64.246913383222
0.1, 5.8, -0.1 | -4.487487983590081
0.0, 5.9, 0.09 | 93.53034429239354
-1.0, 5.8, 0.05 | 60.7605714047383
0.0, 5.9, 0.11 | 88.30536598039488
0.0, 5.9, 0.12 | 78.08118473108587
0.0, 5.9, 0.13 | 72.92929939062797
0.0, 5.9, 0.14 | 87.9333924273791
0.0, 5.9, 0.04 | 89.03564676583983
0.0, 5.9, 0.16 | 87.37775330914891
0.0, 5.9, 0.19 | 81.6287779623146
0.0, 5.9, 0.18 | 87.00684853415417
0.0, 5.9, 0.17 | 82.16906727821126
0.0, 5.9, 0.21 | 85.77892283850045
0.0, 5.9, 0.22 | 90.55398237673943
0.0, 5.9, 0.23 | 85.28241341638842
0.0, 5.9, 0.24 | 85.05591131287883
0.0, 5.9, 0.25 | 84.75693114145595
0.0, 5.9, 0.26 | 85.05737538359763
0.1, 5.9, 0.0 | -2.5017242469499408
0.0, 5.9, 0.27 | 74.39336962769382
0.0, 5.9, 0.28 | 94.09753510563338
0.0, 5.9, 0.29 | 89.06510405524185
0.0, 5.9, 0.31 | 77.17055508812814
0.0, 5.9, 0.32 | 88.14584097689928
0.0, 5.9, 0.33 | 82.11691579501085
0.0, 5.9, 0.34 | 87.11119174621057
0.0, 5.9, 0.35 | 91.43507172964944
0.0, 5.9, 0.36 | 86.5006306945905
0.0, 5.9, 0.37 | 90.84998305414544
0.0, 5.9, 0.38 | 84.79095460980628
0.0, 5.9, 0.39 | 84.4660122206227
0.0, 5.9, 0.41 | 89.46592999288345
0.0, 5.9, 0.42 | 83.58339387077864
0.0, 5.9, 0.43 | 77.54291101740104
0.0, 5.9, 0.44 | 88.9128031398423
0.0, 5.9, 0.45 | 83.07510593697172
0.0, 5.9, 0.46 | 87.62650782549983
0.0, 5.9, 0.47 | 75.51092095488879
0.0, 5.9, 0.48 | 75.66352125474793
0.0, 5.9, 0.49 | 68.42184853630786
0.0, 5.9, 0.9 | 72.29025274227709
-1.0, 5.9, 0.05 | 62.12283284641719
0.1, 5.9, 0.06 | 84.09413778951436
-1.0, 5.9, 0.07 | 77.21894390663496
0.0, 5.9, -0.9 | -82.61990802852038
0.0, 5.0, -0.6 | -37.85216236089933
0.0, 5.0, -0.3 | -10.775560334331098
0.0, 5.0, -0.4 | -17.69982831714729
0.0, 5.0, 0.45 | 70.57695250710006
0.0, 5.0, 0.35 | 80.88184657398062
0.0, 5.0, 0.25 | 79.58040453378334
0.0, 5.0, 0.55 | 68.0610870896596
0.0, 5.5, 0.1 | 73.53583594435085
0.0, 5.5, -0.05 | -2.253578889470218
0.0, 5.5, 0.15 | 92.53401657665208
0.0, 5.5, 0.25 | 84.95219909491824
0.0, 5.5, 0.35 | 81.26841557801825
0.0, 5.5, 0.4 | 79.38672220358475
0.0, 5.9, 0.03 | 84.12959162587012
0.0, 5.7, 0.03 | 94.08595242982442
-0.1, 6.0, 0.03 | 98.6227403272454
-0.1, 6.0, 0.04 | 83.5980371071344
-0.1, 6.0, 0.05 | 98.54044984000949
-0.1, 6.0, 0.06 | 88.24904365554666
-0.1, 6.0, 0.02 | 88.82568956984892
-0.1, 6.0, 0.08 | 82.94330029117009
-0.1, 6.0, 0.09 | 92.70597767085158
-0.1, 6.0, 0.16 | 96.14163313356345
0.2, 6.0, 0.16 | 98.5564106690873
0.3, 6.0, 0.2 | 88.57577325286226
0.2, 6.0, 0.17 | 88.4900541264802
-0.2, 6.0, 0.16 | 79.78420062568951
0.2, 6.0, 0.19 | 83.46445536305714
0.2, 6.0, 0.12 | 98.84002937102306
-0.2, 6.0, 0.13 | 70.48391229919812
0.3, 6.0, 0.12 | 88.5926456598113
0.2, 6.0, 0.13 | 88.86414551490088
0.2, 6.0, 0.14 | 68.98689977618346
0.2, 6.0, 0.11 | 93.87042273682381
0.3, 6.0, 0.16 | 93.6226811642322
0.4, 6.0, 0.12 | -5.070050380900445
0.2, 6.0, 0.0 | -3.9025323673151133
0.3, 6.0, 0.11 | 93.40584167365503
0.2, 6.0, 0.04 | -3.158217990250871
0.3, 6.0, 0.15 | 83.73746557073707
0.3, 6.0, 0.04 | -4.3197049226955455
-0.2, 6.0, 0.02 | 83.04051779662915
-0.1, 6.0, 0.17 | 90.92734110392618
0.2, 6.0, 0.03 | -3.271979357514671
0.2, 6.0, 0.09 | 93.78306648977383
0.3, 6.0, 0.09 | 83.46396558858238
0.3, 6.0, 0.05 | -4.535888025745301
0.2, 6.0, 0.08 | 83.92794272646205
0.2, 6.0, 0.02 | -3.7517593089851125
0.3, 6.0, 0.07 | -3.801359374980295
-0.3, 6.0, 0.03 | 91.85070839837988
0.2, 6.0, 0.31 | 80.77999435756773
0.3, 6.0, 0.06 | -4.102138222886
-0.2, 6.0, 0.07 | 86.97776352527885
0.3, 6.0, 0.08 | -4.216199405743424
-0.2, 6.0, 0.1 | 76.23714951519395
0.3, 6.0, 0.03 | -4.913277098456275
0.2, 6.0, 0.32 | 95.70901388957614
0.2, 6.0, 0.33 | 85.23219743981319
-0.4, 6.0, 0.03 | 90.37288287010259
0.2, 6.0, 0.34 | 89.6478688206154
-0.5, 6.0, 0.03 | 93.71533833596922
-0.6, 6.0, 0.03 | 82.47239946911829
-0.5, 6.0, 0.35 | 74.12805953134558
-0.7, 6.0, 0.03 | 84.90258523742966
-0.5, 6.0, 0.34 | 79.97932339754034
-0.8, 6.0, 0.03 | 68.1745082385099
-0.9, 6.0, 0.03 | 87.24493746649169
-0.4, 6.0, 0.32 | 74.06126327531788
-0.5, 6.0, 0.36 | 79.25651263631549
-0.5, 6.0, 0.37 | 55.40793861477251
-0.5, 6.0, 0.02 | 84.25748426573338
0.2, 6.0, 0.3 | 86.03187446349857
0.2, 6.0, 0.01 | -3.4902779054931488
0.2, 6.0, 0.35 | 94.77913834083483
0.2, 6.0, 0.36 | 84.1450986049585
0.3, 6.0, 0.37 | 90.1824103681242
0.1, 6.0, 0.36 | 87.26553221133283
0.2, 6.0, 0.37 | 78.34075768284771
0.3, 6.0, 0.38 | 84.90984972016022
-0.3, 6.0, 0.35 | 53.95999328307848
0.2, 6.0, -0.02 | -4.3348486494036536
0.4, 6.0, 0.03 | -7.620970195587252
0.2, 6.0, 0.38 | 83.55545612538866
0.2, 6.0, 0.39 | 93.26229659373048
0.2, 6.0, 0.4 | 82.6397022519619
-0.1, 6.0, 0.34 | 79.06912805643647
0.2, 5.5, 0.03 | -2.7372136927450965
-0.2, 6.0, -0.01 | 98.47764942736879
0.2, 6.0, -0.1 | -7.1671579566513035
0.2, 6.0, -0.15 | -9.718806721847054
0.2, 5.9, 0.03 | -3.3252765740854664
-0.2, 6.0, -0.05 | 88.81862312912013
-0.2, 5.5, 0.03 | 88.0101700663753
-0.3, 6.0, -0.05 | 93.1404330556655
-0.4, 6.0, -0.05 | 77.14152808405802
-0.3, 6.0, -0.04 | 93.06569808442313
-0.3, 6.0, 0.01 | 82.30267703093622
-0.3, 5.5, 0.05 | 96.28927097660208
0.2, 6.0, 0.42 | 92.08343390161791
0.2, 6.0, 0.43 | 80.48783075606562
-0.3, 5.5, 0.03 | 71.5394819092556
0.2, 6.0, 0.41 | 77.77704551097598
-0.3, 5.5, 0.06 | 86.20530945728981
0.3, 6.0, 0.02 | -5.695295599501051
0.2, 6.0, 0.44 | 90.78715098382335
0.2, 6.0, 0.45 | 80.85236409336828
0.2, 6.0, 0.46 | 85.44358406090996
0.2, 6.0, 0.47 | 85.09617903551153
-0.3, 5.5, 0.07 | 90.75764602200024
0.2, 6.0, 0.48 | 80.57794005930933
-0.3, 6.0, 0.04 | 91.59876797163577
-0.3, 6.0, 0.05 | 86.5263390246756
0.3, 6.0, 0.49 | 70.35075703804806
-0.2, 6.0, 0.0 | 93.34467595558756
0.3, 5.9, 0.05 | -4.331052931569832
-0.1, 6.0, -0.1 | -2.961906582599113
-0.3, 6.0, 0.02 | 82.03900920967524
-0.3, 6.0, 0.06 | 90.91140699487474
-0.3, 6.0, 0.07 | 80.7426356868198
-0.3, 6.0, -0.1 | 93.7251770695101
0.3, 6.0, -0.45 | -46.355420231204995
-0.3, 6.0, 0.08 | 90.74884774618201
-0.4, 6.0, 0.06 | 79.88105884268762
0.1, 6.0, 0.11 | 98.74816837806641
0.1, 6.0, 0.13 | 88.56949308453432
0.1, 6.0, 0.14 | 83.51216564268353
0.2, 6.0, 0.25 | 77.34279554465009
-0.4, 6.0, 0.02 | 90.77967140271397
-0.5, 6.0, 0.05 | 82.62291458729942
-0.3, 6.0, 0.0 | 72.43332662346882
-0.3, 6.0, 0.09 | 70.15200986475341
-0.5, 6.0, 0.04 | 83.93443086389048
-0.5, 6.0, 0.1 | 81.25234021349858
-0.4, 6.0, -0.1 | 82.94018204843574
-0.3, 6.0, 0.1 | 69.9452653545151
0.1, 6.0, 0.18 | 92.88947170439161
0.1, 6.0, 0.19 | 97.53309463340837
-0.2, 6.0, -0.06 | 83.99975600035097
0.2, 6.0, 0.21 | 88.0503502350918
-0.4, 6.0, 0.11 | 73.23359312924347
0.3, 6.0, 0.0 | -6.322815066469794
0.1, 5.9, -0.02 | -3.148897859406617
0.3, 6.0, 0.14 | 98.5844171570035
0.3, 6.0, 0.13 | 78.70307827524587
-0.5, 6.0, 0.0 | 84.82614860367305
-0.5, 6.0, -0.1 | 81.83512867306861
-0.2, 6.0, -0.02 | 83.69934465470598
-0.2, 6.0, 0.5 | 71.37576091709815
0.3, 6.0, 0.1 | 93.4380376721753
-0.4, 2.4, -0.4 | -3.862295740295483
0.4, 2.4, -0.6 | -85.3800419006701
0.4, 1.4, 0.5 | -10.285586405213968
0.4, 3.4, 0.1 | -2.5214875074184806
0.4, 3.4, -0.9 | -148.6141145188173
0.4, 2.4, 0.5 | 18.885418958062917
0.4, 3.4, -0.5 | -65.34531736578063
0.4, 2.4, 0.6 | 21.78707842825343
0.4, 3.4, 0.6 | 54.07474415136693
0.4, 4.4, 0.6 | 65.90925515734133
0.4, 5.4, 0.6 | 75.57449289533889
0.4, 6.4, 0.6 | 87.96287513362464
0.4, 5.4, 1.6 | -222.64085952888053
0.4, 7.4, 0.6 | 83.40183304762347
0.4, 7.4, 1.6 | -223.17078552424496
0.4, 8.4, 0.6 | 89.7404516637545
0.4, 9.4, 0.6 | 84.56090026931976
0.4, 8.4, 1.6 | -223.91254257056957
0.4, 8.4, -0.4 | -52.001382034444894
0.4, 8.4, -1.4 | -297.58174493435274
0.4, 8.4, -0.9 | -151.03268882912238
0.4, 8.4, 1.1 | 60.984202418934295
0.4, 8.4, -2.4 | -742.3440466701729
0.4, 9.4, 1.1 | 68.79305295105458
0.4, 10.4, 0.6 | 91.09409290736181
0.4, 11.4, 0.6 | 90.590134674947
0.4, 10.4, 1.1 | 72.141548108742
0.4, 11.4, -0.4 | -56.040451780470065
0.4, 10.4, -0.4 | -54.59659661240249
0.4, 10.4, 1.6 | -225.7265291921154
0.4, 11.4, 1.1 | 71.57362301150245
0.4, 11.4, -0.9 | -153.3864652317755
0.4, 12.4, 0.6 | 91.30657128644795
0.4, 13.4, 0.6 | 90.87973435639688
0.4, 14.4, 0.6 | 90.7322723588085
0.4, 15.4, 0.6 | 91.35344331393422
0.4, 16.4, 0.6 | 90.69041216390183
0.4, 5.4, -0.3 | -35.547084011395576
0.4, 17.4, 0.6 | 90.3654981846586
0.4, 13.4, 1.1 | 71.78773462662177
0.4, 18.4, 0.6 | 90.78794258447822
0.4, 19.4, 0.6 | 90.14981005608072
0.4, 20.4, 0.6 | 90.15652372004004
0.4, 21.4, 0.6 | 90.12513900568057
0.4, 21.4, 1.1 | 74.68409021369985
0.4, 22.4, 0.6 | 89.2738365096724
0.4, 23.4, 0.6 | 87.36821124157522
0.4, 20.4, 1.1 | 77.0875743338096
0.4, 24.4, 0.6 | 87.26012705501645
0.4, 2.4, -0.4 | -48.23735125838208
0.4, 8.4, 0.7 | 84.97428471122183
0.4, 14.4, 1.1 | 73.80708772547736
0.4, 10.4, 0.7 | 89.28000215051377
0.4, 6.4, 0.7 | 84.47521996372407
0.4, 12.4, 1.1 | 71.88059770274141
0.4, 12.4, 0.7 | 87.9482810988898
0.4, 6.4, 0.5 | 92.47410377037673
0.4, 7.4, 0.5 | 87.18126231836149
0.4, 5.4, 0.5 | 91.65537435301205
0.4, 6.4, 0.4 | 95.21112952777061
0.4, 7.4, 0.4 | 90.6107334900958
0.4, 6.4, 0.3 | 97.56142906418124
0.4, 6.4, 0.2 | 88.29087304731543
0.4, 6.4, 0.1 | -5.886811749694148
0.4, 6.4, 0.0 | -9.299725245204497
0.4, 6.4, 0.8 | 80.65095118881337
0.4, 6.4, 0.9 | 78.62663150770891
0.4, -5.4, 0.3 | -0.9782061125534922
0.4, 7.4, 0.3 | 92.53612970220418
0.4, 7.4, 0.2 | 97.96172724697603
0.4, 7.4, 0.1 | 97.49444582246633
0.4, 8.4, 0.2 | 97.82296474509772
0.4, 8.4, 0.3 | 97.05978671893179
0.4, 8.4, 0.0 | -12.08082493045271
0.4, 7.4, 0.0 | -10.844674666771928
0.4, 8.4, 0.4 | 95.46511794770527
0.4, 7.4, 0.9 | 79.48641250918101
0.4, 6.4, -0.2 | -24.71098765527099
0.4, 9.4, 0.2 | 97.70702981675822
0.4, 8.4, 0.1 | 97.30052275159755
0.4, 9.4, 0.3 | 92.04865652573122
0.4, 9.4, 0.1 | 97.18513770175934
0.4, 10.4, 0.2 | 97.52673099302305
0.4, 10.4, 0.1 | 97.01498675312845
0.4, 5.4, 0.2 | 73.66187755448442
0.4, 10.4, 0.3 | 96.96197401071538
0.4, 10.4, 0.4 | 95.04263172841954
0.4, 11.4, 0.2 | 96.99259628309721
0.4, 10.4, 0.0 | 95.99961510879625
0.4, 5.4, 0.4 | 90.52763665607881
0.4, 9.4, 0.7 | 86.78294942545054
0.4, 8.4, -0.3 | -38.91875816512236
0.4, 9.4, 0.4 | 95.39824080765787
0.4, 9.4, 0.0 | -14.151661210295533
0.4, 9.4, 0.8 | 87.13358295341267
0.4, 9.4, -0.1 | -21.32162890501973
0.4, 10.4, 0.5 | 93.43932614987177
0.4, 6.4, -0.1 | -16.122755517906874
0.4, 11.4, 0.3 | 96.83336010688691
-0.6, 6.4, 0.2 | 82.23664745605062
-0.6, 6.4, 0.3 | 82.26112887167947
-1.6, 6.4, 0.3 | 59.990398427511835
-0.6, 6.4, 0.4 | 81.38850253547632
-1.6, 6.4, 0.2 | 65.10226584826208
-0.6, 7.4, 0.3 | 86.72971662097893
-0.6, 7.4, 0.2 | 88.2553879726708
-0.6, 8.4, 0.3 | 87.30109592026284
-0.6, 9.4, 0.2 | 90.03712570466075
-0.6, 9.4, 0.3 | 87.04192868784075
-0.6, 10.4, 0.2 | 90.04266901389323
-0.6, 11.4, 0.2 | 90.06301082665041
-0.6, 10.4, 0.3 | 89.41397350321266
-0.6, 6.4, 0.1 | 91.66022676741312
-0.6, 7.4, 0.1 | 79.74693995269364
-0.6, 12.4, 0.2 | 88.84580016761258
-0.6, 13.4, 0.2 | 89.97325592426492
-1.6, 7.4, 0.2 | 69.99357524269864
-1.6, 9.4, 0.2 | 74.04490454843605
-0.6, 6.4, 0.5 | 74.99308040819987
-1.6, 7.4, 0.4 | 59.05379592896295
0.4, 7.4, -0.1 | -17.55491496187186
-1.6, 7.4, 0.5 | 42.04187758028305
-0.6, 6.4, -0.1 | 85.59514781214311
-0.6, 6.4, 0.0 | 83.20012953289346
-0.6, 7.4, 0.0 | 93.7064336232232
-0.6, 6.4, 0.6 | 75.90892847415287
0.4, 7.4, -0.2 | -26.17133849324272
0.4, 4.4, 0.2 | 63.62304360147205
-1.6, 8.4, 0.2 | 71.82412634112255
-0.6, 12.4, 0.3 | 88.70495562000079
-0.6, 7.4, -0.1 | 90.68000929890948
-0.6, 8.4, 0.2 | 77.6150879281424
-0.6, 6.4, -0.2 | 97.1262297513318
-0.6, 6.4, -0.3 | 87.54717323437947
0.4, -0.4, 0.2 | -0.04034878462962136
-0.6, 8.4, -0.2 | 96.85270960612618
0.4, 7.4, -0.4 | -50.808781123745746
-0.6, 8.4, -0.4 | -18.0052236241526
-0.6, 8.4, 0.1 | 75.94251932586063
-0.6, 7.4, -0.2 | 96.93519546783497
-0.6, 7.4, -0.3 | 97.44999199867041
-0.6, 7.4, -0.4 | -14.621673405988412
-0.6, 7.4, -0.5 | -15.202481466788603
0.4, 8.4, -0.1 | -18.78402399049654
-0.6, 8.4, -0.3 | 92.44517731192474
0.4, -3.4, 0.2 | -0.02049021127322307
-0.6, 6.4, -0.4 | -10.396441991830928
-0.6, 7.4, 0.4 | 83.57803439035713
-1.6, 6.4, -0.2 | 78.10810230922598
-0.6, 7.4, -0.6 | -20.94477782946067
-0.6, 7.4, -0.7 | -24.754981120521474
0.4, 8.4, -0.2 | -27.279543612856695
-0.6, 8.4, -0.1 | 95.71667060181521
-0.6, 8.5, -0.2 | 97.03898157268442
-0.6, 8.5, -0.1 | 95.75811230794639
-0.6, 9.5, -0.2 | 97.1035189300763
0.4, 10.5, 0.3 | 96.9770759225367
-0.6, 6.5, -0.2 | 92.20240234065685
-0.6, 8.5, -0.3 | 97.43734149942013
-0.6, 8.5, -0.4 | 97.08972189120773
-0.6, 9.5, -0.1 | 95.81841371870634
-0.6, 8.5, -0.5 | -19.149653673192958
0.4, 8.5, -0.1 | -19.706000427566817
0.0, 5.7, 0.12 | 83.07141974990584
0.0, 5.9, 0.01 | 89.1394245553066
0.0, 5.9, 0.98 | 65.6155693692739
0.0, 5.0, 0.04 | 69.26102091206405
0.0, 6.0, -0.0 | 99.10517197758664
0.0, 5.9, -0.1 | -3.5868852333742316
-0.3, 3.9, -0.1 | -1.482307087249612
-0.3, 3.9, 1.0 | -96.32272405417514
-0.3, 4.9, -0.1 | 78.85746436651576
-0.3, 4.9, 0.9 | 60.287908282249646
-0.3, 3.9, 0.9 | 47.33183880871432
-0.3, 4.9, 0.0 | 82.41351867613729
-0.3, 5.9, -0.1 | 68.84905604269447
-0.3, 5.0, -0.1 | 83.72889470509935
-0.3, 5.0, 0.0 | 77.36772280782546
-0.3, 5.0, 1.0 | -65.35275451293342
-0.3, 5.1, -0.1 | 78.79128677615041
-0.3, 4.9, 0.1 | 64.48743687000517
-0.3, 5.1, 0.0 | 92.36756929950306
-0.3, 5.2, 0.0 | 87.44052606684697
-0.3, 5.3, 0.0 | 77.42637765471396
-0.3, 5.4, 0.0 | 72.44390678267465
-0.3, 5.2, -0.1 | 88.76971967318266
-0.3, 5.3, -0.1 | 83.83257513831896
-0.3, 5.2, -0.2 | -2.941306186362421
-0.3, 5.1, -0.2 | -2.888534645644137
-0.2, 5.1, 0.0 | 73.53662630867959
-0.2, 5.2, 0.0 | 78.44415245752629
-0.2, 5.3, 0.0 | 83.41223975391357
-0.2, 5.4, 0.0 | 63.42214226808979
-0.2, 5.3, -0.1 | 79.11830800496391
-0.2, 5.1, 0.1 | 81.38132389201257
-0.2, 5.2, 0.1 | 86.32555194352632
-0.1, 5.3, 0.0 | 79.17657586350649
-0.1, 5.2, 0.0 | 84.09001555380503
-0.2, 5.5, 0.0 | 73.51950357153275
-0.1, 5.2, 0.1 | 72.53052667115541
-0.1, 5.2, -0.1 | -1.9305597791274682
-0.1, 5.1, 0.1 | 92.5240995398296
-0.1, 5.1, 0.0 | 84.09299502897595
0.0, 5.1, 0.0 | 89.35379936361949
0.0, 5.1, -0.1 | -2.615769660907474
0.0, 5.1, 1.0 | 57.260546595290734
-0.1, 5.1, -0.1 | -2.1032695736442233
0.1, 5.1, 0.1 | 64.16128461581727
0.0, 5.2, 0.1 | 53.60870402193721
0.1, 5.0, 0.2 | 62.5278878440954
0.1, 5.1, 0.0 | -1.590379460141672
0.0, 5.2, 0.2 | 61.41354697332828
0.1, 5.1, 0.3 | 89.74711055228416
0.0, 5.1, 0.3 | 72.0866555486389
0.0, 5.1, 0.4 | 73.77010291547
0.1, 5.1, 0.4 | 64.56918590512069
0.0, 5.1, 0.5 | 69.176899518136
0.0, 5.1, -0.2 | -5.48622705148278
0.0, 5.1, 0.6 | 75.82571236261683
0.1, 5.2, 0.0 | -1.9962770913787804
0.0, 5.1, 0.7 | 74.80161936032049
0.1, 5.1, -0.2 | -8.094191911218026
0.0, 5.2, 0.0 | 84.29104600184196
0.1, 5.2, 0.1 | 84.0072293732718
0.1, 5.2, 0.2 | 82.45683027837573
0.0, 5.3, 0.0 | 94.30071595679026
0.0, 5.4, 0.0 | 89.26473355441605
0.0, 5.3, -0.1 | -2.5791598034484915
0.0, 5.3, 0.1 | 88.46818791352374
0.0, 5.3, 0.2 | 91.31996951364412
0.1, 5.3, 0.0 | -1.745446897726389
0.0, 5.3, 0.3 | 73.17434224828318
0.0, 5.3, 0.4 | 61.45593031236284
0.0, 5.3, 0.5 | 67.7083129770211
0.0, 5.3, -0.2 | -5.84875657148791
0.1, 5.4, 0.0 | -2.21513705645262
0.0, 5.3, 0.6 | 74.15045276541926
0.0, 5.3, 0.7 | 76.6845755574399
0.1, 5.3, 0.1 | 83.98494931293126
0.0, 5.3, 0.8 | 75.93210616011424
0.0, 5.3, 0.9 | 72.56824958071418
0.1, 5.5, 0.0 | -2.1563308705115856
0.0, 5.4, -0.1 | -2.6128094753758724
0.0, 5.3, 1.0 | 47.94166512585498
0.1, 5.3, 0.2 | 77.56643071085419
0.0, 5.3, -0.05 | -1.5061691603039165
0.0, 5.3, 0.95 | 66.42055947679694
0.0, 5.4, 0.1 | 83.41876046785367
0.0, 5.4, 0.2 | 81.31604526140718
0.0, 5.3, 0.15 | 92.73763476531124
0.0, 5.3, 0.25 | 89.7834830537048
0.0, 5.3, 0.35 | 91.02132001814621
0.0, 5.3, 0.45 | 81.2883922175603
0.0, 5.3, 0.05 | 89.06859704855546
0.0, 5.3, 0.55 | 77.81962206258581
0.0, 5.3, 0.65 | 78.8072441119011
0.0, 5.3, 0.75 | 76.623257207767
-1.0, 5.5, 0.2 | 69.01484880601367
-1.0, 5.3, 0.0 | 80.04608175838305
-1.0, 5.4, 0.05 | 77.77684128910164
0.0, 5.4, 0.15 | 87.70783644247926
0.0, 5.4, 0.05 | 84.10256258281171
-1.0, 5.6, 0.05 | 61.33684114771197
0.1, 5.5, 0.05 | 89.21238978056353
-1.0, 5.5, 0.1 | 75.8697989171274
-1.0, 5.3, 0.1 | 66.15512189277686
0.0, 5.4, 0.3 | 88.28465752393795
0.0, 5.4, 0.4 | 78.26311566488388
0.0, 5.4, 0.25 | 84.7427434165818
0.0, 5.4, 0.35 | 70.09638763426584
0.0, 5.3, 0.06 | 74.12104055060851
0.0, 5.3, 0.07 | 83.91024921241967
-1.0, 5.3, 0.05 | 66.33104481197941
0.0, 5.3, 0.08 | 78.79338152922902
0.0, 5.4, 0.55 | 56.65032168625042
-1.0, 5.5, 0.15 | 77.99490803666373
0.0, 5.3, 0.09 | 93.60415234253412
0.0, 5.4, 0.075 | 63.877121648428705
1.0, 5.0, 0.05 | -54.204817788572086
0.0, 5.4, 0.06 | 98.91446657875687
0.0, 5.5, 0.06 | 83.97782523212904
0.0, 5.4, 0.07 | 88.85966071431145
0.0, 5.4, 0.14 | 77.8584013848647
0.0, 5.5, 0.07 | 83.90546722605275
0.0, 5.4, 0.16 | 87.365402336262
0.0, 5.4, 0.08 | 83.8092374881139
0.0, 5.4, 0.09 | 88.62960954836537
0.0, 5.4, 0.065 | 83.89347413184035
0.0, 5.4, 0.04 | 84.14378607298079
0.0, 5.5, 0.065 | 78.96626847169253
0.0, 5.5, 0.075 | 93.84727540381536
0.0, 5.5, 0.08 | 88.79081515008622
0.0, 5.4, 0.11 | 83.42980367525999
0.0, 5.4, 0.035 | 84.13095213018251
-0.1, 5.6, 0.05 | 73.50662576906778
0.0, 5.5, 0.085 | 83.72057203268663
0.0, 5.5, 0.12 | 83.15085324016148
0.1, 5.6, 0.05 | 89.14364741441135
-0.1, 5.5, 0.05 | 93.47494509594695
0.1, 5.7, 0.05 | 94.02393283941538
0.1, 5.7, 0.0 | -2.4176587529969757
0.0, 5.6, 0.06 | 84.00773262911666
0.0, 5.6, 0.07 | 88.84875625750358
0.0, 5.7, 0.09 | 83.62558797314665
0.0, 5.6, 0.08 | 88.80906702062254
0.0, 5.7, 0.065 | 93.81907072741595
-1.0, 5.5, 0.05 | 62.56814060517937
0.0, 5.7, 0.04 | 79.15059189225215
0.0, 5.7, 0.02 | 89.1767338404914
0.0, 5.8, 0.02 | 99.14821653665607
-1.0, 5.8, 0.02 | 83.84661987889066
0.0, 5.8, 0.22 | 80.97258902315481
-0.1, 5.8, 0.0 | 94.00191318208394
0.0, 6.0, -0.66 | -46.55086639782369
-1.0, -2.0, -0.5 | -0.08310798785677624
-1.0, -3.0, -0.5 | -0.07859328456152756
-1.0, -2.0, 0.5 | -71.43342513244939
-1.0, -4.0, -0.5 | -0.06792703146613949
-1.0, -5.0, -0.5 | -0.061815442088785165
-1.0, -6.0, -0.5 | -0.06552696842094403
-1.0, -6.0, 0.5 | -71.39279920579783
-1.0, -5.0, -1.5 | -65.08684842999973
-1.0, -4.0, 0.5 | -71.421337472206
-1.0, -4.0, -1.5 | -65.10374248700197
-1.0, -3.0, -1.5 | -65.1222343638528
-1.0, -5.0, -0.3 | -3.4937651461599195
-1.0, -5.0, -0.4 | -1.0792145378072564
-1.0, -5.0, 0.4 | -58.36498712718046
-1.0, -5.0, -0.6 | -0.4335180655994983
-1.0, -5.0, -0.7 | -2.199141419429207
-1.0, -6.0, -0.6 | -0.42490136168620396
-1.0, -6.0, 1.4 | -283.1836005561639
-1.0, -4.0, -0.6 | -0.4480393341982956
-1.0, -5.0, -0.8 | -5.36468570943148
-1.0, -6.0, -0.7 | -2.1848949412387104
-1.0, -2.0, -0.6 | -0.46429691685161273
-1.0, -5.0, -0.9 | -9.878418982245156
-1.0, -5.0, 0.0 | -18.95476703488799
-1.0, -5.0, -1.0 | -15.748340956217717
-1.0, -6.0, -0.4 | -1.0870448416137695
-1.0, -6.0, -1.0 | -15.73657356184268
-2.0, -5.0, -0.5 | -15.38576444904508
-1.0, -6.0, 1.0 | -166.06978485224585
-1.0, -6.0, -0.3 | -3.4826967922406995
-1.0, -5.0, -0.2 | -7.267715365619888
-1.0, -5.0, -0.1 | -12.440395455450773
-1.0, -5.0, -0.05 | -15.523255938695408
-1.0, -6.0, -0.2 | -7.2774147481921645
-1.0, -6.0, -0.1 | -12.436648017897753
-1.0, -6.0, -0.05 | -15.526800403983183
-1.0, -5.0, 0.1 | -26.850426491000615
-1.0, -4.0, -0.4 | -1.0890224270886777
-1.0, -6.0, -0.8 | -5.31398378275604
-1.0, -4.0, -0.3 | -3.4969719713123473
-1.0, -7.0, -0.5 | -0.05813519089028154
-1.0, -5.0, -2.0 | -153.21656349405453
-1.0, -7.0, -0.4 | -1.0719626425463833
-1.0, -7.0, -0.6 | -0.431319394868421
-1.0, -7.0, -0.7 | -2.1905486003938672
-1.0, -7.0, -0.8 | -5.320471764652985
-1.0, -3.0, 0.5 | -71.45898023796417
-1.0, -7.0, -0.9 | -9.849511772232358
-1.0, -7.0, -0.3 | -3.4829839230476294
-1.0, -8.0, -0.5 | -0.05890661811788411
-1.0, -9.0, -0.5 | -0.06961361333679776
-1.0, -10.0, -0.5 | -0.05999056703774904
-2.0, -8.0, 0.0 | -54.95132123436757
-1.0, -3.0, -0.6 | -0.463280891426498
-1.0, -7.0, -0.2 | -7.2639856185533045
-1.0, -7.0, -0.1 | -12.42396047486557
-1.0, -8.0, -0.4 | -1.08388021922605
-1.0, -8.0, -0.6 | -0.432837583342378
-1.0, -8.0, -0.7 | -2.1736780110183895
-1.0, -9.0, -0.4 | -1.0752505879170537
-1.0, -9.0, -0.6 | -0.4278290427796529
-1.0, -9.0, -0.7 | -2.1792532735479004
-1.0, -9.0, -0.8 | -5.315840324390017
-1.0, -10.0, -0.6 | -0.42556130124702995
-1.0, -10.0, -0.7 | -2.1892904106268625
-1.0, -3.0, -0.4 | -1.1061393593812494
-1.0, -5.0, -0.95 | -12.650764468148203
-1.0, -5.0, -0.45 | -0.40369263015016255
-1.0, -4.0, -0.2 | -7.273625351307446
-1.0, -6.0, -0.03 | -16.86312835795564
-1.0, -7.0, -1.0 | -15.72768825138563
-1.0, -7.0, 0.0 | -18.94842389973564
-1.0, -8.0, 0.0 | -18.945583260503646
-1.0, -9.0, -0.1 | -12.413188922234248
-1.0, -11.0, -0.5 | -0.05700189402337056
-1.0, -3.0, 0.1 | -26.858362383013265
-1.0, -10.0, -0.4 | -1.087107462507775
-1.0, -11.0, -0.6 | -0.4383737417121993
-1.0, -11.0, -0.7 | -2.175965719759656
-1.0, -11.0, -0.9 | -9.82231664517002
-1.0, -11.0, -0.3 | -3.4820202902799435
-1.0, -12.0, -0.5 | -0.06422372977992982
-1.0, -10.0, -0.3 | -3.480000122634479
-1.0, -12.0, -0.6 | -0.4287219398130471
-1.0, -13.0, -0.5 | -0.06315581483594883
-1.0, -4.0, -0.05 | -15.545815815366765
-1.0, -13.0, -0.4 | -1.0874592761003294
-1.0, -5.0, -0.35 | -2.127296039481285
-1.0, -5.0, -0.15 | -9.687615734817623
-1.0, -14.0, -0.5 | -0.0571944751860252
-1.0, -15.0, -0.5 | -0.05528297114380036
-1.0, -16.0, -0.5 | -0.06499334783856142
-1.0, -17.0, -0.5 | -0.06090062411013677
-1.0, -18.0, -0.5 | -0.05659977853620849
-1.0, -6.0, -1.5 | -65.08015566177042
-1.0, -19.0, -0.5 | -0.05709613234245488
-1.0, -1.0, -0.5 | -0.1121336640096247
-1.0, -19.0, -0.6 | -0.42651735902636007
-1.0, -20.0, -0.5 | -0.0576287205364607
0.0, -4.0, -0.5 | -24.93946596212112
-1.0, -4.0, -0.65 | -1.165191619749336
-1.0, -4.0, -0.35 | -2.127243013505461
-1.0, -4.0, -0.25 | -5.214566824884353
-1.0, -18.0, -0.6 | -0.42508434828828234
-1.0, -19.0, -0.7 | -2.1621306539554626
-1.0, -20.0, -0.6 | -0.4245767789482275
-1.0, -5.0, -0.55 | -0.08385984140737189
-1.0, -5.0, -0.02 | -17.549472199833467
-1.0, -5.0, -0.56 | -0.132681864296846
-1.0, -6.0, 0.1 | -26.83730669469736
-1.0, -5.0, -0.57 | -0.1856919918075985
-1.0, -6.0, -0.58 | -0.24051893095464255
-1.0, -5.0, -0.59 | -0.34529936246080206
-1.0, -4.0, -0.7 | -2.197696721440782
-1.0, -6.0, -0.53 | -0.04392681174461942
-1.0, -5.0, -0.52 | -0.038438228095701646
-1.0, -5.0, 0.2 | -36.046272503270906
-1.0, -2.0, -0.7 | -2.2443327911396067
-1.0, -6.0, -0.72 | -2.7330732318533735
-1.0, -5.0, -0.54 | -0.045333128138773826
-1.0, -5.8, -0.5 | -0.06003342483458886
-1.0, -6.0, -0.54 | -0.034013600258448566
-1.0, -6.0, -0.55 | -0.0752654488951732
-1.0, -6.0, -0.56 | -0.12149325835497646
-1.0, -5.8, -0.04 | -16.18873044763252
-1.0, -4.0, -0.56 | -0.13090331527169516
-1.0, -5.0, -0.53 | -0.04064062009962008
-1.0, -5.0, -0.51 | -0.03722698453467853
-1.0, -5.9, -0.5 | -0.06321430905162237
-1.0, -5.9, -0.6 | -0.4323141040528209
-1.0, -5.9, -0.53 | -0.033793760977219936
-1.0, -5.7, -0.5 | -0.056294390560762034
-1.0, -5.7, -0.6 | -0.4252827438341981
-1.0, -5.5, -0.5 | -0.0691369384328077
-1.0, -5.6, -0.55 | -0.07723546359215137
-1.0, -5.9, -0.52 | -0.023682576684525437
-1.2, -5.9, -0.52 | -0.7877685535998709
-1.2, -5.8, -0.5 | -1.094831061188496
-1.2, -5.8, -0.52 | -0.803504892666101
-1.0, -5.9, -0.51 | -0.037075656909548865
-1.0, -5.7, -0.52 | -0.02724714620962799
-1.0, -5.8, -0.52 | -0.030894988711233563
-1.0, -5.8, -0.51 | -0.04057420765904952
-1.0, 1.0, -0.5 | -0.3548600133721508
-1.0, -5.9, -0.03 | -16.851713265640107
-1.0, 0.0, -0.5 | -0.20795497014140513
-1.0, -5.9, -0.54 | -0.04485198259672398
-1.0, -5.9, -0.55 | -0.08373581800539998
-1.0, -5.9, -0.56 | -0.11465568700164448
-1.0, -5.9, -0.57 | -0.1680914279116882
-1.0, -5.9, -0.58 | -0.254325383266628
-1.0, -5.9, -0.59 | -0.34803289566968987
-1.0, -5.8, -0.53 | -0.02650016267476557
-2.0, -5.9, -0.52 | -14.253506869761598
-1.2, -5.9, -0.53 | -0.662807171456454
0.0, -5.9, -0.52 | -26.961865955647085
-1.2, -6.0, -0.52 | -0.7886138657806758
-0.5, -5.0, -0.5 | -4.688314682674761
-1.0, -5.7, -0.51 | -0.04327080855948985
-1.0, -5.9, -0.48 | -0.15609718927265165
-1.0, -5.9, -0.49 | -0.10402474310569805
-1.1, -5.8, -0.52 | -0.24585224704805148
-1.0, -5.9, -0.62 | -0.6839607963497174
-1.0, -5.8, -0.54 | -0.04656312684084215
-1.0, -5.7, -0.53 | -0.029275829520413958
-1.0, -5.9, -0.47 | -0.22105747195969921
-1.0, -5.9, -0.46 | -0.3017409141017978
-1.0, -5.9, -0.45 | -0.3949718622160555
-1.0, -5.9, -0.44 | -0.5009028289151608
-1.0, -5.9, -0.43 | -0.6312312625803441
-1.0, -5.9, 0.6 | -85.73030281903506
-1.0, -5.8, -0.4 | -1.0800650070406612
-2.0, -5.8, -0.5 | -15.312135367522824
-1.0, -5.6, -0.53 | -0.03313062151917762
-1.0, -5.9, -6.0 | -2716.6454044439815
-1.2, -5.7, -0.51 | -0.9414357563664449
-1.0, -5.8, -0.6 | -0.42750965926500023
-1.2, -5.8, -0.51 | -0.942142234771541
-1.2, -5.8, -0.53 | -0.6664261203837611
-1.0, -5.7, -0.54 | -0.04543643195594001
-2.0, -5.9, -0.53 | -13.727724597298163
-1.0, -5.9, -0.61 | -0.5472870331127057
-1.1, -5.8, -0.53 | -0.18055939201918808
-1.2, -5.7, -0.53 | -0.6537857973560268
-1.0, -5.7, -0.49 | -0.11018267490343162
-1.1, -5.9, -0.52 | -0.2507426043200506
-1.0, -5.0, -0.47 | -0.22065770932599588
-2.0, -5.0, -0.54 | -13.196066859551374
-1.3, -5.8, -0.51 | -1.8708164774629215
-1.0, -5.0, 0.5 | -71.42641120039343
-2.0, -6.0, -0.6 | -10.269510100019854
-1.0, -5.6, -0.52 | -0.032124860689634445
-1.2, -5.8, -0.54 | -0.54195691640635
0.0, -5.5, -0.5 | -24.932558161841094
-1.0, -5.8, -0.48 | -0.15401668302904145
-1.2, -5.9, -0.5 | -1.1041692810830144
-1.4, -5.9, -0.53 | -2.53031721291888
-1.5, -5.5, -0.5 | -4.860433111164977
-1.0, -5.9, -0.04 | -16.177725883849593
-2.0, -5.0, -0.52 | -14.182446141600078
-5.0, -5.9, -0.5 | -133.8752434991875
-1.4, -5.7, -0.51 | -3.0704720948531685
-1.0, -5.8, -0.49 | -0.09434960929149946
-1.1, -5.9, -0.51 | -0.3238568419300966
-1.0, -5.6, -0.5 | -0.062332307910341854
-2.0, -5.8, -0.53 | -13.742513822282444
-1.0, -6.0, -0.52 | -0.03435429282470041
-1.4, -5.9, -0.51 | -3.07438190455221
-1.5, -5.9, -0.52 | -4.212376777226061
-1.0, -5.5, -0.51 | -0.03563915678542125
1.0, -5.0, -0.5 | -168.17804049480094
-1.2, -5.7, -0.5 | -1.1009448807285644
-1.1, -5.9, -0.53 | -0.17659465292381485
-1.1, -5.8, -0.54 | -0.12371272717879181
-1.2, -5.9, -0.48 | -1.4684813817956193
-1.1, -6.0, -0.52 | -0.2366717953177188
-1.1, -6.0, -0.51 | -0.3237125176499
-1.1, -6.0, -0.53 | -0.17476864445159823
-1.1, -6.0, -0.54 | -0.11904500816370964
-1.2, -5.6, -0.53 | -0.6672985024075966
-2.5, -5.9, -0.5 | -29.025848987920646
-1.0, -5.9, -0.511 | -0.04481877998883142
-1.0, -5.7, -0.55 | -0.07967368900114907
-1.0, -5.4, -0.5 | -0.06545398388778971
1.0, -5.9, -0.52 | -176.7125928245927
-2.0, -5.9, -0.4 | -21.35614045179377
-1.1, -5.8, -0.51 | -0.3297669027873381
-1.0, -5.9, -0.01 | -18.251589509847328
-1.3, -5.9, -0.52 | -1.6571926981956504
-1.1, -5.9, -0.54 | -0.12239250137464952
-1.1, -5.8, -0.5 | -0.4192638386634783
-1.3, -5.8, -0.55 | -1.1224353020530222
-1.3, -5.7, -0.52 | -1.6787359926192131
-1.0, -5.6, -0.54 | -0.04382802504853721
-1.1, -5.7, -0.52 | -0.24100759890573903
-1.1, -5.7, -0.51 | -0.322284891571641
-1.1, -5.6, -0.53 | -0.1746239004109687
-1.0, -5.5, -0.52 | -0.04216937707752186
-0.9, -5.9, -0.52 | -0.1970707898659059
-4.0, 1.0, 1.0 | -488.3726200136254
-4.0, 1.0, -3.0 | -62.82869253670975
-4.0, 1.0, -4.0 | -191.99413991918607
-4.0, 1.0, -5.0 | -421.89725374936677
-4.0, 1.0, -6.0 | -853.4633587480915
-4.0, 1.0, -2.0 | -6.53362531345128
-4.0, 2.0, -2.0 | -16.330606656476213
-4.0, 2.0, 1.0 | -485.5567228065879
-4.0, 1.0, -1.0 | -55.66344180099653
-4.0, 1.0, 2.0 | -1013.3316403044633
-3.0, 1.0, 0.0 | -120.5898556883242
-3.0, 1.0, 1.0 | -359.52550423713734
-3.0, 1.0, -3.0 | -112.92345410398275
-4.0, 1.0, 3.0 | -1728.860632910931
-3.0, 1.0, -4.0 | -312.35396863791215
-3.0, 2.0, -1.0 | -31.764012208994718
-3.0, 1.0, -2.0 | -14.972011241177379
-3.0, 0.0, -1.0 | -14.557776740184753
-3.5, 1.5, -1.5 | -10.80539291285995
-3.5, 1.5, -0.5 | -93.95906916464892
-3.0, 0.5, -0.5 | -53.243615136564735
-3.0, 1.5, -1.0 | -21.883019043813924
-3.0, 0.5, -2.0 | -14.655127699731619
-2.0, 1.0, -2.0 | -59.11250156979471
-3.0, -1.0, -1.0 | -13.722712779786827
-2.0, 1.0, -3.0 | -221.6534049056123
-3.5, 0.5, -0.5 | -78.1812668928724
-2.0, -0.5, 0.0 | -56.721091105233185
-3.5, -0.5, -1.0 | -26.591236725390832
-2.0, -0.5, -2.0 | -49.09788594277278
-4.0, 0.5, -1.0 | -59.83324079482621
-2.0, -0.5, -0.5 | -15.961297103644885
-2.0, -0.5, -1.5 | -12.122894198360814
-3.0, 1.5, -1.5 | -6.684510781438253
-2.0, -1.0, -2.5 | -115.66811279915878
-2.0, -0.5, 0.5 | -129.73967003866957
-2.0, -1.0, -3.5 | -380.54737583040406
-2.0, -1.0, -3.0 | -221.85393202835272
-2.0, -0.5, -3.0 | -221.32056707388324
-3.0, 1.5, -2.5 | -69.80208250240138
-2.0, 0.0, -1.5 | -12.812005189540878
-3.0, 0.5, -1.5 | -2.6477648745257616
-2.0, -1.0, -1.5 | -11.466640434925916
-1.0, 0.5, -1.0 | -16.5168519942062
-3.0, 1.5, -0.8 | -30.3977084531381
-2.0, -1.0, 0.3 | -94.90453385057201
-3.0, 1.5, 0.0 | -125.50923224970101
-3.0, 1.5, 0.5 | -212.889362167844
-3.5, 1.5, 0.5 | -258.91786455115425
-3.5, -1.5, -1.5 | -4.987976479487095
-3.5, -1.5, -0.5 | -65.52627976709742
-3.5, -1.5, 0.0 | -141.84891209192162
-3.5, -1.5, -2.5 | -17.436577301070457
-3.5, -1.5, -3.5 | -119.56722313649422
-2.0, 2.0, -2.5 | -123.9001936313103
-2.0, -2.0, -0.5 | -15.496816748955036
-3.5, 1.5, -2.0 | -15.530675848861899
-2.0, -2.0, -0.3 | -28.7183689277979
-3.0, -1.0, -2.0 | -10.645808018805647
-3.0, -2.0, -0.5 | -45.74043031562551
-3.5, -1.0, -1.0 | -26.23168764455528
-3.5, 2.5, -1.0 | -60.74956748486392
-3.5, -2.0, -1.5 | -4.310719460360426
-3.5, -2.0, -2.5 | -18.932683465039805
-3.5, -2.0, -1.0 | -25.867005142118224
-4.0, -2.0, -0.5 | -89.14394237730735
-2.0, -2.0, -0.8 | -3.3984090262963624
-3.5, -2.0, -0.8 | -38.5367807011447
-3.5, -2.0, 0.0 | -144.34565778338998
-4.0, -1.5, -1.0 | -40.05487440513336
-3.5, -2.0, -0.2 | -103.0682891381471
-2.0, -2.0, -0.9 | -1.3507186884479148
-4.5, -2.0, -1.5 | -22.299322348936297
-2.0, -2.0, -0.7 | -6.441015759437327
-2.0, -2.0, -0.6 | -10.537236040917715
-3.5, -2.5, -1.0 | -25.062439753702883
-3.5, -2.5, -2.5 | -17.35844811981588
-3.5, -1.0, -1.5 | -4.991464380397962
-2.5, -3.0, -1.5 | -2.0461170647115714
-2.0, -3.0, -0.3 | -28.488455089159874
-2.0, -3.0, 0.7 | -172.68792335036855
-2.0, -4.0, -0.5 | -15.466798801169052
-2.0, -5.0, -2.5 | -110.40241192263701
-2.0, -5.0, -1.5 | -10.642917392253448
-2.0, -5.0, 1.0 | -252.75418189106176
-2.0, -5.0, -0.3 | -28.303098462737218
-3.0, -4.0, -1.0 | -12.954258914603079
-3.5, -4.0, -1.0 | -24.502107427858903
-3.5, -5.0, -1.0 | -24.335113933578842
-2.0, -6.0, -2.0 | -45.98326231381337
-3.5, -2.5, -2.0 | -1.5396773442148235
-2.0, -6.0, -0.4 | -21.297332073012544
-2.0, -5.0, -1.1 | -0.3049444032260934
-2.0, -7.0, 0.0 | -54.991903454851595
-2.0, -7.0, -2.0 | -45.81991669753868
-2.0, -2.0, -0.2 | -36.72478135623946
-2.0, -2.0, -1.7 | -22.54990656636287
-2.0, -3.0, -0.9 | -1.3126738832199358
-1.0, -1.5, -1.0 | -15.967370476999886
-2.0, -1.9, -1.0 | -0.37093527247058655
-2.0, -3.0, 1.0 | -251.32311068922883
-3.5, -2.5, -1.5 | -4.310448966168655
-3.5, -3.5, -1.0 | -24.31692635449622
-3.5, -2.5, -0.5 | -64.03562239462222
-2.0, -6.0, -0.8 | -3.1979438457666687
-1.0, -10.0, -1.0 | -15.687734889940662
-2.0, -4.0, -0.7 | -6.259700492946162
-2.0, -4.0, -1.2 | -1.3379180750823059
-2.0, -4.0, -0.3 | -28.396134892234283
-2.5, -5.0, -1.0 | -4.367485374891276
-2.0, -5.0, -1.2 | -1.3718900582806597
-2.0, -4.0, -1.3 | -3.5044717115024646
-4.0, -3.0, -1.0 | -38.43704669078697
-2.0, -5.0, -0.9 | -1.2127027780716342
-2.5, -5.0, -1.2 | -0.640942547499571
-2.5, -5.0, 0.0 | -75.27524939625535
-1.5, -5.0, -1.1 | -5.9315976129960895
-2.5, -5.0, -1.1 | -2.07001180010637
-2.5, -5.0, -0.9 | -7.5990662121947805
-2.5, -5.0, -0.8 | -11.63152609407911
-2.0, -5.0, -1.4 | -6.5854409787065915
-2.0, -3.0, -0.1 | -45.46798617680404
-2.0, -4.0, -1.1 | -0.293442292643355
-2.5, -5.0, -1.3 | -0.14873370668963246
-2.5, -5.5, -1.5 | -1.7910432419952182
-2.5, -6.0, -1.3 | -0.1583402528604185
-2.5, -6.0, -1.0 | -4.409789098308016
-2.5, -6.0, -0.9 | -7.571135439945136
-3.5, -3.0, -1.0 | -24.7786926332793
-2.5, -5.0, -1.4 | -0.6945163097814632
-3.0, -1.5, -1.0 | -14.184981368374077
-2.5, -5.5, -1.1 | -2.0847961207899557
-2.5, -5.5, 0.0 | -75.06614076116105
-2.5, -6.0, -0.5 | -29.08972133869679
-2.5, -5.5, -0.9 | -7.561058316059393
-3.5, -5.5, -1.5 | -4.043863681928678
-2.5, -5.5, -1.6 | -3.96092013643939
-2.5, -6.5, -1.5 | -1.7900377737804063
-2.5, -6.5, -1.6 | -3.8820917022252686
-2.5, -5.5, -1.4 | -0.5173338137510572
-2.5, -6.5, -1.7 | -7.018015487791571
-3.0, -6.5, -1.5 | -0.39582364533099107
-2.5, -7.5, -1.5 | -1.7691844278344953
-2.5, -7.5, -0.5 | -28.973276061407
-2.5, -5.5, 1.5 | -490.25700874641615
-2.5, -7.5, -2.5 | -62.14996712130261
-2.5, -6.5, -1.0 | -4.402304661831165
-3.5, -4.5, -1.0 | -24.331397729481857
-2.5, -5.0, 0.5 | -164.60557951825461
-3.5, -5.5, -2.5 | -16.25814286288401
-2.5, -6.5, -1.4 | -0.6026527687276393
-2.5, -6.5, -1.3 | -0.0902680783082058
-2.5, -6.5, -1.2 | -0.6385362655336657
-2.5, -6.5, -1.1 | -2.0356933457914885
-3.5, -6.5, -1.0 | -24.041223200485337
-2.5, -6.5, -1.9 | -15.780081667985385
-2.5, -6.5, 0.0 | -74.59878935144631
-2.5, -6.5, -0.9 | -7.530612732434162
-2.5, -6.5, -0.8 | -11.53999394156892
-2.5, -7.0, -1.0 | -4.315187533858036
-2.5, -6.7, -1.3 | -0.10327488156362122
-2.5, -7.5, -1.0 | -4.367779587447857
-2.5, -6.6, -1.3 | -0.12787357381386394
-2.5, -6.7, -1.4 | -0.5406338504211539
-2.5, -6.6, -1.2 | -0.6319345292250454
-2.5, -6.8, -1.3 | -0.1542227749219754
-2.5, -6.5, -0.7 | -16.578212350981936
-2.5, -6.8, -1.4 | -0.5232891383136888
-2.5, -5.8, -1.3 | -0.1833813469080264
-2.5, -7.0, -1.3 | -0.11139205405049897
-2.5, -6.9, -1.3 | -0.08700703120780272
-3.5, -6.9, -1.3 | -10.114896805292858
-2.5, -6.9, -1.2 | -0.6299576933170855
-2.5, -6.9, -1.0 | -4.351362995632993
-2.5, -6.9, -1.1 | -2.046564144243552
-2.5, -6.9, -1.5 | -1.875074970384815
-2.5, -6.9, -1.6 | -3.938448277039479
-2.5, -7.0, -1.4 | -0.5098133954439653
-2.5, -8.9, -1.3 | -0.09370144564261654
-2.5, -6.9, -3.3 | -210.98842862857822
-2.5, -7.9, -1.3 | -0.10468873759816502
-2.5, -5.9, -1.3 | -0.0962091599944373
-2.5, -4.9, -1.3 | -0.15453872148861922
-2.5, -5.9, -1.2 | -0.650304416060564
-2.5, -8.8, -1.2 | -0.6416446288006992
-2.5, -9.8, -1.3 | -0.10607048212633725
-2.5, -10.8, -1.3 | -0.0868356883212211
-2.5, -11.8, -1.3 | -0.10273815417829632
-2.5, -7.0, -1.2 | -0.6017149708681729
-2.5, -9.5, -1.3 | -0.09209096918345042
-2.5, -11.9, -1.3 | -0.10481555738714517
-2.5, -12.9, -1.3 | -0.08287900474285914
-3.5, -6.9, -0.8 | -36.769779740395585
-3.5, -6.9, -0.9 | -30.031387061497917
-0.5, -5.0, -1.0 | -44.64042213362593
-2.5, -6.9, -1.4 | -0.5325165343513987
-2.5, -6.9, 0.0 | -74.46000931065372
-2.5, -13.9, -1.3 | -0.07771035411750697
-2.5, -14.9, -1.3 | -0.06375451920493413
-2.5, -6.9, 0.5 | -164.00718363408
-2.5, -5.9, -1.1 | -2.074105814420719
-2.5, -4.9, -1.4 | -0.4416699562339071
-2.5, -15.9, -1.3 | -0.024075996478557436
-2.5, -16.9, -1.3 | -0.03546354542992413
-2.5, -4.0, -1.0 | -4.459696600922872
-2.5, -17.9, -1.3 | -0.053184082876483706
-2.5, -3.9, -1.1 | -2.0671606927507034
-2.5, -18.9, -1.3 | -0.047192564668219576
-3.5, 2.5, -3.5 | -193.16321023247048
-2.5, -19.9, -1.3 | -0.05142660356339548
-2.5, -20.0, -1.3 | -0.05718042553056094
-2.5, -6.5, -0.3 | -44.61790682895166
-1.5, -4.5, -1.2 | -10.273287413919288
-1.5, -3.5, -1.2 | -10.324048334711945
-2.5, -22.0, -1.3 | -0.05735362653849434
-2.5, -3.5, -1.0 | -4.366827276043649
-2.5, -2.5, -1.3 | -0.3815557833098416
-1.5, -1.5, -1.0 | -2.932524070488373
-2.5, -1.5, -1.0 | -4.559799020305698
-2.5, -6.9, -2.5 | -62.08750715624031
-2.5, -4.9, -1.2 | -0.6851840811992181
-2.5, -5.5, -1.2 | -0.6694245748659675
-2.5, -6.9, -0.6 | -22.358326430956435
-2.5, -2.5, 6.0 | -4480.719337489869
-2.5, -21.9, -1.3 | -0.0661573366730403
-2.5, -0.9, -1.3 | -0.5085824047414474
-2.5, -5.9, -1.4 | -0.4828146702247926
-3.5, -0.5, 0.0 | -151.37023776375293
-2.5, 0.5, -1.3 | -1.2295206389687663
-2.5, -5.9, -0.3 | -44.81694758029546
-2.5, -5.9, -0.7 | -16.59813815826553
-2.5, -6.9, -1.7 | -7.118673011356746
-2.5, -7.0, -1.7 | -6.958708360218276
-2.5, -5.5, -0.7 | -16.497419410738342
-2.5, -4.5, -1.3 | -0.23046321551109233
-2.5, -6.1, -1.3 | -0.14343103636581464
-2.5, -7.0, -1.1 | -2.0605770614623835
-2.5, -5.7, -1.3 | -0.11867124440432783
-2.5, 1.0, -0.9 | -9.843396004657581
-2.5, -7.9, 0.0 | -74.42247307618507
-2.5, -8.0, -1.3 | -0.10700659744033628
-2.5, -7.0, -0.5 | -28.898211725664925
-2.5, -6.9, 1.5 | -498.39123352749664
-2.5, -6.9, 6.0 | -4482.109156296471
-4.0, -2.0, -0.8 | -54.79034394558737
-2.5, -10.0, -1.5 | -1.7452906037010654
-2.5, -7.7, -1.3 | -0.13122069186115676
-2.5, -5.9, -1.0 | -4.348437657165882
-2.5, -6.0, -1.5 | -1.7400578882834488
-3.5, -7.0, -1.3 | -10.078161238287453
-2.5, 2.5, -1.3 | -11.098847839043334
-2.5, -0.5, -1.3 | -0.9783371046068543
-2.5, -6.9, 1.0 | -302.6907693829518
-2.5, -6.9, 100.0 | -1012993.2128166485
-2.5, -17.0, -1.3 | -0.08772765633469223
-2.5, -6.9, 2.5 | -1035.2942910162628
-3.5, -6.0, -1.3 | -9.961127605255765
-2.5, -7.9, -1.4 | -0.49286350859709094
-5.0, 1.0, -1.0 | -108.01327398748742
-2.5, -4.5, -1.2 | -0.7072026909748205
-3.5, -7.9, -1.3 | -10.069199322093295
-3.5, -6.5, -1.1 | -18.87060799417437
-2.5, -15.9, -1.2 | -0.6088949985567087
-2.5, -19.0, -1.3 | -0.06275806119591368
-2.5, -15.0, -1.3 | -0.047922051442226866
-2.5, -10.9, -1.3 | -0.06804113847253383
-2.5, -6.0, -1.6 | -4.071229110043649
-2.5, -17.9, -0.3 | -44.3743608659978
-3.5, -5.0, -1.3 | -10.158671917674107
-2.5, 1.0, -0.5 | -36.84573336966147
-2.5, -6.9, -1.8 | -11.00414209183521
-2.5, -7.8, -1.3 | -0.06073555206306521
-2.5, -6.9, -1.9 | -15.863734236815699
-2.5, -6.9, -0.2 | -53.640190501680024
-2.5, -7.4, -1.3 | -0.13903335254118618
-2.5, -7.5, -1.3 | -0.11550599946048412
-2.5, -5.9, -1.6 | -3.9030246931450763
-2.5, 6.9, -1.3 | -110.91128360929994
-2.5, -7.9, -1.1 | -2.005673620154029
-1.0, 2.0, 0.5 | -9.832736699049438
-1.0, -2.0, 1.0 | -164.8808539468451
-1.0, -3.0, 1.0 | -166.34245615277788
-1.0, 6.0, 0.7 | 44.86654726174411
-1.0, 6.0, -0.4 | 84.19055212303313
-1.0, 6.0, -0.6 | -19.69195891653387
-1.0, 6.0, -0.7 | -18.439065348600195
-1.0, 6.0, -0.8 | -22.616518185068948
-1.0, 5.0, -0.3 | 72.88559049167213
-1.0, 6.0, -0.9 | -26.575291813342908
-1.0, 6.0, -1.3 | -55.586991905356925
-1.0, 6.0, -1.4 | -64.48268845277617
-2.0, 6.0, -0.4 | 68.13651728236837
-1.0, 5.0, -0.4 | 74.1129972426299
-1.0, 6.0, -0.35 | 83.86634875172396
-1.0, 6.0, -0.45 | 84.50782440623973
-1.0, 6.0, -0.25 | 77.07703134607098
-1.0, 6.0, -0.15 | 85.02808070063944
-1.0, 6.0, -0.24 | 72.42462534655843
-1.0, 6.0, -0.26 | 92.38838935851712
-1.0, 6.0, -0.28 | 67.99585759621121
-1.0, 6.0, 0.9 | -113.80199799165094
-1.0, 6.0, -0.29 | 88.03021486346684
-1.0, 6.0, -0.31 | 88.08504046704314
-1.0, 6.0, -0.32 | 88.67162962725058
-1.0, 6.0, -0.33 | 88.38355296519873
-1.0, 6.0, -0.34 | 73.96166685056758
-1.0, 6.0, -0.44 | 89.28673245719173
-1.0, 6.0, -0.48 | -15.128918254133197
-1.0, 6.0, -0.42 | 79.60918658147975
-1.0, 6.0, -0.37 | 93.85122424564156
-1.0, 6.0, -0.36 | 83.9444036247334
-1.0, 6.0, -0.38 | 69.53350316348744
-1.0, 6.0, -0.39 | 79.59648981315581
-1.0, 6.0, -0.41 | 84.4281510593792
-1.0, 6.0, -0.22 | 91.61558651497603
-1.0, 6.0, -0.23 | 81.84271046215068
-1.0, 6.0, -0.27 | 82.48385058369254
-1.0, 6.0, -0.43 | 89.55318180973518
-1.0, 6.0, -0.47 | -21.3694515648292
-1.0, 6.0, -0.46 | 70.08953150240465
-1.0, 6.0, -0.49 | -18.50696230929886
-1.0, 6.0, -0.58 | -14.395876559172354
-1.0, 5.0, -0.6 | -14.934367932096881
-1.5, 6.0, -0.4 | 60.32694712938509
-1.0, 6.0, -0.408 | 79.55420826002077
-1.5, 6.0, -0.39 | 79.54390030107231
-1.0, 5.0, -0.37 | 68.78822703685347
-1.1, 6.0, -0.4 | 83.39747325245172
-1.0, 5.0, -0.38 | 69.39182653322784
-1.0, 5.0, -0.29 | 58.075242140463025
-2.0, 5.0, -0.5 | 36.294732406634644
-1.0, 6.0, -0.55 | -15.016459583308167
-1.0, 5.0, -0.28 | 87.17165654339185
-1.0, 6.0, -0.19 | 85.90087096907266
-3.0, 6.0, -0.39 | 17.864219501128492
-1.5, 6.0, -0.35 | 64.83526848405816
-1.0, 5.5, -0.39 | 84.26210755096211
-1.9, 6.0, -0.4 | 67.80959599940115
-1.0, 5.0, -0.39 | 73.815149514644
-2.0, 6.0, -0.39 | 53.24206227270419
-1.2, 6.0, -0.39 | 86.20708466233268
0.0, -4.0, 1.0 | -99.83394288683515
0.0, 4.0, 0.5 | 51.64259407751571
0.0, 5.9, -0.5 | -27.699916490427476
0.0, 5.9, 1.0 | 58.811696412635285
0.0, 5.9, -0.05 | -2.7775503985458783
0.0, 5.9, 0.6 | 82.4027173202332
1.0, 5.9, 0.35 | -16.939487564551104
1.0, 5.9, 0.1 | -46.581355671801475
0.0, 5.9, 0.065 | 93.8079701440679
-0.5, 5.9, 0.05 | 93.09251266753972
0.0, 6.0, 0.059 | 88.84240196916026
0.0, 6.0, 0.057 | 98.84744753850404
0.0, 6.0, 0.037 | 98.98770938796085
0.0, 6.0, 0.038 | 79.12721339201669
0.0, 6.0, 0.036 | 89.06611975883322
0.0, 5.9, 0.037 | 89.06569768981385
0.0, 5.9, 0.035 | 89.0684550861002
0.0, 6.0, 0.034 | 94.02573357076474
0.0, 5.9, 0.038 | 84.09168600566038
0.0, 5.9, 0.036 | 99.01644881347256
0.0, 5.9, 0.039 | 84.11004741243471
0.0, 5.9, 0.045 | 89.06589122871257
0.0, 6.0, 0.0375 | 94.0476143438358
0.0, 6.0, 0.0376 | 74.09073634592207
0.0, 6.0, 0.0377 | 99.0149291022748
0.0, 6.0, 0.0378 | 93.98252756973149
0.0, 6.0, 0.0379 | 84.00188032901555
0.0, 6.0, 0.0381 | 84.08604917177277
0.0, 6.0, 0.0382 | 99.06460550181922
0.0, 6.0, 0.0383 | 94.01467604871324
0.0, 6.0, 0.0384 | 94.05062336379001
0.0, 6.0, 0.0385 | 79.12451874692447
0.0, 5.9, 0.0386 | 89.0317256646733
0.0, 6.0, 0.0387 | 89.00361289723773
0.0, 6.0, 0.0388 | 94.08516829488119
0.0, 6.0, 0.0389 | 98.98389218931035
0.0, 6.0, 0.0391 | 79.09456613870331
0.0, 6.0, 0.0392 | 93.95870618166117
0.0, 6.0, 0.0393 | 94.00224440104734
0.0, 6.0, 0.0394 | 94.05647926338642
0.0, 6.0, 0.0395 | 89.02037574632537
0.0, 6.0, 0.0396 | 94.01875534307004
0.0, 6.0, 0.0397 | 79.0561672712338
0.0, 6.0, 0.0398 | 94.03764076019294
0.0, 6.0, 0.0399 | 94.02170342904125
0.0, 5.9, 0.034 | 94.0602049738545
0.0, 5.9, 0.0384 | 89.03406906203892
0.0, 6.0, 0.0386 | 93.93726900092558
0.5, 6.0, 0.037 | -11.169932728484012
0.0, 6.0, 0.043 | 93.94031862684993
0.0, 6.0, 0.044 | 84.08148976771398
0.0, 6.0, 0.046 | 84.04696600322761
0.0, -6.0, 0.037 | -0.1429100846151511
0.0, 6.0, 0.049 | 93.8691017914781
0.0, 5.9, 0.049 | 93.96140219040028
0.0, 6.0, 0.051 | 84.06520992176794
0.0, 6.0, 0.052 | 93.82770960006589
-1.0, 5.9, 0.04 | 86.68231384566349
0.0, 5.9, 0.043 | 94.07201037984005
0.0, 6.0, 0.0371 | 99.05247320162927
0.0, 6.0, 0.0372 | 79.16735078945366
0.0, 6.0, 0.0373 | 94.02256653473519
0.0, 6.0, 0.0374 | 94.01338112245615
-1.0, 6.0, 0.0395 | 83.93350344758525
-1.0, 5.9, 0.03 | 73.87529005337808
0.0, 6.0, 0.03735 | 74.16896194943021
0.0, 6.0, 0.03775 | 84.00776122018749
0.0, 6.0, 0.0365 | 89.10165775859873
0.0, 5.9, 0.03755 | 74.10960118022531
0.1, 5.9, 0.037 | 89.1196014900043
0.0, 5.9, 0.0371 | 89.10572151386745
0.0, 6.0, 0.03765 | 69.16077248489037
0.0, 6.0, 0.03875 | 98.96091840560831
0.0, 6.0, 0.03795 | 89.0384719732053
0.0, 6.0, 0.03865 | 89.02914513300941
0.0, 6.0, 0.03767 | 94.00672590897882
-0.5, 6.0, 0.3 | 73.545103793441
-0.5, 6.0, -0.7 | -23.102325818163923
0.5, 6.0, -0.2 | -32.80307371388169
-0.5, 6.0, -0.12 | 92.10158764270531
-0.5, 6.0, -0.21 | 68.35725135539656
-0.5, 6.0, -0.22 | 93.02239655494431
-0.5, 6.0, -0.26 | -6.756672190751717
-0.5, 6.0, -0.33 | -6.140281985149098
-0.4, 6.0, -0.14 | 98.24839657297359
-0.4, 6.0, 0.0 | 81.0066037935687
-0.4, 6.0, -0.22 | -4.906754810025673
-0.4, 6.0, -0.16 | 98.40194910028337
-0.4, 6.0, -0.17 | 93.36502751247738
-0.4, 6.0, -0.155 | 93.36806886911374
-0.4, 6.0, -0.145 | 83.47298007741306
-0.3, 6.0, -0.11 | 88.73181287968464
-0.2, 5.9, -0.11 | 94.02756954881265
-0.2, 5.8, -0.11 | 89.11921415231066
-0.2, 5.9, -0.09 | 79.09845770499905
-0.2, 6.0, -0.09 | 84.20577548394752
-0.2, 5.9, 0.1 | 86.31623559946988
-0.2, 5.8, -0.06 | 79.00655290705733
-0.2, 6.0, 0.15 | 80.05120048004548
-0.2, 6.0, -0.065 | 98.91716011027071
-0.2, 6.0, -0.1 | 84.09279109455323
-0.1, 6.0, -0.068 | 94.06092320466743
-0.2, 5.9, 0.15 | 85.4303922193053
-0.1, 5.9, -0.068 | 94.21194614557396
-0.1, 5.9, -0.065 | 89.16095902910422
0.4, 4.0, 0.2 | 63.706591356454126
0.4, 3.0, 0.2 | -1.028504862610085
0.4, 4.0, 1.2 | -80.93389802569517
0.4, 4.8, 0.2 | 68.52508599951844
0.4, 5.0, 0.2 | 78.39683165146178
0.4, 4.6, 0.2 | 73.49582232473321
0.4, 4.9, 0.2 | 68.4987126633731
0.4, 5.2, 0.2 | 88.3136472822491
0.4, 5.3, 0.2 | 73.55312878816258
0.4, 5.4, -0.8 | -127.6861140330938
0.5, 5.2, 0.2 | 57.83021819539506
0.4, 5.2, 0.3 | 82.78751691251782
0.3, 5.2, 0.2 | 73.67783414122648
0.4, 5.1, 0.2 | 78.51469132777503
0.4, 5.3, 0.3 | 87.58054544030296
0.4, 5.2, 0.4 | 85.33972366685626
0.4, 5.1, 0.3 | 82.77041625681834
0.4, 5.2, 0.5 | 70.49788028753031
0.4, 5.2, 0.6 | 77.59192863077747
0.4, 5.1, 0.4 | 90.33808498973936
0.4, 5.1, 0.5 | 81.5169282688611
0.4, 5.2, 0.7 | 77.29466437458039
0.4, 5.0, 0.4 | 84.90183594709403
0.4, 5.0, 0.3 | 62.80581877510001
0.4, 5.1, 0.6 | 80.95661547685097
0.4, 5.1, 0.7 | 72.1971165874563
0.4, 5.0, 0.5 | 66.03045450466182
0.4, 5.1, 0.8 | 76.55981601733735
0.4, 5.1, 0.9 | 74.49557821056848
0.4, 5.5, 0.2 | 83.49060564456195
0.4, 5.0, 0.1 | -4.119204222516955
0.4, 5.5, 0.5 | 71.90640097365825
0.4, 5.1, 0.1 | -4.558538497107337
0.4, 5.4, 0.3 | 87.7035013259501
0.4, 5.4, 0.7 | 65.58881480666987
0.4, 5.4, -0.1 | -14.506274969402062
0.4, 5.3, 0.4 | 85.25939507545006
0.4, 5.3, 0.5 | 75.82880948665303
0.4, 5.5, 0.3 | 77.82842240297826
0.4, 5.4, 0.8 | 74.57623733218807
0.4, 5.4, 0.9 | 77.50943283595565
0.4, 5.4, 0.0 | -8.444012675534987
0.4, 5.4, 1.0 | 73.76384589684503
0.3, 5.4, 0.4 | 89.06309548664647
0.4, 5.5, 0.4 | 75.43515641807497
0.3, 5.4, 0.5 | 63.692279909978026
0.3, 5.4, 0.6 | 81.23827486183286
0.3, 5.5, 0.4 | 79.51561576556279
0.3, 5.4, 0.7 | 76.72134132551528
0.3, 5.4, 0.8 | 78.27547449242293
0.3, 5.4, 0.9 | 76.20926654350798
0.3, 5.4, 1.0 | 70.26685139839756
0.5, 5.4, 0.4 | 86.100358056359
0.2, 5.4, 0.4 | 87.14737655242602
0.3, 5.5, 0.5 | 79.98823410043796
0.2, 5.4, 0.5 | 61.97450546532089
0.3, 5.4, 0.3 | 76.89732795294226
0.3, 5.4, 0.2 | 88.4892232497579
0.3, 5.4, -0.2 | -17.388178469469242
0.2, 5.3, 0.4 | 66.69918943052218
0.2, 5.5, 0.4 | 72.03002603278546
0.3, 5.3, 0.4 | 83.77686202833357
0.2, 5.4, 0.3 | 85.63362077149131
0.2, 5.4, 0.2 | 88.21507499750878
0.2, 5.3, 0.3 | 81.19346244543468
0.2, 5.3, 0.5 | 71.90398136965003
0.2, 5.2, 0.2 | 83.2452093149789
0.2, 5.5, 0.6 | 66.37179450550835
0.2, 5.5, 0.3 | 66.00340590371421
0.2, 5.5, 0.2 | 73.24419260359478
0.3, 5.4, 0.1 | -3.2103821816941873
0.1, 5.4, 0.2 | 72.53042185102774
0.3, 5.5, 0.6 | 75.9861500885709
0.1, 5.4, 0.3 | 89.1005004295749
0.2, 5.5, 0.1 | 88.99147484985237
0.1, 5.4, 0.4 | 80.38288625718158
0.2, 5.5, 0.0 | -3.056673669237546
0.1, 5.4, 0.5 | 70.42406743747723
0.2, 5.5, -0.1 | -6.7040524654822296
-0.1, 5.4, 0.3 | 60.16418384355082
0.1, 5.4, 0.6 | 70.66681526528465
0.1, 5.5, 0.3 | 84.55841161883578
0.1, 5.4, 0.7 | 77.49474352837935
0.1, 5.4, 0.1 | 89.00184257314382
0.1, 5.5, 0.4 | 75.8674330700336
0.1, 5.3, 0.4 | 64.9102236729946
0.2, 5.4, 0.1 | 79.06696575242559
-0.1, 5.5, 0.2 | 84.8849942077973
-0.1, 5.4, 0.2 | 84.63868065962707
0.1, 5.5, 0.2 | 87.37783866262252
0.1, 5.5, -0.1 | -4.427357630573548
0.1, 5.4, -0.1 | -3.9735407414002966
0.1, 5.3, 0.6 | 71.25456414714569
0.1, 5.3, 0.7 | 79.67216313992074
0.1, 5.3, 0.5 | 75.7263538165985
0.1, 5.3, 0.8 | 80.27084588133681
0.1, 5.6, 0.2 | 87.380667592055
0.1, 5.3, 0.3 | 64.49566985570424
0.1, 5.3, 0.9 | 77.98000874125428
0.1, 5.3, 1.0 | 61.27630641936598
0.1, 5.2, 0.3 | 84.48139908168255
0.1, 5.6, 0.3 | 69.3006083729519
0.2, 5.2, 0.3 | 80.78746611923125
0.1, 5.2, 0.4 | 69.64881937074803
-0.1, 5.6, 0.1 | 82.34906724131869
0.1, 5.2, 0.5 | 65.40878237309019
0.1, 5.5, 0.1 | 84.03747219788652
-0.1, 5.5, 0.6 | 81.09917143488707
-0.1, 5.3, 0.4 | 77.47504828644537
-0.2, 5.5, 0.2 | 83.44952329590487
-0.2, 5.3, 0.3 | 74.37598493650806
0.1, 5.2, 0.6 | 68.17274477050321
0.1, 5.4, 0.15 | 83.42393298600885
-0.3, 5.6, 0.2 | 91.45869720638089
-0.4, 5.6, 0.3 | 76.23688481239942
-0.3, 5.6, 0.3 | 66.2668333419586
-0.3, 5.7, 0.2 | 91.71336516939398
-0.3, 5.8, 0.2 | 76.47062879906038
-0.3, 5.5, -0.1 | 73.82658940941096
-0.3, 5.7, 0.3 | 73.8720267792273
-0.3, 5.7, 0.1 | 74.5538887552431
-0.3, 5.7, 0.4 | 77.99369328735004
-0.4, 5.7, 0.2 | 69.36813425959613
-0.3, 5.7, 0.5 | 83.65917780162455
-0.3, 5.6, 0.5 | 79.87334099369676
-0.3, 5.7, 0.6 | 81.1959372285872
-0.2, 5.7, 0.2 | 78.4553898405879
-0.3, 5.8, 0.3 | 62.32133428124122
-0.3, 5.6, 0.15 | 73.06560746056559
-0.2, 5.7, 0.5 | 83.37651131755409
-0.3, 5.8, 0.4 | 73.06247401779216
-0.4, 5.7, 0.1 | 83.4177892130464
-0.3, 5.7, 0.7 | 76.95992167228597
-0.3, 5.8, 0.5 | 79.67063301726363
-0.4, 5.8, 0.5 | 82.21240473279693
-0.5, 5.7, 0.2 | 71.86917793546748
-0.4, 5.7, 0.3 | 76.2233461039418
-0.2, 5.6, 0.5 | 72.63055020528199
-0.2, 5.8, 0.2 | 94.12976689878936
-0.2, 5.8, 0.3 | 85.01479398566815
-0.2, 5.8, 0.4 | 75.32160847740373
-0.2, 6.0, 0.2 | 93.0206878713116
-0.2, 5.9, 0.2 | 83.53664197952796
-0.2, 5.9, 0.3 | 91.4136945749912
-0.2, 5.8, 0.1 | 86.35935242026707
-0.2, 6.0, 0.3 | 84.56588007896129
-0.2, 6.0, 0.4 | 86.79325121424077
-0.3, 5.9, 0.2 | 76.74925091868224
-0.2, 6.0, 0.6 | 81.14899490175942
-0.3, 5.9, 0.3 | 82.23636177636072
-0.2, 6.0, 0.7 | 79.73500142239844
-0.3, 6.0, 0.2 | 92.13842170971932
-0.3, 6.0, 0.3 | 77.19197255430414
-0.2, 6.0, 0.8 | 76.22209164154896
-0.2, 5.9, 0.4 | 74.58543075708079
-0.3, 6.0, 0.4 | 86.30103610209353
-0.2, 6.1, 0.2 | 78.10992233831615
-0.3, 6.1, 0.2 | 81.85440364664754
-0.2, 6.1, 0.3 | 79.88471582005765
-0.3, 6.2, 0.2 | 92.43706103904364
-0.3, 6.2, 0.3 | 88.77024897270726
-0.4, 6.2, 0.2 | 85.09130556220362
-0.3, 6.2, 0.4 | 80.11005553336977
-0.3, 6.3, 0.2 | 86.3993966913483
-0.3, 6.3, 0.3 | 78.30055073928094
-0.3, 6.1, 0.4 | 80.74944870625421
-0.3, 5.9, 0.5 | 82.14201829884993
-0.2, 6.1, 0.4 | 70.47513136140319
-0.4, 6.2, 0.3 | 79.67227680509738
-0.3, 6.2, 0.5 | 76.17318982972782
-0.2, 6.1, 0.5 | 71.56610334527463
-0.3, 6.3, 0.1 | 95.297255250932
-1.3, 6.3, 0.1 | 77.22690430406439
-0.3, 6.3, 0.0 | 87.37523371153085
-0.3, 5.3, 0.1 | 74.74254718336651
-0.3, 6.4, 0.1 | 85.30152334998937
-0.3, 6.3, -0.1 | 98.5120413745015
-0.3, 6.4, 0.2 | 87.44475806295443
-0.3, 6.3, -0.2 | -5.058564163507852
-0.3, 6.2, -0.1 | 93.5890978838952
-0.3, 6.4, -0.1 | 93.59407892532491
-0.3, 6.3, -0.3 | -6.977864551897912
-0.3, 6.5, -0.1 | 93.5626782163869
-0.3, 6.5, 0.0 | 92.46585915059055
-0.3, 6.3, -0.5 | -16.020584385519648
-0.3, 6.6, -0.1 | 88.61237152055135
-0.4, 6.5, -0.1 | 87.83602383771984
-0.3, 6.6, 0.0 | 87.2306337876178
-0.3, 6.7, -0.1 | 93.47444863927282
-0.4, 6.6, -0.1 | 87.83513454179496
-0.2, 6.7, -0.1 | 84.0184253705471
-0.3, 6.3, -0.4 | -9.893054080319757
-0.3, 6.7, 0.0 | 82.39551073045203
-0.3, 6.8, -0.1 | 98.41936807505647
-0.4, 6.8, -0.1 | 97.81075517604869
-0.4, 6.8, 0.0 | 91.42000441629705
-0.4, 6.7, -0.1 | 92.80186951273093
-0.3, 6.8, 0.0 | 92.44977584786747
-0.3, 6.9, -0.1 | 88.55414006409393
-0.4, 6.9, -0.1 | 97.7581140067193
-0.3, 6.4, -0.3 | -6.512366693129084
-0.3, 6.8, -0.2 | 83.69760482276347
-0.4, 6.8, 0.1 | 88.47655960283672
-0.3, 6.9, 0.0 | 77.2027105825051
-0.3, 7.0, -0.1 | 98.40562794519883
-0.4, 6.9, 0.0 | 96.07273377621814
-0.3, 7.1, -0.1 | 93.43278015034726
-0.3, 7.0, 0.0 | 97.4204536185474
-0.3, 7.1, 0.0 | 97.31596842668013
-0.4, 7.0, 0.0 | 96.34230389755014
-0.3, 7.2, -0.1 | 98.43990167093975
-0.3, 7.3, -0.1 | 98.5036953252738
-0.3, 7.1, -0.2 | 88.71984190965064
-0.3, 7.4, -0.1 | 93.39671696149881
-0.3, 7.3, 0.0 | 87.2851131042028
-0.3, 7.5, -0.1 | 88.572154751895
-0.3, 7.3, 0.1 | 90.42943596360617
-0.3, 7.4, 0.0 | 92.1956323737418
-0.3, 6.9, -0.2 | 98.58293159285543
-0.3, 6.9, -0.3 | -7.073900560742395
-0.3, 6.9, -0.4 | -11.007834845182595
-0.3, 6.9, -0.5 | -16.730359464736853
-0.3, 7.0, -0.2 | 93.59428455261617
-0.3, 7.0, -0.3 | -8.252432157886549
-0.4, 6.9, -0.2 | 98.50982208015355
-0.3, 7.0, -0.4 | -11.355186963336754
-0.4, 6.9, -0.5 | -15.153862959686922
-0.4, 7.0, -0.2 | 88.51725570531204
-0.4, 7.0, -0.1 | 92.95282874357564
-0.4, 6.8, -0.2 | 88.52001845389336
-0.4, 7.2, -0.2 | 93.45601818312105
-0.2, 6.9, -0.2 | -6.047512432240654
-0.4, 7.1, -0.1 | 92.76230340176622
-0.4, 6.8, -0.3 | -7.860966848549099
-0.4, 6.8, -0.4 | -11.250727154004826
-0.4, 7.2, -0.1 | 92.72375017641284
-0.4, 6.9, -0.3 | -8.82858951156903
-0.4, 7.3, -0.3 | -9.437648809607403
-0.4, 7.3, -0.2 | 98.25790403771943
-0.4, 7.4, -0.2 | 98.25283387225306
-0.4, 7.5, -0.2 | 93.24007544887746
-0.4, 7.6, -0.2 | 93.51576804541813
-0.4, 7.7, -0.2 | 98.38157949269805
-0.4, 7.8, -0.2 | 98.24421471249465
-0.4, 7.9, -0.2 | 93.08673000589428
-0.4, 8.0, -0.2 | 93.31214137633313
-0.4, 8.0, -0.1 | 97.6555019945237
-0.4, 8.1, -0.2 | 93.31965964446535
-0.4, 7.8, -0.3 | -12.129407064155789
-0.4, 7.6, -0.3 | -9.649432146516684
0.2, 8.0, -0.1 | -10.444859940770787
-0.4, 8.2, -0.2 | 93.15198395499895
-0.4, 8.1, -0.1 | 97.72561506045054
-0.4, 8.3, -0.2 | 98.42563828431244
-0.4, 8.4, -0.2 | 98.10553344375468
-0.4, 8.3, -0.1 | 92.76768858369824
-0.4, 8.5, -0.2 | 98.08576794468755
-0.5, 8.2, -0.2 | 97.87172836478285
-0.5, 8.0, -0.2 | 97.68108784041371
-0.5, 8.4, -0.2 | 92.62429975377474
-0.4, 8.5, -0.1 | 97.63109066060595
-0.4, 8.6, -0.1 | 97.64020265969671
-0.4, 8.7, -0.2 | 93.15619750149816
-0.4, 8.7, -0.1 | 97.73143049061142
-0.4, 8.8, -0.2 | 98.08282304789135
-0.4, 8.8, -0.1 | 97.51533457979738
-0.4, 8.5, -0.3 | 92.92066957501672
-0.4, 8.9, -0.1 | 87.76045794739294
-0.4, 8.9, -0.2 | 98.1120522021034
-0.4, 9.0, -0.2 | 98.25846346105801
-0.4, 9.1, -0.2 | 98.1170168341959
-0.4, 9.2, -0.2 | 98.05695217112243
-0.4, 9.3, -0.2 | 98.0078611353359
-0.4, 9.4, -0.2 | 97.93376449144229
-0.4, 9.5, -0.2 | 97.88913557776551
-0.4, 6.9, -0.15 | 93.34587519151611
-0.4, 6.9, -0.05 | 72.20596358221631
-0.4, 9.0, -0.1 | 82.62005136648685
-0.4, 9.6, -0.2 | 97.87681770471224
-0.4, 9.7, -0.2 | 97.93643401021873
-0.4, 9.8, -0.2 | 97.9460470065698
-0.4, 9.9, -0.2 | 97.89113275703487
-0.4, 10.0, -0.2 | 97.73212458889351
-0.4, 10.1, -0.2 | 97.85523722721638
-0.4, 9.3, -0.3 | 97.79779335559
-0.4, 10.2, -0.2 | 97.90687876703852
-0.4, 6.9, 0.1 | 88.8389577862259
-0.4, 10.3, -0.2 | 97.83353548978819
-0.4, 7.9, -0.1 | 97.79857917419922
-0.4, 7.6, -0.1 | 82.7914520087861
-0.5, 8.3, -0.1 | 87.0086005144294
-0.4, 8.4, -0.1 | 97.56033885605537
-0.4, 7.8, -0.1 | 92.84734804333092
-0.4, 6.9, -0.25 | -7.706863055548839
-0.4, 7.0, -0.15 | 83.20858785115158
-0.5, 10.5, -0.2 | 97.19409945890065
-0.4, 6.8, -0.15 | 88.37177141814314
-0.4, 10.6, -0.2 | 97.73394934071084
-0.5, 10.7, -0.2 | 97.25308644341379
-0.5, 10.8, -0.2 | 97.04393699486705
-0.5, 10.9, -0.2 | 97.44612706352635
-0.5, 11.0, -0.2 | 97.30177316428176
-0.5, 11.1, -0.2 | 96.79750070555565
-0.5, 11.2, -0.2 | 97.08693933498068
-0.3, 10.9, -0.1 | 97.6142608463305
-0.3, 10.8, -0.1 | 97.58964864022035
-0.4, 11.1, -0.2 | 97.51396720547652
-0.4, 11.2, -0.2 | 97.271005780728
-0.5, 11.0, -0.25 | 97.23855433436006
-0.5, 11.0, -0.3 | 97.22555442763567
-0.5, 6.9, -0.1 | 96.89371471462742
-0.5, 11.3, -0.2 | 96.92491977855818
-0.4, 10.0, -0.1 | 97.64348246001748
-0.5, 10.1, -0.1 | 96.40854450318035
-0.5, 11.4, -0.2 | 97.00590146052971
-0.4, 10.9, -0.2 | 97.6181427467344
-0.5, 10.2, -0.3 | 97.62473166376135
-0.5, 11.5, -0.2 | 97.15240598647904
-0.4, 11.1, -0.1 | 97.04057190126055
-0.4, 10.5, -0.1 | 97.21795864351137
-0.5, 9.5, -0.1 | 96.9104066893178
-0.5, 12.1, -0.2 | 97.24718674370317
-0.5, 6.9, -0.5 | -13.174985672628656
-0.5, 12.2, -0.2 | 96.90272974668144
-0.4, 12.1, -0.2 | 97.2443539303005
-0.4, 12.2, -0.2 | 97.16208768794088
-0.4, 9.7, -0.1 | 92.37571827753123
-0.5, 12.3, -0.2 | 97.11368277493986
-0.4, 12.4, -0.2 | 97.32790432974063
-0.4, 12.5, -0.2 | 97.45693666033809
-0.4, 12.6, -0.2 | 97.35107572492784
-0.4, 12.7, -0.2 | 97.10766627017907
-0.4, 12.8, -0.2 | 97.24064944811855
-0.4, 12.9, -0.2 | 97.5078302597929
-0.4, 12.3, -0.2 | 97.15133564221833
-0.4, 13.0, -0.2 | 97.35496477047317
-0.4, 13.1, -0.2 | 97.25417277145246
-0.4, 13.2, -0.2 | 97.50571482158696
-0.4, 13.3, -0.2 | 97.06261332292438
-0.4, 7.4, -0.1 | 97.74014347940718
-0.4, 9.2, -0.1 | 97.45865879249065
-0.4, 13.4, -0.2 | 96.65807856530742
-0.4, 7.4, -0.3 | -9.86182036535536
-0.4, 14.2, -0.2 | 96.38017509265401
-0.4, 6.7, -0.2 | 93.43168051980979
-0.4, 7.9, -0.25 | 98.1045681410005
-0.4, 7.8, -0.15 | 93.09121854084438
-0.4, 8.8, -0.3 | 97.73392406049774
-0.4, 8.9, -0.3 | 97.70206298216479
-0.4, 8.9, -0.15 | 97.98556606873396
-2.0, -3.0, -1.5 | -10.930679589993577
-3.0, -3.0, -1.5 | -0.5233775334866844
-2.0, -2.0, -1.5 | -10.875255073515909
-1.0, -2.0, -1.5 | -65.13519945477596
-3.0, -4.0, -1.5 | -0.5392268080643242
-3.0, -5.0, -1.5 | -0.3743446011241161
-3.0, -6.0, -1.5 | -0.4251944745889456
-3.0, -2.0, -1.5 | -0.6242580937679364
-2.0, -4.0, -1.5 | -10.838441610584654
-2.0, -3.0, -2.5 | -111.26966280991454
-3.0, -3.0, -2.5 | -35.59826382143355
-2.0, -3.0, -4.5 | -856.3394097902744
-3.0, -5.0, -2.0 | -7.791574758081635
-4.0, -4.0, -1.5 | -11.404111557422212
-2.0, -5.0, 0.5 | -128.0815358990122
-4.0, -5.0, -1.5 | -11.239877321030127
-2.0, -6.0, 0.5 | -127.18919332030934
-3.0, -5.0, -0.5 | -44.71770805552531
-3.0, -6.0, -2.5 | -34.06271785629817
-3.0, -5.0, 0.0 | -99.97807373327048
-2.0, -6.0, -1.5 | -10.672991837979051
-2.0, -3.0, -1.2 | -1.461746939954994
-3.0, -6.0, 0.5 | -207.4211861273356
-3.0, -5.0, 1.0 | -361.73766068140554
-3.0, -6.0, -0.5 | -44.50238872432781
-4.0, -6.0, -1.5 | -11.191593319212181
-4.0, -6.0, -0.5 | -79.50187484081383
-4.0, -6.0, -2.5 | -5.669820125068908
-4.0, -2.0, -1.5 | -12.161051785963938
-4.0, -3.0, -1.5 | -12.010419690855416
-4.0, -5.0, -2.0 | -0.7378195902686443
-4.0, -3.0, -2.0 | -0.7064452403702032
-4.0, -6.0, -2.0 | -0.5946992747354269
-4.0, -6.0, -1.0 | -37.310058933859224
-5.0, -5.0, -1.5 | -31.81666355553414
-4.0, -6.0, 1.5 | -718.306369953327
-4.0, -5.0, -3.5 | -63.3987783489974
-4.0, -5.0, -2.5 | -5.953600219339117
-4.0, -6.0, -3.5 | -64.2778103322805
-5.0, -6.0, -2.5 | -0.7681396444725264
-5.0, -5.0, -2.5 | -0.7904154010374369
-5.0, -5.0, -3.5 | -21.60476891893293
-6.0, -6.0, -2.5 | -9.42333613226973
-5.0, -6.0, -1.5 | -31.85955327800783
-5.0, -6.0, -0.5 | -136.00239168423417
-6.0, -6.0, -1.5 | -59.33612541141874
5.0, -5.0, -2.0 | -3755.9199166723834
-5.0, -6.0, -3.5 | -20.792620228273236
0.0, -6.0, -0.5 | -24.929884909575303
-2.0, -6.0, -3.5 | -388.6456913340762
-6.0, -6.0, -3.5 | -3.5430826799107926
-5.0, -6.0, -2.8 | -1.3538657550832658
-6.0, -6.0, -2.8 | -2.985293536671838
0.0, -6.0, -2.5 | -624.1613186637483
-4.0, -6.0, -2.8 | -16.357413223781542
-6.0, -5.0, -1.8 | -39.13811949996783
-5.0, -5.0, -2.2 | -4.708082465501605
-5.0, -6.0, -2.6 | -0.5107677649432248
-5.0, -6.0, -2.4 | -1.7782739786230437
-5.0, -6.0, -2.9 | -2.8644265079766518
-4.0, -5.0, -2.9 | -21.523150016998805
-5.0, -6.0, -2.3 | -3.0423513954054835
-5.0, -5.0, -2.9 | -2.8300181425068467
-5.0, -6.0, -2.1 | -7.16443992255156
-6.0, -6.0, -2.9 | -2.2065213718669754
-5.0, -6.0, -3.3 | -13.120974982142343
-6.0, -6.0, 1.0 | -806.2610121880574
-6.0, -6.0, -2.6 | -6.837086200122177
-5.0, -6.0, -1.2 | -52.31985674317426
-3.0, -5.0, -2.8 | -59.66899643738613
-4.0, -6.0, -2.4 | -3.4270085487752153
-5.0, -6.0, -3.4 | -17.309086964162983
-5.0, -6.0, 0.0 | -266.28176731857013
-5.0, -5.0, -1.8 | -17.64266181995293
-5.0, -6.0, -2.2 | -4.859868569747193
-5.0, -6.0, 0.5 | -431.9545302736904
-5.0, -6.0, -0.3 | -179.72152145924738
-5.0, -7.0, -2.0 | -9.90073068614222
-5.0, -7.0, -1.5 | -31.92485400083415
-5.0, -7.0, -2.5 | -0.8072923457702508
-1.0, -5.0, -1.4 | -52.64454717027478
-5.0, -7.0, -3.0 | -4.630530930319242
-5.0, -7.0, -3.5 | -21.390693876549342
-5.0, -7.0, 0.0 | -259.9389461933948
-5.0, -7.0, -1.0 | -67.86164154371092
-5.0, -7.0, -4.0 | -51.007445223737584
-6.0, -7.0, -2.5 | -9.29756675103785
-6.0, -7.0, -3.0 | -1.0395030328145818
-6.0, -7.0, -3.5 | -3.8942188230327135
-6.0, -6.0, -3.1 | -0.7348524559237026
-6.0, -7.0, -3.1 | -0.8994329670648262
-6.0, -7.0, -3.2 | -0.5029613672745206
-6.0, -7.0, -2.9 | -1.9457085973364243
-6.0, -7.0, -4.1 | -21.57914675210336
-6.0, -7.0, -3.3 | -1.1604801961598894
-6.0, -7.0, -3.4 | -2.1334482867687807
-6.0, -7.0, -3.6 | -5.4957902817620425
-6.0, -7.0, -3.7 | -7.467565651233441
-6.0, -7.0, -3.8 | -11.464170989541683
1.0, -5.0, -2.0 | -788.2385050357234
-6.0, -7.0, -2.0 | -27.604069169133076
-6.0, -7.0, -3.9 | -14.050372254930181
0.0, -7.0, -2.0 | -399.7234272856333
-6.0, -7.0, -2.7 | -4.555234102155196
-6.0, -7.0, -1.8 | -39.2425061730164
-6.0, -7.0, -2.8 | -3.0388640179228306
-6.0, -7.0, -2.6 | -6.7353430789500495
-6.0, -6.0, -3.3 | -1.6795272546746691
1.0, -6.0, -1.5 | -537.6903030636967
-6.0, -7.0, -2.4 | -12.463512996058444
-6.0, -7.0, -2.3 | -15.495475185827058
-6.0, -7.0, -2.2 | -19.51015054994762
-6.0, -7.0, -2.1 | -23.604606839671128
-6.0, -6.0, -2.3 | -15.629505393024681
-6.0, -6.0, -3.4 | -2.1920695883676053
-6.0, -7.0, -4.0 | -17.039134030746624
-6.0, -7.0, -6.0 | -288.25914785112843
-5.0, -6.0, -3.1 | -6.574011580767403
-5.0, -7.0, -2.8 | -1.494929556906568
-6.0, -8.0, -3.0 | -0.6721480160106097
-6.0, -8.0, -2.9 | -1.6744368529517455
-6.0, -8.0, -3.8 | -10.139808774899173
-6.0, -8.0, -3.1 | -0.38290775601820437
-6.0, -8.0, -3.2 | -0.8709345407364172
-6.0, -8.0, -3.3 | -1.0616702340100976
-6.0, -8.0, -3.4 | -2.4982371448010943
-6.0, -8.0, -3.5 | -3.879777648880154
-6.0, -8.0, -3.6 | -5.488162707329928
-6.0, -8.0, -3.7 | -7.838092920716673
-2.0, -6.0, -3.0 | -222.92339083386923
-6.0, -8.0, -2.7 | -4.851803895701203
-6.0, -8.0, -3.9 | -13.741098143627767
-6.0, -8.0, -2.0 | -28.344571400929375
-6.0, -8.0, -2.5 | -9.055625974216431
-6.0, -8.0, -2.3 | -15.317227542276934
-6.0, -8.0, -2.6 | -6.682999102621776
-6.0, -8.0, -2.8 | -2.911919446211612
-6.0, -9.0, -3.1 | -0.5164032336858492
-6.0, -9.0, -3.2 | -0.64851122693424
-6.0, -7.0, -1.0 | -106.89944275135606
-6.0, -9.0, -3.0 | -0.974234177911432
-6.0, -9.0, -3.3 | -1.6290260791748867
-6.0, -9.0, -2.5 | -8.984473559949405
-6.0, -9.0, -3.9 | -12.985163043114776
-6.0, -9.0, -2.9 | -1.6115564264101898
-6.0, -9.0, -2.0 | -27.97223353272374
6.0, -6.0, -3.1 | -6456.282372278009
-6.0, -9.0, -2.7 | -4.297845416081486
-6.0, -10.0, -3.1 | -0.546693462755062
-6.0, -9.0, -3.4 | -1.6785519132440754
-6.0, -10.0, -3.2 | -0.4432382830277315
-6.0, -10.0, -3.3 | -1.3402001491204338
-6.0, -10.0, -3.4 | -2.082088823390378
-6.0, -10.0, -3.5 | -3.510570665083873
-6.0, -10.0, -3.6 | -5.191264345986796
-6.0, -10.0, -2.2 | -19.153188357647956
-6.0, -10.0, -2.8 | -2.989608977865672
-6.0, -10.0, -3.7 | -7.284287992840443
-6.0, -10.0, -3.8 | -10.277527488567923
-6.0, -10.0, -3.9 | -12.943579421251076
-6.0, -10.0, -3.0 | -0.8317444576134017
-6.0, -10.0, -2.7 | -4.439278368253299
-6.0, -10.0, -2.6 | -6.480087566932697
-6.0, -10.0, -2.5 | -8.874712783156786
-6.0, -10.0, -2.9 | -1.5728261074638428
-6.0, -10.0, -2.0 | -27.97788554910843
-6.0, -10.0, -4.0 | -16.609844207582608
-6.0, -10.0, -2.4 | -12.089335383736154
-5.0, -5.0, -1.7 | -21.79368476252816
-6.0, -10.0, -2.3 | -15.493821221601806
-5.0, -10.0, -3.1 | -6.386044750966461
-3.0, -7.0, -0.5 | -44.27201219409024
-6.0, -9.5, -3.0 | -0.7579717202873957
-6.0, -9.5, -3.1 | -0.409911744642247
-6.0, -10.0, -2.1 | -23.041403220008235
-6.0, -9.9, -3.2 | -0.8221159290000791
-6.0, -9.8, -3.1 | -0.6420553645659652
-6.0, -9.9, -3.0 | -1.081333459649093
-6.0, -9.4, -3.1 | -0.5802574626081811
-6.0, -9.8, -3.0 | -0.7418419345504002
-6.0, -9.9, -3.1 | -0.4819879336075211
-6.0, -9.8, -3.2 | -0.555104413792801
-6.0, -9.9, -3.3 | -0.9241279541172338
-6.0, -11.0, -3.1 | -0.4891430806784521
-6.0, -11.0, -3.2 | -0.6263720631286478
-1.0, 1.0, -3.0 | -481.3588166122234
-1.0, 1.0, -1.1 | -24.17547696807974
-1.0, 1.0, -1.2 | -32.659010521204976
-1.0, 1.0, -0.9 | -11.000125428654233
-1.0, 1.0, -0.8 | -6.2777513757804355
-1.0, 1.0, -0.7 | -2.6376384075533874
-1.0, 1.0, -0.6 | -0.8430586249825522
-1.0, 1.0, -0.4 | -1.3605200730683396
-1.0, 1.0, 0.5 | -70.99139208317864
-1.0, 1.0, -0.3 | -3.7524848523668957
-1.0, 1.0, -0.1 | -12.898010747324758
-1.0, 1.0, 0.6 | -85.60933114467757
-1.0, 1.0, -0.2 | -7.5630076431617095
-1.0, 1.0, 0.1 | -27.764005821697815
-1.0, 0.0, -0.6 | -0.6372172540147367
-2.0, 1.0, -0.6 | -11.597662819956437
0.0, 1.0, -0.6 | -35.983619940791414
-0.8, 1.2, -0.4 | -0.31032217336419043
-0.9, 1.1, -0.4 | -0.8039982412054327
-0.7, 1.3, -0.4 | -0.368347322615107
-0.7, 1.4, -0.4 | -0.4618665527511706
-0.6, 1.4, -0.4 | -1.0531312127051704
-0.9, 1.0, -0.4 | -0.7513414221776307
-0.8, 1.3, -0.4 | -0.3003984644659457
-0.7, 1.2, -0.4 | -0.314950987148554
-0.8, 1.3, -0.3 | -1.4346506659624292
-0.6, 1.2, -0.3 | -0.22196390235775043
-0.7, 1.2, -0.3 | -0.6419182819163057
-0.6, 1.2, -0.2 | -1.2299357118795309
-0.5, 1.1, -0.3 | -0.32072081368683636
-0.7, 1.1, -0.3 | -0.6134966218828506
-0.5, 1.0, -0.3 | -0.2903371686249853
-0.5, 1.3, -0.3 | -0.2923757361057322
-0.5, 1.2, -0.3 | -0.2629555839925735
-0.5, 1.2, 0.0 | -5.765895603716817
-0.5, 1.2, -0.2 | -0.4315299196051791
-0.5, 1.2, -0.4 | -1.722006514581621
-0.4, 1.2, -0.3 | -0.8079935384917107
-0.4, 1.3, -0.3 | -0.8212079425374255
-0.6, 1.1, -0.3 | -0.13995988349692162
-0.6, 1.0, -0.3 | -0.13277094615902624
-0.6, 1.1, -0.2 | -1.1890690740383723
-0.4, 1.0, -0.3 | -0.8119759316141641
-0.6, 1.1, -0.1 | -3.811156976899638
-0.6, 1.0, -0.1 | -3.7968177800265126
-0.6, 1.1, -0.5 | -3.0140795462232592
-0.4, 1.1, -0.3 | -0.8285936887728024
-0.6, 1.1, 0.0 | -8.112694140967776
-0.6, 1.0, 0.0 | -8.066255615434274
-0.6, 1.1, -0.4 | -0.7575285186468006
-0.5, 1.3, -0.4 | -1.7512955131543595
-0.5, 1.0, -0.4 | -1.767307607237867
-0.5, 1.2, 0.1 | -10.92574284270727
-0.4, 1.1, -0.2 | -0.11265229293355952
-0.4, 1.1, -0.1 | -1.1053553123563242
-0.4, 1.2, -0.1 | -1.086829054293116
-0.5, 1.1, -0.2 | -0.404821393032888
-0.4, 1.0, -0.1 | -1.0875575938898125
-0.3, 1.0, -0.1 | -0.32185109705559356
-0.3, 1.1, -0.1 | -0.3234768873204975
-0.3, 1.2, -0.1 | -0.34107884744461825
-0.3, 1.2, -0.2 | -0.2112515002461163
-0.6, 1.2, -0.1 | -3.8505447565892084
-0.4, 1.2, -0.2 | -0.09494762051997412
-0.3, 1.2, -0.3 | -1.8875761827727344
-0.4, 1.3, -0.2 | -0.0825172755093868
-0.5, 1.1, -0.1 | -2.2788634557235894
-0.4, 1.3, -0.1 | -1.0722475190068428
-0.3, 1.3, -0.2 | -0.23208336594451867
-0.4, 1.3, 0.0 | -3.827819732211565
-0.3, 1.4, -0.2 | -0.24266330222155402
-0.4, 1.4, -0.2 | -0.09627586832168374
-0.5, 1.4, -0.2 | -0.5009438375460527
-0.3, 1.4, -0.1 | -0.3416239099370296
-0.4, 1.4, -0.3 | -0.823929236305425
-0.3, 1.4, 0.1 | -5.9200709525317325
-0.4, 1.4, -0.1 | -1.1121087966435994
-0.4, 1.4, 0.2 | -14.365330815299279
-0.4, 1.4, -0.4 | -3.242126691471829
-0.5, 1.5, -0.2 | -0.4556177456498429
-0.3, 1.5, -0.2 | -0.2042423675078784
-0.3, 1.5, -0.3 | -1.8857205053731936
-0.3, 1.5, -0.1 | -0.360012742313351
-0.3, 1.5, -0.4 | -5.329044639540309
-0.3, 1.5, -0.5 | -10.560749707338754
-0.3, 1.5, -0.6 | -17.380713349502024
-0.3, 1.5, -0.7 | -25.937913407851077
-0.3, 1.5, 0.0 | -2.250492285434312
-0.2, 1.4, -0.2 | -0.8861911504179034
-0.2, 1.5, -0.2 | -0.9088262579650586
-0.2, 1.6, -0.2 | -0.9105948357636942
-0.3, 1.6, -0.3 | -1.9393181737213894
-0.2, 1.3, -0.3 | -3.5617255482368675
-0.4, 1.5, -0.2 | -0.11374442721490721
-0.3, 1.6, -0.2 | -0.2363358666866541
-0.4, 1.6, -0.2 | -0.15310824555192565
-0.5, 1.5, -0.3 | -0.27213688993186136
-0.4, 1.5, -0.1 | -1.1089665125206416
-0.5, 1.6, -0.3 | -0.37936683164433305
-0.4, 1.5, -0.25 | -0.24005554540968882
-0.5, 1.6, -0.2 | -0.4628561198260154
-0.4, 1.6, -0.1 | -1.1318830917211997
-0.4, 1.5, -0.3 | -0.8337613966161053
-0.4, 1.6, -0.05 | -2.3010830323252245
-0.5, 1.4, -0.1 | -2.39183605469987
-0.3, 1.7, -0.2 | -0.3203518610356023
-0.4, 1.7, -0.2 | -0.19593526691114949
-0.4, 1.5, -0.06 | -2.0039207766792226
-0.5, 1.5, -0.1 | -2.3166397706600623
-0.4, 1.6, -0.3 | -0.8301061372818632
-0.3, 1.7, -0.1 | -0.3707204952939962
-0.5, 1.6, -0.1 | -2.3581087413410984
-0.6, 1.4, -0.2 | -1.249024175749248
-0.4, 1.5, 0.7 | 2.74708617814159
-0.4, 1.5, -0.4 | -3.326840823304612
-0.4, 1.5, 1.0 | -124.33970608827337
-0.4, 1.5, 0.8 | -40.40997547880208
-0.4, 1.5, 0.5 | -16.103979230846694
-0.3, 1.5, 0.8 | 14.60695171440577
-0.3, 1.5, 0.9 | -60.30928269572837
-0.3, 1.5, 0.6 | -18.531169268541213
-0.3, 1.5, 0.7 | -23.963176132620536
-0.3, 1.5, 0.85 | -14.049742071629089
-0.3, 1.5, 1.0 | -117.18114980910582
-0.3, 1.5, 0.75 | -19.237715638825144
-0.3, 1.6, 0.8 | 11.725475425777338
-0.3, 1.6, 0.9 | -51.08582996520759
-0.3, 1.6, 0.7 | -17.764977924790855
-0.3, 1.6, 0.6 | -17.263711042374165
-0.4, 1.7, 0.8 | -1.1215611834432555
-0.3, 1.7, 0.8 | 3.8554019104349093
-0.3, 1.8, 0.8 | -4.4349697002006465
-0.3, 1.8, 0.9 | -19.190114689863236
-0.3, 1.7, 1.0 | -117.05603574026551
-0.3, 1.7, 0.7 | 6.094199987958369
-0.3, 1.8, 0.7 | 10.041922459834964
-0.3, 1.9, 0.7 | 23.10714040384143
-0.3, 2.0, 0.7 | -2.621537485979663
-0.3, 2.0, 0.8 | 0.1272003747940289
-0.3, 1.9, 0.8 | 24.65588243333508
-0.3, 2.0, 0.9 | -45.33991789016757
-0.3, 2.1, 0.7 | 24.41278914628079
-0.3, 2.1, 0.8 | 24.738836157278246
-0.3, 2.2, 0.8 | 26.269662854805905
-0.3, 2.3, 0.8 | 43.014033198957534
-0.3, 2.4, 0.8 | 46.52577214107792
-0.3, 2.5, 0.8 | 46.37265770024369
-0.3, 2.6, 0.8 | 50.78212125071679
-0.3, 2.6, 0.9 | 20.874899950723727
-0.3, 2.7, 0.8 | 52.63741962012102
-0.3, 2.8, 0.8 | 52.24138773063472
-0.3, 2.9, 0.8 | 58.226680416131785
-0.3, 3.0, 0.8 | 58.97110419831188
-0.3, 3.1, 0.8 | 60.25789876489794
-0.3, 3.2, 0.8 | 59.43721153212842
-0.3, 3.3, 0.8 | 55.842670477776345
-0.3, 3.4, 0.8 | 66.13624661836818
-0.3, 3.5, 0.8 | 68.70913745688026
-0.3, 3.6, 0.8 | 63.89479551164105
-0.3, 3.7, 0.8 | 56.868768209864605
-0.3, 3.8, 0.8 | 65.77978429536665
-0.3, 3.9, 0.8 | 68.28489338871542
-0.3, 4.0, 0.8 | 65.50316629682195
-0.3, 4.1, 0.8 | 71.90341933761022
-0.3, 4.2, 0.8 | 66.10660246712226
-0.3, 4.3, 0.8 | 71.96213665211852
-0.3, 4.4, 0.8 | 72.63392940747488
-0.3, 4.5, 0.8 | 66.26443975530847
-0.3, 4.6, 0.8 | 69.36219743414905
-0.3, 4.7, 0.8 | 71.87779377501195
-0.3, 4.8, 0.8 | 67.98016139232831
-0.3, 4.1, 0.9 | 47.94837617409974
-0.3, 4.9, 0.8 | 74.27563251431579
-1.3, 5.0, 0.8 | -77.94376504363325
-0.3, 5.0, 0.8 | 69.75296044227005
-0.3, 5.1, 0.8 | 71.96827236551766
-0.3, 5.2, 0.8 | 71.05934109599622
-0.3, 5.3, 0.8 | 71.5100778008934
-0.3, 5.4, 0.8 | 71.22332942890742
-0.3, 5.5, 0.8 | 73.89966033322919
-0.3, 5.6, 0.8 | 73.96503079791736
-0.3, 5.7, 0.8 | 71.97994607713709
-0.3, 5.8, 0.8 | 74.8228724184189
-0.3, 5.9, 0.8 | 74.535246626206
-0.3, 6.0, 0.8 | 75.43540887848056
-0.3, 6.0, 0.9 | 66.12748519550867
-0.3, 6.0, 1.0 | -60.89758467492504
-0.3, 6.0, -0.9 | -51.46613196012824
-0.3, 6.0, 0.7 | 78.54072544812283
-0.3, 6.0, 0.6 | 79.15120854309401
-0.3, 6.0, 0.5 | 82.39631095001856
-0.3, 6.0, -0.2 | -3.7027886132303216
-0.4, 6.0, 0.2 | 79.7346607645288
-0.5, 6.0, 0.2 | 78.54465721336503
-0.5, 5.9, 0.2 | 72.42643532870703
-0.3, 6.0, 0.15 | 88.73499986617861
-0.3, 6.0, 0.25 | 85.18971865529525
-0.3, 6.0, -0.3 | -5.799494260660551
-0.2, 6.0, 0.35 | 76.95290905506894
-0.1, 6.0, 0.2 | 85.13793817575304
-0.2, 6.0, 0.05 | 97.6114402027342
-0.2, 6.0, 0.04 | 72.7843799314617
-0.2, 6.0, 0.01 | 93.19606566141638
-0.2, 5.0, 0.0 | 68.49898776074181
-0.2, 6.0, 0.03 | 72.86221662465998
-0.2, 6.0, -0.03 | 88.66164707015926
-0.2, 6.0, -0.04 | 88.79549112795732
-0.2, 6.0, -0.07 | 89.00692593555836
-0.2, 6.0, -0.08 | 89.01302439406514
-0.1, 6.0, -0.02 | 79.12323252766801
-0.2, 6.0, 0.06 | 92.40489996765584
-0.2, 6.0, 0.08 | 76.69356682453798
-0.2, 6.0, 0.09 | 81.58040607136425
-0.2, 6.0, 0.11 | 96.42292260337257
-0.2, 6.0, 0.12 | 91.26853516195368
-0.2, 6.0, 0.14 | 80.35110835719631
-0.2, 6.0, 0.17 | 89.38447597286704
-0.2, 6.0, 0.18 | 74.27576810468325
-0.2, 6.0, 0.19 | 83.97805949319653
-0.2, 6.0, -0.6 | -25.599842449268582
-0.2, 6.0, 0.055 | 92.519180808348
-0.2, 6.0, 0.065 | 92.21992263671149
-0.2, 6.0, 0.075 | 91.86286919604876
-0.2, 5.0, 0.05 | 77.62858902426748
-0.2, 6.0, 0.068 | 92.22505008630493
-0.2, 6.0, 0.051 | 77.35910093461428
-1.3, 6.0, 0.06 | 75.11191225590157
-0.2, 6.0, 0.28 | 85.75492721511502
-0.2, 6.0, 0.26 | 75.9945861433661
-0.2, 6.0, 0.22 | 82.84551845950337
-0.2, 6.0, 0.29 | 79.09759400419901
-0.2, 6.0, 0.21 | 67.56771328868221
-0.2, 6.0, 0.27 | 75.15360471085876
-0.2, 6.0, 0.25 | 65.40620627636144
-0.2, 6.0, 0.31 | 78.8533306894904
-0.2, 6.0, 0.32 | 84.49399362551439
-0.2, 6.0, 0.33 | 84.88219175409033
-0.2, 6.0, 0.34 | 83.23380098576862
-0.2, 6.0, 0.035 | 87.7208114638093
-0.3, 5.9, 0.055 | 91.10771669123201
-0.2, 6.0, 0.085 | 96.84830560993689
-0.1, 6.0, -0.3 | -8.733063958415269
-0.2, 6.0, 0.058 | 97.43976802283358
-0.2, 6.0, 0.057 | 72.52355115860301
-0.2, 6.0, 0.059 | 92.36280029891682
-0.2, 6.0, 0.061 | 82.24087331963244
-0.2, 6.0, 0.062 | 82.2175369340303
-0.2, 6.0, 0.063 | 97.35241332380676
-0.2, 6.0, 0.064 | 92.29915546246863
-0.2, 6.0, 0.066 | 87.29575352270436
-0.2, 6.0, 0.067 | 92.14989614288655
-0.2, 6.0, 0.069 | 92.23675503767113
-0.2, 6.0, 0.071 | 77.17330223507227
-0.2, 6.0, 0.072 | 87.2412692345475
-0.2, 6.0, -0.098 | 79.1105985563341
-0.2, 6.0, 0.073 | 87.14688948695098
-0.2, 6.0, 0.074 | 92.02521171893832
-0.2, 6.0, 0.076 | 82.11644545868577
-0.2, 6.0, 0.077 | 82.00355043588279
-3.0, -2.0, 0.0 | -105.12841823746673
-3.0, -2.0, -3.0 | -88.6214587999905
-4.0, -3.0, -3.0 | -28.725929380308923
-4.0, -2.0, -2.0 | -1.2919587180026701
-5.0, -1.0, -1.0 | -91.01154680896393
-4.0, -1.0, -2.0 | -1.2801258538461067
-4.0, -1.0, -1.0 | -42.438157750198286
-5.0, -0.0, -1.0 | -103.14295148387001
-5.0, -0.0, -5.0 | -258.6619082444141
-4.0, -1.0, -3.0 | -34.05769791855199
-4.0, -2.0, -4.0 | -146.6185755619254
-4.0, -2.0, -5.0 | -414.99789924793987
-4.0, -2.0, 1.0 | -485.23560956604285
-5.0, -2.0, -4.0 | -60.3231239583857
-5.0, -2.0, -2.0 | -11.787536728052656
-4.0, -3.0, 0.0 | -176.82977702640605
-5.0, -2.0, -5.0 | -239.52880452362155
-5.0, -3.0, -6.0 | -534.991803740016
-4.0, -3.0, -4.0 | -145.05989857479022
-5.0, -3.0, -0.6 | -129.0950495024832
-5.0, -4.0, -5.0 | -219.66119581555526
-5.0, -4.0, -6.0 | -533.924472453356
0.0, -4.0, -4.0 | -1597.7009309284667
-5.0, -4.0, -0.7 | -105.13039547520052
-5.0, -6.0, -6.0 | -530.1749049578222
-5.0, -6.0, 1.0 | -637.007827394537
-5.0, -6.0, -0.0 | -265.93482649137025
-5.0, -6.0, -2.7 | -0.725842764024538
-5.0, -5.0, 3.0 | -1973.5953804417095
-5.0, -6.0, -3.6 | -26.65839523321362
-5.0, -5.0, -2.7 | -0.9778528615861578
-6.0, -6.0, -2.4 | -12.243789080082108
-6.0, -6.0, -2.7 | -4.871565008876404
-6.0, -6.0, -3.2 | -0.7973256073071433
-6.0, -6.0, -3.6 | -5.631174350023384
-3.9, -2.0, -2.7 | -16.546084030427316
-6.0, -6.0, -3.7 | -8.967420414181394
-6.0, -6.0, -3.8 | -10.83237169872771
-6.0, -6.0, -3.9 | -13.692724897710878
-6.0, -5.0, -0.9 | -131.96158972540817
-6.0, 5.0, -2.6 | -297.54181222923256
-6.0, 1.0, -2.6 | -22.424558787963395
-4.0, -5.0, -2.6 | -8.802568996267818
1.0, -3.0, -2.0 | -784.7555869535724
-6.0, -6.0, -2.2 | -19.745683171714965
-5.0, -2.0, -2.6 | -1.3979416818657344
-6.0, -6.0, -2.1 | -23.45270960625817
-6.0, -6.0, -0.5 | -220.82366156239613
-6.0, 6.0, -2.6 | -423.14364313710496
4.0, 5.0, -3.0 | -3977.387581247903
5.0, -4.0, 2.0 | -369.0850879213002
-5.0, -3.0, -2.6 | -1.1703167159103418
-3.0, -6.0, -2.6 | -41.84844450796028
-4.0, -5.0, -2.8 | -16.743819588187186
-5.0, -4.0, -2.7 | -1.075480888486202
0.0, -2.0, -2.0 | -399.44126461543226
5.0, 0.0, -2.0 | -3650.1338973764987
-5.0, -5.0, -2.6 | -0.8229696305298375
0.0, 6.0, -2.6 | -676.9607503172472
-5.0, -6.0, -1.7 | -21.50979094487314
-5.0, -3.0, -3.2 | -11.761638198437137
-1.0, -6.0, -2.6 | -328.8523743833793
0.0, -5.0, -2.0 | -399.5093169100602
-6.0, -6.0, 6.0 | -5939.377071846294
5.0, 4.0, -2.0 | -3693.4318095488816
-6.0, -6.0, 2.0 | -1415.54665838057
-6.0, -6.0, -1.8 | -39.13885890205914
-5.0, -6.0, -2.55 | -0.7392886877800865
-3.0, -5.0, -2.6 | -41.686588511626425
-4.0, -6.0, -2.6 | -8.77257644230544
-6.0, -5.0, -2.55 | -8.116070579660498
-6.0, -6.0, -2.95 | -1.3448156050636004
-6.0, -6.0, -2.65 | -5.498852858636221
-6.0, -6.0, -2.55 | -8.186631591171812
-5.0, -6.0, -2.65 | -0.5950757615694179
-6.0, -5.0, -2.65 | -6.020264979135448
-6.0, -4.0, -2.55 | -8.638633362307855
-6.0, -5.0, -2.75 | -4.018701074095851
-6.0, -5.0, -3.65 | -6.67828284689475
-5.0, -6.0, -3.65 | -29.49557242485986
0.0, -5.0, -3.5 | -1223.2340444918343
-5.0, -6.0, -2.45 | -1.2165934967044691
5.0, -5.0, 5.0 | -1346.58129515182
-5.0, -5.0, -2.55 | -0.5224259370883704
-5.0, -6.0, -2.35 | -2.4019161715961306
-6.0, -5.0, -2.45 | -11.02264423647311
-5.5, -5.5, -2.6 | -2.1866940999174567
-6.0, 5.0, -2.9 | -284.50200924244166
-0.5, -4.0, -2.5 | -441.6301101670783
-5.0, -0.5, -2.6 | -3.3704811447460017
-5.0, 0.0, -2.6 | -7.332653430098999
-5.5, -5.5, -3.0 | -0.9766030293806269
-5.5, -6.0, -2.6 | -2.482023898396963
-5.5, -5.5, -2.9 | -0.923966303598527
-5.5, -5.5, -2.8 | -0.7944656752293549
-5.5, -5.5, -2.7 | -1.2560686840553983
-5.5, -5.5, -2.5 | -4.124930628577003
-5.5, -5.5, -2.4 | -5.634811430520708
-5.5, -5.5, -2.3 | -7.851168472789541
-5.5, -5.5, -2.2 | -11.446574478339334
-5.5, -5.5, -2.1 | -14.888823255015115
-5.5, -5.5, -2.0 | -18.503161692113814
-5.5, -5.5, -3.1 | -1.9152958251848269
-5.5, -5.5, -3.2 | -2.9429459565471934
-5.5, -5.5, -2.95 | -0.8253445661456202
-5.5, -5.5, -3.3 | -5.422360697556704
-5.5, -6.0, -2.95 | -0.6501125386715715
