2.0, -2.0, 0.0, 0.0, 5.0, 2.0, 0.0, -3.0, 0.0 | -200.0
-2.0, -2.0, 0.0, 0.0, 2.0, 2.0, -0.2, 0.6, 0.0 | -200.0
-1.0, -1.0, 0.0, 0.0, 1.0, 1.0, 0.5, 0.0, -0.5 | -200.0
-1.0, -1.0, 0.0, 0.0, 1.0, 1.0, 0.0, 0.0, 0.0 | -200.0
-2.5, -2.5, 0.0, 0.0, 2.5, 2.5, 2.0, 0.0, -2.0 | -200.0
-1.0, -1.0, 0.0, 0.0, 1.0, 1.0, 0.0, 0.0, 0.0 | -200.0
0.0, -5.0, 0.0, 0.0, 0.0, 5.0, 0.2, 0.0, -0.2 | -200.0
-1.0, -5.0, 0.0, 0.0, 1.0, 5.0, 0.0, -1.0, 0.0 | -200.0
-5.0, -5.0, 0.0, 0.0, 5.0, 5.0, 0.0, -5.0, 0.0 | -200.0
0.0, -5.0, 0.0, 0.0, 0.0, 5.0, 0.1, 0.0, -0.1 | -200.0
0.0, -1.0, 0.0, 0.0, 0.0, 1.0, 0.0, -5.0, 0.0 | -134.1
-1.0, -1.0, 0.0, 0.0, 1.0, 1.0, 0.0, -5.0, 0.0 | -200.0
-1.0, -1.0, 0.0, 0.0, 1.0, 1.0, 0.0, 2.0, 0.0 | -200.0
0.5, -1.0, 0.0, 0.0, -0.5, 1.0, 0.4, -6.0, -0.4 | -200.0
-1.0, -1.0, 0.0, 0.0, 1.0, 1.0, 0.0, -5.0, 0.0 | -200.0
0.0, -1.0, 0.0, 0.0, 0.5, 1.0, 0.0, -5.0, 0.0 | -123.7
-1.0, -1.0, 0.0, 0.0, 1.5, 1.0, 0.0, -5.0, 0.0 | -200.0
0.0, -1.0, 0.0, 0.0, 0.5, 2.0, 0.0, -5.0, 0.0 | -143.75
0.0, -2.0, 0.0, 0.0, 1.0, 2.0, 0.0, -5.0, 0.0 | -134.9
0.0, -1.0, 0.0, 0.0, 0.5, 2.0, 0.0, -5.0, 0.0 | -130.9
-1.0, -1.0, 0.0, 0.0, 0.5, 1.0, 0.0, -5.0, 0.0 | -200.0
0.0, -1.0, 0.0, 0.0, 1.5, 2.0, 0.0, -5.0, 0.0 | -125.55
-1.0, -1.0, 0.0, 0.0, 0.5, 1.0, 0.0, -5.0, 0.0 | -200.0
0.0, -1.0, 0.0, 0.0, 1.0, 2.0, 0.0, -5.0, 0.0 | -119.0
0.0, -1.0, 0.0, 0.0, 1.0, 2.0, 0.0, -5.0, 1.0 | -200.0
0.0, -1.0, 0.0, 0.0, 1.0, 3.0, 0.0, -5.0, 0.0 | -131.2
-1.0, -1.0, 0.0, 0.0, 2.0, 3.0, 0.0, -5.0, 0.0 | -200.0
0.0, -1.0, 0.0, 0.0, 2.0, 2.0, 0.0, -5.0, 0.0 | -120.7
0.0, -1.0, 0.0, 0.0, 1.5, 3.0, 0.0, -5.0, 0.5 | -200.0
0.0, -1.0, 0.0, 0.0, 1.0, 2.0, -0.2, -4.5, 0.0 | -200.0
-0.5, -1.0, 0.0, 0.0, 1.0, 2.0, 0.0, -5.0, 0.0 | -200.0
0.0, -1.0, 0.0, 0.0, 0.0, 2.0, 0.0, -5.0, 0.0 | -138.8
0.5, -1.0, 0.0, 0.0, 1.0, 1.5, 0.0, -5.0, 0.0 | -200.0
0.0, -1.0, 0.0, 0.0, 0.0, 2.5, 0.0, -5.0, 0.0 | -120.45
0.0, -1.0, 0.0, 0.0, 1.0, 3.0, 0.0, -5.0, 0.0 | -130.2
0.0, -1.0, 0.0, 0.0, 1.0, 2.0, -0.1, -5.0, 0.5 | -200.0
0.0, -1.0, 0.0, 0.0, 1.3, 2.0, 0.0, -5.0, 0.0 | -114.5
0.0, -1.0, 0.0, 0.0, 1.4, 2.0, 0.0, -5.0, 0.0 | -115.85
0.0, -1.0, 0.0, 0.0, 1.3, 2.1, 0.0, -5.0, 0.0 | -135.65
0.0, -1.0, 0.0, 0.0, 1.5, 2.0, 0.0, -5.0, 0.0 | -128.4
0.0, -1.0, 0.0, 0.0, 1.2, 2.2, -0.5, -5.0, 0.0 | -200.0
0.0, -1.0, 0.0, 0.0, 1.3, 2.0, -0.2, -5.0, 0.0 | -200.0
-0.5, -1.0, 0.0, 0.0, 1.3, 2.0, 0.0, -5.0, 0.0 | -200.0
0.0, -0.9, 0.0, 0.0, 1.3, 2.0, 0.0, -5.0, 0.0 | -125.45
0.0, -2.0, 0.0, 0.0, 1.3, 2.0, 0.0, -5.0, 0.0 | -118.45
0.0, -1.0, 1.0, 0.0, 1.3, 2.0, 0.0, -5.0, 0.0 | -200.0
0.0, -1.0, 0.0, 0.0, 2.0, 0.0, 0.0, -5.0, 0.0 | -200.0
0.0, -1.0, 0.0, 0.0, 2.3, 2.0, 0.0, -5.0, 1.0 | -200.0
0.5, -2.0, 0.0, 0.0, 1.4, 2.0, 0.0, -5.0, 0.0 | -200.0
0.0, -1.0, 0.0, 0.0, 1.35, 2.0, 0.0, -5.0, 0.0 | -116.9
0.0, -1.0, 0.0, 0.0, 1.3, 2.2, 0.0, -5.0, 0.0 | -126.9
0.0, -1.1, 0.0, 0.0, 1.4, 2.2, 0.0, -5.0, 0.0 | -133.9
0.0, -1.0, 0.0, 0.0, 1.3, 1.9, 0.0, -5.0, 0.0 | -150.05
0.0, -1.0, 0.0, 0.0, 1.3, 2.0, 0.0, -5.0, 0.0 | -130.8
1.0, -1.0, 0.0, 0.0, 1.3, 2.0, 0.0, -5.0, 0.0 | -200.0
0.0, -1.0, 0.0, 0.0, 1.3, 2.0, 0.5, -5.0, 0.0 | -200.0
0.0, -1.0, 0.0, 0.0, 1.3, 2.0, 0.1, -5.0, 0.0 | -200.0
0.0, -1.0, 0.0, 0.0, 1.25, 2.0, 0.0, -5.0, 0.0 | -127.75
0.0, -1.0, 0.0, 0.0, 1.3, 2.0, 0.0, -4.5, 0.0 | -133.45
0.0, -1.0, 0.0, 0.0, 2.3, 3.0, 0.0, -5.0, 0.0 | -128.95
0.0, -1.0, 0.0, 0.0, 1.3, 2.0, 0.0, 0.0, 0.0 | -200.0
0.0, -1.0, 0.1, 0.0, 1.3, 2.0, 0.0, -5.0, 0.0 | -200.0
-1.0, -1.0, 0.0, 0.0, 1.3, 2.0, 0.0, -5.0, 0.0 | -200.0
0.0, -1.0, 0.0, 0.0, 1.3, 2.0, 0.0, -5.0, 0.5 | -200.0
0.0, -0.8, 0.0, 0.0, 1.4, 2.0, 0.0, -5.0, 0.0 | -138.4
0.0, -2.0, 0.0, 0.0, 1.3, 2.3, 0.5, -5.0, 0.0 | -200.0
0.0, -1.0, 0.0, 0.0, 1.2, 2.0, 0.0, -5.0, 0.0 | -123.15
-0.5, -1.0, 0.0, 0.0, 1.3, 2.0, 0.0, -5.0, 0.0 | -200.0
0.0, -1.0, 0.0, 0.0, 1.4, 3.0, 0.0, -3.0, 0.0 | -127.3
0.0, -1.0, 0.0, 0.0, 1.3, 2.1, 0.0, -5.0, 0.0 | -130.6
0.0, -1.0, 0.0, 0.0, 1.3, 2.0, 0.0, -4.0, 0.0 | -127.4
0.0, -1.0, 0.0, 0.0, 1.4, 2.0, 0.0, -5.0, 0.0 | -122.05
0.0, -1.0, 0.0, 0.0, 1.2, 2.0, 0.0, -5.0, 0.0 | -129.35
-0.5, -1.0, 0.0, 0.0, 1.5, 2.0, 0.0, -5.0, 0.0 | -200.0
0.1, -1.0, 0.0, 0.0, 1.3, 2.0, 0.0, -5.0, 0.0 | -200.0
0.5, -1.0, 0.0, 0.0, 1.3, 2.0, 0.0, -5.0, 0.0 | -200.0
0.0, -1.0, 0.0, 0.0, 1.3, 2.0, 0.0, -5.0, 1.0 | -200.0
0.0, -1.0, 0.0, 0.0, 1.3, 2.0, 0.2, -5.0, 0.0 | -200.0
0.0, -1.0, 0.5, 0.5, 1.3, 2.0, 0.0, -4.0, 0.0 | -200.0
0.0, -1.0, 0.0, 0.0, 1.5, 2.0, 0.0, -5.0, 0.0 | -139.35
0.0, -0.9, 0.0, 0.0, 1.3, 2.0, 0.0, -5.0, 0.0 | -136.85
0.0, -1.0, 0.0, 0.0, 1.0, 2.0, 0.0, -5.0, 0.0 | -128.5
0.0, -1.0, 0.0, 0.0, 1.3, 2.0, 0.0, -5.0, -0.1 | -200.0
0.0, -1.0, 0.0, 0.0, 1.3, 2.0, 0.1, -5.0, 0.0 | -200.0
0.0, -1.0, 0.0, 0.0, 1.3, 1.9, 0.0, -5.0, 0.0 | -127.8
0.0, -1.0, 0.0, 0.0, 1.3, 2.0, 0.0, -6.0, 0.0 | -137.3
0.0, -1.0, 0.0, 0.0, 1.3, 2.2, 0.0, -5.0, 0.0 | -134.75
1.0, -1.0, 0.0, 0.0, 1.3, 2.0, 0.0, -5.0, 0.0 | -200.0
0.0, -1.0, 0.0, 0.0, 1.3, 1.8, 0.0, -5.0, 0.0 | -128.0
0.0, -1.0, 0.0, 0.0, 1.3, 1.5, 0.0, -5.0, 0.0 | -120.1
0.0, -1.0, 0.0, 0.0, 1.3, 2.2, 0.0, -5.0, 0.0 | -142.3
0.0, -1.0, 0.0, 0.0, 2.3, 2.0, 0.0, -5.0, 0.0 | -126.35
0.0, -1.0, 0.0, 0.0, 1.3, 2.0, -0.5, -5.0, 0.0 | -200.0
0.0, -1.0, 0.0, 0.0, 1.33, 2.05, 0.0, -5.0, 0.0 | -122.95
-0.5, -1.0, 0.0, 0.0, 1.3, 2.0, 0.0, -5.0, 0.0 | -200.0
0.0, -1.0, 0.0, 0.0, 1.2, 2.1, 0.0, -5.0, 0.0 | -135.4
0.0, -1.0, 0.0, 0.0, 1.3, 2.5, 0.0, -5.0, 0.0 | -125.15
0.0, -1.0, 0.0, 0.0, 1.3, 2.0, 0.0, -5.0, 0.0 | -127.75
0.0, -1.0, 0.0, 0.0, 1.3, 1.6, 0.0, -5.0, 0.0 | -137.7
0.0, -1.0, 0.0, 0.0, 1.3, 2.0, 0.0, -5.0, 0.5 | -200.0
0.0, -1.1, 0.0, 0.0, 1.3, 2.0, 0.0, -5.0, 0.0 | -131.65
0.5, -1.0, 0.0, 0.0, 1.3, 2.0, 0.0, -5.0, 0.0 | -200.0
0.0, -1.0, 0.0, 0.0, 1.3, 2.0, 0.0, -5.0, 0.2 | -200.0
0.0, -1.0, 0.0, 0.0, 1.35, 2.0, 0.1, -5.0, 0.0 | -200.0
0.0, -1.0, 0.0, 0.0, 1.32, 2.0, 0.0, -5.0, 0.0 | -123.05
0.0, -1.0, 0.0, 0.0, 1.4, 2.0, 0.0, -5.0, 0.0 | -132.1
0.0, -2.0, 0.0, 0.0, 1.3, 2.0, 0.0, -5.0, 0.0 | -118.05
1.0, -1.0, 0.0, 0.0, 1.4, 2.0, 0.0, -5.0, 0.0 | -200.0
0.0, -2.0, 0.0, 0.0, 1.35, 2.0, 0.0, -5.0, 0.0 | -133.85
0.0, -3.0, 0.0, 0.0, 1.3, 2.0, 0.0, -5.0, 0.0 | -136.25
0.0, -2.0, 0.0, 0.0, 1.4, 1.5, 0.0, -5.0, 0.0 | -133.25
-0.5, -1.0, 0.5, 0.0, 1.3, 2.0, 0.0, -5.0, 0.0 | -200.0
0.0, -1.0, 0.0, 0.0, 1.36, 2.0, 0.0, -5.0, 0.0 | -132.4
0.0, 0.0, 0.0, 0.0, 1.35, 2.0, 0.0, -5.0, 0.0 | -122.3
0.0, -1.5, 0.0, 0.0, 1.4, 2.0, 0.0, -5.0, 0.0 | -122.75
0.0, -2.0, 0.0, 0.0, 1.3, 1.5, 0.0, -5.0, 0.0 | -126.2
0.0, -2.0, 0.0, 0.0, 1.3, 2.0, 0.5, -5.0, 0.0 | -200.0
0.0, -2.1, 0.0, 0.0, 1.3, 2.0, 0.0, -5.0, 0.0 | -130.05
0.0, -1.0, 0.0, 0.0, 1.45, 2.0, 0.0, -5.0, 0.0 | -133.8
0.0, -2.0, 0.0, 0.0, 1.4, 2.2, 0.0, -5.0, 0.0 | -133.2
-1.0, -2.0, 0.0, 0.0, 1.3, 2.0, 0.0, -5.0, 0.0 | -200.0
0.0, -2.0, 0.0, 0.0, 1.3, 2.0, 0.0, -6.0, 0.0 | -137.55
0.0, -2.0, 0.0, 0.0, 1.3, 1.9, 0.0, -5.0, 0.0 | -141.15
0.0, -2.0, 0.0, 0.0, 1.3, 3.0, 0.0, -5.0, 0.0 | -127.7
0.5, -2.0, 0.0, 0.0, 1.3, 2.0, 0.0, -5.0, 0.0 | -200.0
0.0, -2.0, 0.0, 0.0, 1.3, 1.8, 0.0, -5.0, 0.0 | -132.85
0.0, -2.0, 0.0, 0.0, 1.3, 2.0, 1.0, -5.0, 0.0 | -200.0
0.0, -2.0, 0.0, 0.0, 1.4, 2.0, 0.0, -5.0, 0.0 | -112.75
0.0, -2.0, 0.0, 0.0, 1.5, 2.0, 0.0, -5.0, 0.0 | -121.95
0.0, -2.0, 0.0, 0.0, 1.4, 2.0, 0.0, -4.0, 0.0 | -123.85
0.0, -2.2, 0.0, 0.0, 1.4, 2.0, 0.0, -5.0, 0.0 | -120.25
0.0, -3.0, 0.0, 0.0, 1.4, 2.0, 0.0, -5.0, 0.0 | -132.05
0.0, -2.0, 0.5, 0.0, 1.4, 2.0, 0.0, -5.0, 0.0 | -200.0
0.2, -2.0, 0.0, 0.0, 1.4, 2.0, 0.0, -5.0, 0.0 | -200.0
0.0, -2.0, 0.0, 0.0, 1.4, 2.0, -0.5, -5.0, 0.0 | -200.0
0.0, -2.0, 0.0, 0.0, 1.4, 2.1, 0.0, -5.0, 0.0 | -117.9
-0.5, -2.0, 0.0, 0.0, 1.4, 2.0, 0.0, -5.0, 0.0 | -200.0
0.0, -2.5, 0.0, 0.0, 1.4, 2.0, 0.0, -5.0, 0.0 | -125.85
0.0, -2.0, 0.0, 0.0, 1.4, 2.0, 0.0, -5.0, 0.5 | -200.0
0.0, -1.9, 0.0, 0.0, 1.4, 2.0, 0.0, -5.0, 0.0 | -133.85
0.0, -2.0, 0.0, 0.0, 1.4, 2.0, 0.5, -5.0, 0.0 | -200.0
0.0, -2.05, 0.0, 0.0, 1.4, 2.0, 0.0, -5.0, 0.0 | -118.4
0.0, -2.0, 0.1, 0.0, 1.4, 2.0, 0.0, -5.0, 0.0 | -200.0
0.0, -2.0, 0.5, 0.0, 1.4, 2.0, 0.0, -5.0, 0.0 | -200.0
0.0, -2.0, 0.0, 0.0, 1.4, 2.0, 0.0, -4.5, 0.0 | -134.55
0.0, -2.0, 0.0, 0.0, 1.5, 2.0, 0.0, -5.0, 0.0 | -131.0
0.0, -2.0, 0.0, 0.0, 1.4, 2.0, 0.0, -5.0, 0.5 | -200.0
-0.2, -2.0, 0.0, 0.0, 1.4, 2.0, 0.0, -5.0, 0.0 | -200.0
0.0, -2.0, 0.0, 0.0, 1.4, 1.9, 0.0, -5.0, 0.0 | -139.55
0.0, -2.0, 0.0, 0.0, 1.4, 2.1, 0.0, -5.0, 0.0 | -135.05
0.0, -2.0, 0.0, 0.0, 1.4, 2.0, 0.0, -5.0, 0.5 | -200.0
0.0, -2.0, -0.5, 0.0, 1.4, 2.0, 0.0, -5.0, 0.0 | -200.0
0.0, -2.0, 0.0, 0.0, 1.4, 2.0, -0.1, -5.0, 0.0 | -200.0
0.0, -2.0, 0.0, 0.5, 1.4, 2.0, 0.0, -5.0, 0.0 | -131.4
0.0, -2.0, -0.1, 0.0, 1.4, 2.0, 0.0, -5.0, 0.0 | -200.0
0.0, -2.0, 0.0, 0.0, 1.4, 2.0, -0.1, -5.0, 0.1 | -200.0
0.0, -2.0, 0.0, 0.0, 1.4, 2.0, 0.0, -4.0, 0.0 | -125.55
0.0, -2.0, 0.0, 0.0, 1.4, 2.0, 0.0, -4.8, 0.0 | -124.9
0.0, -2.0, 0.0, 0.0, 1.3, 2.0, 0.0, -5.0, 0.0 | -121.2
1.0, -2.0, 0.0, 0.0, 1.4, 2.0, 0.0, -5.0, 0.0 | -200.0
-0.5, -2.0, 0.0, 0.0, 1.4, 2.0, 0.0, -5.0, 0.0 | -200.0
0.0, -3.0, 0.0, 0.0, 1.4, 2.0, 0.0, -5.0, 0.0 | -125.3
0.0, -2.0, 0.0, 0.5, 1.4, 2.0, 0.0, -5.0, 0.0 | -132.75
0.5, -2.0, 0.0, 0.0, 1.4, 2.0, 0.0, -5.0, 0.0 | -200.0
0.0, -2.0, 0.0, 0.0, 1.4, 2.5, 0.0, -5.0, 0.0 | -125.55
0.0, -2.0, 0.0, 0.0, 1.45, 2.0, 0.0, -5.0, 0.0 | -124.4
0.0, -2.0, 0.0, 0.0, 1.45, 2.2, 0.0, -5.0, 0.0 | -129.0
0.0, -2.0, 1.0, 0.0, 1.4, 2.0, 0.0, -5.0, 0.0 | -200.0
0.0, -2.4, 0.0, 0.0, 1.4, 2.0, 0.0, -5.0, 0.0 | -135.3
0.0, -2.0, 0.0, 0.0, 1.4, 2.0, 0.1, -5.0, 0.0 | -200.0
0.0, -1.9, 0.0, 0.0, 1.4, 2.0, 0.0, -5.0, 0.0 | -124.1
0.0, -2.0, 0.0, 0.0, 1.4, 2.0, 1.0, -5.0, 0.0 | -200.0
0.0, -1.8, 0.0, 0.0, 1.4, 2.0, 0.0, -5.0, 0.0 | -145.4
0.0, -2.0, 0.0, 0.0, 1.4, 2.0, 0.0, -5.0, 0.5 | -200.0
0.0, -2.0, 0.0, 0.0, 1.38, 2.0, 0.0, -5.0, 0.0 | -121.45
-1.0, -2.0, 0.0, 0.0, 1.4, 2.0, 0.0, -5.0, 0.0 | -200.0
0.0, -2.0, 0.0, 0.0, 1.5, 2.0, 0.0, -5.0, 0.0 | -137.35
0.0, -2.0, 0.0, 0.0, 1.4, 2.0, 0.0, -4.9, 0.0 | -139.45
0.0, -2.0, 0.0, 0.0, 1.4, 2.1, 0.0, -5.0, 0.0 | -126.8
0.0, -2.0, 0.2, 0.0, 1.4, 2.0, 0.0, -5.0, 0.0 | -200.0
0.0, -2.0, 0.0, -0.5, 1.4, 2.0, 0.0, -5.0, 0.0 | -128.1
0.0, -2.0, 0.0, 0.0, 1.4, 2.0, -0.5, -5.0, 0.0 | -200.0
0.0, -2.0, 0.0, 0.0, 1.5, 2.0, 0.0, -5.0, 0.0 | -130.9
0.0, -2.0, 0.0, 0.0, 1.4, 2.0, 0.0, -5.0, -0.5 | -200.0
-0.5, -2.0, 0.0, 0.0, 1.4, 2.0, 0.0, -5.0, 0.0 | -200.0
0.0, -2.0, 0.0, 0.0, 1.4, 2.1, 0.0, -4.0, 0.0 | -115.2
0.0, -2.0, 0.0, 0.0, 1.4, 2.0, 0.0, -3.0, 0.0 | -128.3
0.0, -2.0, 0.0, 0.0, 1.4, 1.9, 0.0, -5.0, 0.0 | -130.2
0.0, -2.0, 0.0, 0.0, 1.35, 2.0, 0.0, -5.0, 0.0 | -120.15
0.0, -2.0, 0.0, 0.0, 1.4, 2.0, 0.0, -5.0, 0.5 | -200.0
0.5, -2.0, 0.0, 0.0, 1.4, 2.0, 0.0, -5.0, 0.0 | -200.0
0.0, -2.0, 0.0, 0.0, 1.4, 2.0, 0.0, -5.2, 0.0 | -133.8
0.0, -2.1, 0.0, 0.0, 1.4, 2.0, 0.0, -5.0, 0.0 | -136.5
0.0, -2.0, 0.0, 0.0, 1.5, 2.0, 0.0, -4.0, 0.0 | -114.0
0.0, -2.0, 0.0, 0.0, 1.6, 2.0, 0.0, -5.0, 0.0 | -124.7
0.0, -2.0, 0.0, 0.0, 1.4, 2.0, 0.0, -5.0, 0.0 | -132.05
0.0, -3.0, 0.0, 0.0, 1.4, 2.0, 0.0, -5.0, 0.0 | -122.55
0.0, -2.0, 0.0, 0.0, 1.4, 2.0, -0.2, -5.0, 0.0 | -200.0
0.0, -2.0, 0.0, 0.0, 1.5, 2.1, 0.0, -4.0, 0.0 | -128.3
0.0, -2.0, 0.0, 0.0, 1.5, 2.0, 0.0, -4.1, 0.0 | -115.45
0.0, -2.0, 0.0, 0.0, 1.5, 2.2, 0.0, -4.0, 0.0 | -126.45
0.0, -2.0, 0.0, 0.0, 1.5, 3.0, 0.0, -4.0, 0.0 | -137.85
0.0, -2.0, 0.0, 0.0, 1.5, 2.0, 0.0, -3.5, 0.0 | -122.8
0.0, -2.0, 0.0, 0.0, 1.5, 2.0, 0.5, -4.0, 0.0 | -200.0
1.0, -2.0, 0.0, 0.0, 1.5, 2.0, 0.0, -4.0, 0.0 | -200.0
0.0, -1.0, 0.0, 0.0, 1.5, 2.0, 0.0, -4.0, 0.0 | -124.4
0.0, -2.1, 0.0, 0.0, 1.5, 2.0, 0.0, -4.0, 0.0 | -134.3
0.0, -2.0, 0.0, 0.0, 1.5, 2.1, 0.0, -4.0, 0.0 | -138.9
0.0, -1.9, 0.0, 0.0, 1.55, 2.0, 0.0, -4.0, 0.0 | -129.9
0.0, -2.0, 0.0, 0.0, 1.6, 2.0, 0.0, -4.0, 0.0 | -134.3
-0.5, -2.0, 0.0, 0.0, 1.5, 2.0, 0.0, -4.0, 0.0 | -200.0
0.2, -2.0, 0.0, 0.0, 1.5, 2.0, 0.0, -4.0, 0.0 | -200.0
-1.0, -2.0, 0.0, 0.0, 1.5, 2.0, 0.0, -4.0, 0.0 | -200.0
0.0, -2.0, 0.0, 0.0, 1.5, 2.0, 0.5, -4.0, 0.0 | -200.0
0.0, -2.0, 0.0, 0.0, 1.5, 2.0, 0.0, -3.9, 0.0 | -134.7
0.0, -2.0, 0.0, 0.0, 1.5, 2.0, 0.0, -4.0, 1.0 | -200.0
0.0, -2.0, 0.0, 0.0, 1.55, 2.0, 0.0, -4.0, 0.0 | -138.65
0.0, -2.0, 0.0, 0.0, 1.5, 2.0, 0.0, -4.0, 0.0 | -124.2
0.0, -1.95, 0.0, 0.0, 1.5, 2.0, 0.0, -4.0, 0.0 | -120.4
0.0, -2.0, 0.0, 0.0, 1.5, 2.0, 0.0, -3.8, 0.0 | -123.7
0.5, -2.0, 0.0, 0.0, 1.5, 2.0, 0.0, -4.0, 0.0 | -200.0
0.0, -2.0, 0.0, 0.0, 1.3, 2.0, 0.0, -4.0, 0.0 | -133.85
0.0, -2.0, 0.0, 0.0, 1.4, 2.0, 0.0, -4.0, 0.0 | -139.8
0.0, -2.0, 0.0, 0.0, 1.5, 1.9, 0.0, -4.0, 0.0 | -146.25
0.0, -2.0, 0.0, 0.0, 1.45, 2.0, 0.0, -4.0, 0.0 | -123.85
0.0, -2.0, 0.1, 0.0, 1.5, 2.0, 0.0, -4.0, 0.0 | -200.0
0.0, -2.0, 0.0, 0.0, 1.5, 3.0, 0.0, -4.0, 0.0 | -133.8
0.0, 0.0, 0.0, 0.0, 1.5, 2.0, 0.1, -4.0, 0.0 | -200.0
0.0, -3.0, 0.0, 0.0, 1.5, 2.0, 0.0, -4.0, 0.0 | -134.0
1.0, -2.0, 0.0, 0.0, 1.4, 2.1, 0.0, -4.0, 0.0 | -200.0
0.0, -2.0, 0.0, 1.0, 1.5, 2.0, 0.0, -4.0, 0.0 | -115.1
0.0, -2.0, 0.0, 2.0, 1.5, 2.2, 0.0, -4.0, 0.0 | -118.7
0.0, -2.0, 0.0, 1.5, 1.5, 2.0, 0.0, -4.0, 0.0 | -135.35
0.0, -2.0, 0.0, 0.5, 1.5, 2.0, 0.0, -4.0, 0.0 | -124.85
0.0, -1.9, 0.0, 0.0, 1.5, 2.0, 0.0, -4.0, 0.0 | -134.95
0.0, -2.0, 0.0, 3.0, 1.5, 2.0, 0.0, -4.0, 0.0 | -200.0
0.0, -2.0, -0.5, 1.0, 1.5, 2.0, 0.0, -4.0, 0.0 | -200.0
0.0, -2.0, 0.0, 0.0, 2.5, 2.0, 0.0, -3.0, 0.0 | -138.1
0.0, -2.0, 0.0, 0.9, 1.5, 2.0, 0.0, -4.2, 0.0 | -128.9
0.0, -2.0, 0.0, 0.0, 1.6, 2.0, 0.0, -4.0, 0.0 | -130.8
0.0, -2.0, 0.0, 1.0, 1.5, 2.3, 0.0, -4.0, 0.0 | -129.5
0.0, -2.0, 0.0, 0.0, 1.6, 2.1, 0.0, -4.0, 0.0 | -122.75
0.0, -2.1, 0.0, 0.0, 1.5, 2.0, -0.1, -4.0, 0.0 | -200.0
0.0, -2.0, 0.0, 1.5, 1.5, 2.0, 0.0, -4.0, 0.0 | -117.0
0.0, -2.0, 0.0, 0.0, 1.5, 1.8, 0.0, -4.0, 0.0 | -141.2
0.0, -2.0, 0.0, 0.0, 1.5, 2.0, 0.0, -4.0, 0.1 | -200.0
0.0, -2.0, 0.0, 0.8, 1.4, 2.1, 0.0, -4.0, 0.0 | -137.5
0.0, -2.0, 0.0, 0.0, 1.5, 2.2, 0.0, -4.0, 0.0 | -142.05
0.0, -2.0, 0.0, 1.0, 1.5, 2.0, 0.0, -3.9, 0.0 | -135.05
0.0, -2.0, 0.0, 0.8, 1.5, 2.0, 0.0, -4.0, 0.0 | -120.65
0.0, -2.0, 0.0, 2.0, 1.5, 2.0, 0.0, -4.0, 0.0 | -200.0
0.0, -2.0, 0.0, 1.0, 1.5, 2.1, 0.0, -4.0, 0.0 | -127.25
0.0, -2.0, 0.5, 0.5, 1.5, 2.0, 0.0, -4.0, 0.0 | -200.0
0.0, -2.0, 0.0, 0.0, 1.5, 2.0, 0.0, -4.0, 0.5 | -200.0
0.0, -2.0, 0.0, 0.0, 1.5, 2.0, 0.0, -3.7, 0.0 | -126.35
0.0, -1.0, 0.0, 1.0, 1.5, 2.1, 0.0, -4.0, 0.0 | -128.1
0.0, -2.0, 0.5, 0.0, 1.5, 2.0, 0.0, -4.0, 0.0 | -200.0
0.0, -2.0, 0.0, 0.0, 1.5, 2.0, 0.0, -4.0, 0.0 | -138.2
0.5, -2.0, 0.0, 1.0, 1.5, 2.0, 0.0, -4.0, 0.0 | -200.0
0.0, -2.0, 0.0, 1.2, 1.5, 2.0, 0.0, -4.0, 0.0 | -130.7
0.0, -2.0, 0.0, 1.1, 1.5, 2.0, 0.0, -4.0, 0.0 | -120.75
0.1, -2.0, 0.0, 0.0, 1.5, 2.0, 0.0, -4.0, 0.0 | -184.55
0.0, -2.0, 0.0, 0.0, 1.5, 2.0, 0.0, -4.1, 0.0 | -138.85
0.0, -3.0, 0.0, 0.0, 1.5, 2.0, 0.0, -4.0, 0.0 | -118.15
0.0, -2.0, 0.0, 0.8, 1.5, 2.0, 0.0, -4.1, 0.0 | -121.05
0.0, -2.0, 0.0, 0.9, 1.5, 2.0, 0.0, -4.0, 0.0 | -132.6
0.0, -2.0, 0.0, 1.0, 1.6, 2.1, 0.0, -4.0, 0.0 | -135.45
0.0, -3.0, 0.0, 1.0, 1.5, 2.0, 0.0, -4.0, 0.0 | -131.0
0.0, -2.0, 0.0, 0.0, 1.5, 2.0, -1.0, -4.1, 0.0 | -200.0
0.0, -2.0, 0.0, 1.0, 1.5, 2.5, 0.0, -4.0, 0.0 | -136.3
0.0, -2.0, -0.1, 1.0, 1.5, 2.0, 0.0, -4.0, 0.0 | -200.0
-2.0, -2.0, 0.0, 1.0, 1.5, 2.0, 0.0, -4.0, 0.0 | -200.0
0.0, -2.0, 0.0, 1.0, 1.5, 1.9, 0.0, -4.0, 0.0 | -133.05
0.0, -2.0, 0.0, 1.0, 1.5, 2.0, 0.0, -3.8, 0.0 | -123.05
0.0, -2.0, 0.0, 1.0, 1.5, 2.0, 0.0, -3.5, 0.0 | -122.25
0.0, -2.0, 0.5, 1.0, 1.5, 2.0, 0.0, -4.0, 0.0 | -200.0
0.0, -2.0, 0.0, 1.5, 1.5, 2.0, 0.0, -4.0, 0.0 | -133.7
0.0, -2.0, 0.0, 1.0, 1.5, 2.0, 0.0, -4.0, 0.5 | -200.0
0.0, -2.0, 0.0, 1.0, 1.5, 2.1, 0.0, -4.0, 0.0 | -133.15
0.0, -1.0, 0.0, 1.0, 1.5, 2.0, 0.0, -4.0, 0.0 | -132.85
0.0, -2.0, 0.0, 1.0, 1.5, 2.0, 0.0, -4.0, 0.0 | -141.25
0.0, -2.0, 0.0, 1.0, 1.5, 2.0, 0.0, -3.0, 0.0 | -128.0
-0.5, -2.0, 0.0, 1.0, 2.0, 2.0, 0.0, -4.0, 0.0 | -200.0
0.0, -3.0, 0.0, 1.0, 1.5, 2.0, 0.0, -4.0, 0.0 | -127.65
0.0, -2.0, 0.0, 1.2, 1.5, 2.0, 0.0, -3.7, 0.0 | -138.35
0.0, -2.0, 0.0, 1.1, 1.5, 2.0, 0.0, -4.0, 0.0 | -136.75
1.0, -2.0, 0.0, 1.0, 1.5, 2.0, 0.0, -4.0, 0.0 | -200.0
0.5, -2.0, 0.0, 1.0, 1.5, 2.0, 0.0, -4.0, 0.0 | -200.0
-1.0, -2.0, 0.0, 1.0, 1.5, 2.0, 0.0, -4.0, 0.0 | -200.0
0.0, -1.5, 0.0, 1.0, 1.5, 2.0, 0.0, -4.0, 0.0 | -128.8
-0.5, -2.0, 0.0, 1.0, 1.5, 2.0, 0.0, -4.0, 0.0 | -200.0
0.0, -2.0, 0.0, 1.0, 1.4, 2.0, 0.0, -4.0, 0.0 | -118.45
0.0, -2.0, 0.0, 1.0, 1.5, 2.1, 0.0, -5.0, 0.0 | -133.0
-0.2, -2.0, 0.0, 1.0, 1.5, 2.0, 0.0, -4.0, 0.0 | -200.0
0.0, -2.0, 0.0, 1.0, 1.5, 3.0, 0.0, -4.0, 0.0 | -135.4
0.0, -2.0, 0.0, 1.0, 1.6, 2.0, 0.0, -4.0, 0.0 | -114.15
0.0, -2.0, 0.0, 1.0, 2.6, 2.0, 0.0, -4.0, 0.0 | -120.35
0.0, -2.0, 0.0, 1.0, 1.7, 2.0, 0.0, -4.0, 0.0 | -133.5
0.0, -2.0, 0.0, 1.0, 1.6, 2.0, 0.0, -3.9, 0.0 | -137.25
0.0, -2.0, 0.0, 1.0, 1.8, 2.0, 0.0, -4.0, 0.0 | -126.85
0.0, -2.0, 0.0, 1.0, 1.55, 2.0, 0.0, -4.0, 0.0 | -128.75
0.0, -2.0, 0.0, 1.0, 1.6, 2.2, 0.0, -3.8, 0.0 | -119.35
0.0, -3.0, 0.0, 1.0, 1.6, 2.0, 0.0, -4.0, 0.0 | -140.6
0.0, -2.0, 0.0, 1.0, 1.6, 1.9, 0.0, -4.0, 0.0 | -127.4
0.0, -2.0, 0.0, 0.9, 1.6, 2.0, 0.0, -4.0, 0.0 | -138.2
-0.5, -2.0, 0.0, 1.0, 1.6, 2.0, 0.0, -4.0, 0.0 | -200.0
0.0, -2.0, 0.0, 1.0, 1.6, 2.0, 0.0, -3.0, 0.0 | -130.55
0.0, -2.0, 0.0, 1.3, 1.6, 2.1, 0.0, -3.5, 0.0 | -144.6
0.0, -2.0, 0.2, 1.0, 1.6, 2.0, 0.0, -4.0, 0.0 | -200.0
0.0, -2.0, 0.0, 1.0, 1.6, 2.0, 0.0, -3.5, 0.0 | -122.1
0.0, -2.0, 0.0, 1.0, 1.65, 2.0, 0.0, -4.0, 0.0 | -133.45
0.0, -2.0, 0.0, 1.0, 1.6, 2.0, 0.0, -4.0, 0.0 | -134.1
0.0, -1.9, 0.0, 1.0, 1.6, 2.0, 0.0, -4.0, 0.0 | -135.1
0.1, -2.0, 0.0, 1.0, 1.6, 2.0, 0.0, -4.0, 0.0 | -200.0
-1.0, -3.0, 0.0, 0.0, 1.4, 2.0, 0.0, -4.0, 0.0 | -200.0
0.0, -2.0, 0.0, 1.0, 1.6, 2.05, 0.0, -4.0, 0.0 | -138.2
0.0, -2.0, 0.0, 1.0, 1.6, 2.0, 0.0, -4.0, 0.5 | -200.0
1.0, -1.0, 0.0, 1.0, 1.6, 2.0, 0.0, -4.0, 0.0 | -200.0
0.0, -2.0, 0.0, 1.0, 1.6, 2.0, 0.0, -3.7, 0.0 | -139.35
0.0, -2.0, 0.0, 1.0, 1.6, 2.0, 0.0, -4.0, -1.0 | -200.0
0.0, -2.0, 0.0, 1.0, 1.6, 1.8, 0.0, -4.0, 0.0 | -128.0
0.0, -2.0, 0.0, 1.0, 1.7, 2.0, 0.0, -4.0, 0.0 | -138.2
0.0, -2.0, 0.0, 1.0, 1.6, 2.3, 0.0, -4.0, 0.0 | -139.9
0.0, -2.0, 0.0, 0.8, 1.6, 2.0, 0.0, -4.0, 0.0 | -125.05
0.0, -2.0, 0.0, 1.0, 1.8, 2.1, 0.0, -4.0, 0.0 | -127.85
0.0, -2.0, 0.0, 1.0, 1.6, 2.0, -0.5, -4.0, 0.0 | -200.0
0.0, -2.0, 0.0, 1.0, 1.55, 2.0, 0.0, -4.0, 0.0 | -128.85
0.0, -2.0, 0.0, 1.0, 1.6, 2.0, 0.0, -4.0, 0.0 | -135.3
0.0, -2.0, 0.0, 1.0, 2.6, 3.0, 0.0, -4.0, 0.0 | -128.75
-0.5, -2.0, 0.0, 1.0, 1.6, 2.0, 0.0, -4.0, 0.0 | -200.0
1.0, -2.0, 0.0, 1.0, 1.6, 2.0, 0.0, -4.0, 0.0 | -200.0
0.0, -2.0, 0.0, 1.0, 1.6, 2.0, 0.5, -4.0, 0.0 | -200.0
0.0, -2.0, 0.0, 1.0, 1.6, 2.0, 0.0, -4.2, 0.0 | -123.5
0.0, -2.0, 0.0, 1.1, 1.6, 2.0, 0.0, -4.0, 0.0 | -132.7
-1.0, -2.0, 0.0, 1.0, 1.6, 2.0, 0.0, -4.0, 1.0 | -200.0
0.0, -2.0, 0.0, 2.0, 1.6, 2.0, 0.0, -4.0, 0.0 | -200.0
0.0, -2.0, 0.0, 1.0, 1.5, 2.0, 0.0, -4.0, 0.0 | -118.6
0.0, -2.0, 0.0, 1.0, 1.6, 2.0, 0.0, -3.9, 0.0 | -135.45
0.5, -2.0, 0.0, 1.0, 1.6, 1.9, 0.0, -4.0, 0.0 | -200.0
0.0, -2.0, -0.1, 1.0, 1.6, 2.0, 0.0, -4.0, 0.0 | -200.0
0.0, -1.9, 0.0, 1.0, 1.6, 2.0, 0.0, -4.0, 0.0 | -130.75
0.0, -2.0, 0.0, 1.0, 1.6, 2.0, 0.0, -3.8, 0.0 | -129.05
0.2, -2.0, 0.0, 1.0, 1.6, 2.0, 0.0, -4.0, 0.0 | -200.0
0.0, -2.0, 0.0, 1.0, 2.0, 2.0, 0.0, -4.0, 0.0 | -142.25
0.0, -3.0, 0.0, 1.0, 1.6, 2.0, 0.0, -4.0, 0.0 | -131.2
0.1, -2.0, 0.0, 1.0, 1.6, 2.0, 0.0, -4.0, 0.0 | -200.0
0.0, -2.0, 0.0, 1.0, 1.3, 2.0, 0.0, -4.0, 0.0 | -132.95
0.0, -2.0, 0.0, 1.0, 1.6, 2.3, 0.0, -3.9, 0.0 | -118.2
0.0, -2.0, 0.0, 1.0, 1.7, 2.0, 0.0, -4.0, 0.0 | -138.2
0.0, -2.0, 0.0, 1.0, 1.6, 2.4, 0.0, -3.9, 0.0 | -134.55
0.0, -1.8, 0.0, 1.0, 1.6, 2.0, 0.0, -4.0, 0.0 | -137.85
0.0, -2.0, 0.0, 1.0, 1.6, 2.0, 0.0, -4.0, 0.0 | -136.95
0.0, -2.0, 0.0, 1.0, 1.6, 2.0, 0.1, -4.0, 0.0 | -200.0
0.0, -2.0, 0.0, 0.9, 1.6, 2.0, 0.0, -4.0, 0.0 | -133.7
0.0, -2.0, 0.0, 1.0, 1.6, 2.2, 0.0, -4.0, 0.0 | -134.75
0.0, -2.0, 0.0, 1.0, 1.6, 2.1, 0.0, -4.0, 0.0 | -147.15
0.0, -2.0, 0.0, 1.0, 1.4, 2.0, 0.0, -4.4, 0.0 | -130.75
0.0, -2.0, 1.0, 1.0, 1.6, 2.0, 0.0, -4.0, 0.0 | -200.0
0.0, -2.0, 0.0, 1.0, 1.7, 2.3, 0.0, -3.9, 0.0 | -128.05
0.0, -2.0, 0.0, 1.0, 1.6, 2.0, 0.0, -4.0, 0.5 | -200.0
0.0, -2.0, 0.0, 1.0, 1.5, 2.3, 0.0, -4.0, 0.0 | -133.8
0.0, -2.0, 0.0, 1.0, 1.6, 2.0, 0.0, -4.1, 0.0 | -121.65
0.5, -2.0, 0.0, 1.0, 1.6, 2.0, 0.0, -4.0, 0.0 | -200.0
0.0, -2.0, 0.0, 1.0, 1.5, 2.3, 0.0, -3.9, 0.0 | -131.5
0.0, -2.0, 0.0, 1.0, 1.7, 2.2, 0.0, -4.1, 0.0 | -131.65
0.0, -2.0, 0.0, 1.0, 1.6, 2.0, 0.0, -4.0, 0.0 | -134.8
0.0, -2.0, 0.0, 1.0, 1.6, 2.3, 0.0, -3.8, 0.0 | -119.3
0.0, -2.0, 0.0, 1.0, 1.5, 2.0, 0.0, -3.9, 0.0 | -131.6
0.0, -2.0, 0.0, 1.0, 1.5, 1.8, 0.0, -4.0, 0.0 | -127.55
0.0, -2.0, 0.0, 1.0, 1.5, 2.3, 0.0, -3.85, 0.0 | -125.7
0.1, -2.0, 0.0, 1.0, 1.6, 2.3, 0.0, -3.9, 0.0 | -200.0
0.0, -2.0, 0.0, 1.0, 1.5, 2.3, 0.0, -3.9, 0.0 | -127.35
0.0, -2.0, 0.0, 1.0, 1.5, 2.2, 0.0, -3.9, 0.0 | -125.35
0.0, -2.0, 0.0, 1.0, 1.6, 2.3, 0.0, -3.95, 0.0 | -121.25
0.0, -2.0, 0.0, 1.0, 1.5, 2.4, 0.0, -3.9, 0.0 | -128.5
0.0, -2.0, 0.0, 1.2, 1.7, 2.4, 0.0, -3.7, 0.0 | -136.0
0.0, -2.0, 0.0, 1.0, 1.5, 2.5, 0.0, -4.2, 0.0 | -133.9
0.0, -2.5, 0.0, 1.0, 1.5, 2.1, 0.0, -3.8, 0.0 | -124.2
0.0, -2.0, 0.0, 1.0, 1.5, 1.95, 0.0, -4.0, 0.0 | -134.55
0.0, -2.0, 0.0, 1.0, 1.8, 2.4, 0.0, -3.9, 0.0 | -135.35
-1.0, -2.0, 0.0, 1.0, 1.5, 2.0, 0.0, -4.0, 0.0 | -200.0
0.0, -2.0, 0.0, 1.1, 1.5, 2.0, 0.0, -4.0, 0.0 | -125.0
0.0, -2.0, 0.0, 1.0, 1.4, 2.0, 0.0, -4.0, 0.0 | -139.45
0.0, -2.0, 0.0, 1.0, 1.5, 2.0, 0.5, -3.9, 0.0 | -200.0
0.0, -2.0, 0.0, 1.0, 1.5, 2.0, 0.0, -3.8, 0.0 | -148.9
0.0, -2.0, 0.0, 1.0, 1.4, 2.2, 0.0, -3.8, 0.0 | -133.1
0.0, -2.0, 0.0, 1.0, 1.5, 2.0, 0.0, -4.0, 0.1 | -200.0
0.0, -2.0, 0.0, 1.0, 1.5, 2.0, 0.0, -3.0, 0.0 | -136.1
-0.1, -2.0, 0.0, 1.0, 1.5, 2.3, 0.0, -3.9, 0.0 | -200.0
-0.5, -2.0, 0.0, 1.0, 1.5, 2.0, 0.0, -4.0, 0.0 | -200.0
0.0, -2.0, 0.0, 1.0, 1.6, 3.3, 0.0, -3.9, 0.0 | -131.0
0.0, -2.0, 0.0, 1.0, 1.6, 2.4, 0.0, -3.9, 0.0 | -127.1
0.0, -2.0, 0.0, 1.0, 1.9, 2.0, 0.0, -3.9, 0.0 | -123.35
0.0, -2.0, 0.0, 1.0, 1.6, 2.3, 0.0, -3.9, 0.5 | -200.0
1.0, -2.0, 0.0, 1.0, 1.5, 2.3, 0.0, -3.9, 0.0 | -200.0
0.0, -2.0, 0.0, 1.0, 1.5, 2.1, 0.0, -3.9, 0.0 | -135.15
0.1, -2.0, 0.0, 1.0, 1.6, 2.3, 0.0, -3.9, 0.0 | -200.0
0.5, -2.0, 0.0, 1.0, 1.6, 2.3, 0.0, -3.9, 0.0 | -200.0
0.0, -2.0, 0.0, 1.0, 1.4, 2.0, 0.0, -4.0, 0.0 | -131.6
0.0, -2.0, 0.5, 1.0, 1.6, 2.3, 0.0, -3.9, 0.0 | -200.0
-3.0, -1.0, 0.0, 0.0, 3.0, 1.0, -2.0, 0.0, 2.0 | -200.0
-1.0, -1.0, 0.0, 0.0, 2.0, 1.0, -1.0, 0.0, 1.0 | -200.0
0.0, -6.0, 0.0, 0.0, 0.0, 6.0, 0.0, 1.0, 0.0 | -200.0
-1.0, -1.0, 0.0, 0.0, 1.0, 1.0, 0.1, 0.0, 0.0 | -200.0
-1.0, 0.0, 0.0, 0.0, 1.0, 0.0, 0.0, -6.0, 0.0 | -200.0
-1.0, -1.0, 0.0, 0.0, 1.0, 1.0, -1.0, -2.0, -1.0 | -200.0
-6.0, -6.0, 0.0, 0.0, 6.0, 6.0, 3.0, -3.0, 3.0 | -200.0
-1.0, -1.0, 0.0, 0.0, 1.0, 1.0, 0.0, -1.0, 0.0 | -200.0
-0.5, -6.0, 0.0, 0.0, 0.5, 6.0, 0.0, -5.0, 0.0 | -200.0
-1.0, -0.5, 0.0, 0.0, 1.0, 0.5, 0.0, -5.0, 0.5 | -200.0
-1.0, -2.0, 0.0, 0.0, 2.0, 2.0, 1.0, -2.0, 1.0 | -200.0
-5.0, 0.0, 0.0, 0.0, 5.0, 0.5, 0.0, 0.0, 1.0 | -200.0
-1.0, -1.0, 0.0, 0.0, 1.0, 1.0, 2.0, -6.0, -2.0 | -200.0
-5.0, -5.0, 0.0, 0.0, 5.0, 5.0, 0.0, -2.0, 0.0 | -200.0
-2.5, -0.5, 0.0, 0.0, 2.5, 0.5, 2.0, -0.5, 2.0 | -200.0
0.0, -6.0, 0.0, 0.0, 0.0, 6.0, 0.0, -1.0, 0.0 | -200.0
-1.0, 0.0, 0.0, 0.0, 1.0, 0.0, 0.0, -2.0, 0.0 | -200.0
-5.0, -2.0, 0.0, 0.0, 5.0, 2.0, 0.0, -3.0, 0.0 | -200.0
-1.0, -2.0, 0.0, 0.0, 1.0, 2.0, 0.0, -6.0, 0.0 | -200.0
-1.5, -2.0, 0.0, 0.0, 1.5, 2.0, -0.5, -5.0, 0.5 | -200.0
0.0, -5.0, 0.0, 0.0, 0.0, 5.0, 0.1, -6.0, -0.1 | -200.0
0.0, -2.0, 0.0, 0.0, 0.0, 2.0, 0.0, -3.0, 0.0 | -130.0
-1.0, -2.0, 0.0, 0.0, 1.0, 2.0, 0.0, -3.0, 0.0 | -200.0
-1.0, -2.0, 0.0, 0.0, 1.0, 2.0, 0.0, -3.0, 0.0 | -200.0
0.0, -5.0, 0.0, 0.0, 0.0, 5.0, 0.5, -6.0, 0.0 | -200.0
0.0, -6.0, 0.0, 0.0, 0.0, 6.0, 0.0, 0.0, 0.0 | -200.0
0.0, -3.0, 0.0, 0.0, 0.0, 3.0, 0.0, -3.0, 0.0 | -137.65
0.0, -3.0, 0.0, 0.0, 0.0, 3.0, 0.0, -3.0, 0.0 | -131.25
-3.0, -2.0, 0.0, 0.0, 3.0, 2.0, -1.0, 0.0, -0.5 | -200.0
-1.0, -2.0, 0.0, 0.0, 1.0, 2.0, 0.0, -3.0, 0.0 | -200.0
0.0, -2.0, 0.0, 0.0, 2.0, 2.0, 0.0, -3.0, 0.0 | -137.9
-1.0, -2.0, 0.0, 0.0, 1.0, 2.0, 0.0, -2.0, 0.0 | -200.0
-2.0, -2.0, 0.0, 0.0, 2.0, 2.0, 3.0, -6.0, -1.0 | -200.0
0.0, -1.0, 0.0, 0.0, 0.0, 0.0, 0.0, 1.0, 0.0 | -200.0
-2.0, -2.0, 0.0, 0.0, 2.0, 2.0, 0.0, -5.0, 0.0 | -200.0
-1.0, -2.0, 0.0, 0.0, 1.0, 2.0, 0.0, -3.0, 0.0 | -200.0
-1.0, -2.0, 0.0, 0.0, 1.0, 2.0, 0.0, -6.0, 0.0 | -200.0
0.0, -2.0, 0.0, 0.0, 1.0, 2.0, 0.0, -3.0, 0.0 | -128.9
0.0, -3.0, 0.0, 0.0, 2.0, 2.0, 0.0, -3.0, 0.0 | -140.35
0.0, -2.0, 0.0, 0.0, 1.0, 2.0, 1.0, -3.0, 0.0 | -200.0
-1.0, -2.0, 0.0, 0.0, 1.0, 2.0, 0.0, -3.0, 0.0 | -200.0
-2.0, -1.0, 2.0, -2.0, 0.0, 2.0, 0.0, -3.0, 0.0 | -200.0
-2.0, -2.0, 0.0, 0.0, 2.0, 2.0, 0.0, -3.0, 0.0 | -200.0
0.0, -2.0, 0.0, 0.0, 2.0, 2.0, 0.0, -3.0, 0.0 | -142.55
0.0, -2.0, 0.0, 0.0, 1.5, 2.5, 0.0, -3.0, 0.0 | -125.6
0.0, -1.0, 0.0, 0.0, 2.5, 3.5, 0.0, -2.0, 0.0 | -123.6
-1.0, -1.0, 0.0, 0.0, 4.0, 4.0, 0.0, -2.0, 0.0 | -200.0
0.0, -2.0, 0.0, 0.0, 3.5, 4.5, 0.0, -2.0, 0.0 | -146.2
0.0, -1.0, 0.0, 0.0, 3.5, 4.5, 0.0, -2.0, 0.0 | -120.5
0.0, -1.0, 0.0, 0.0, 4.5, 5.5, 0.0, -2.0, 0.0 | -113.7
0.0, -0.5, 0.0, 0.0, 5.5, 6.0, 0.0, -1.0, 0.0 | -128.6
0.0, -1.0, 0.0, 0.0, 6.0, 6.0, 0.0, -2.0, 0.0 | -136.6
0.0, -1.0, -2.0, 0.0, 5.5, 6.0, 0.0, -2.0, 0.0 | -200.0
0.0, -1.0, 0.0, 0.0, 4.8, 5.2, 0.0, -1.5, 0.0 | -121.25
0.0, -1.0, 0.0, 0.0, 5.0, 5.0, 0.0, -2.0, 0.0 | -121.45
0.0, -1.0, 0.0, 0.0, 4.5, 5.5, 0.0, -1.0, 0.0 | -126.4
0.0, -1.0, 0.0, 0.0, 3.5, 4.5, 0.0, -3.0, 0.0 | -130.1
1.0, -1.0, 0.0, 0.0, 4.5, 5.5, 0.0, -2.0, 0.0 | -200.0
1.0, -1.0, 0.0, 0.0, 6.0, 6.0, 0.0, -2.0, 0.0 | -200.0
-0.5, -1.0, 0.0, 0.0, 4.5, 5.5, 0.0, -2.0, 0.0 | -200.0
0.0, -1.0, 0.0, 0.0, 4.6, 5.4, 0.0, -2.0, 0.0 | -128.65
0.0, -0.9, 0.0, 0.0, 3.2, 4.2, 0.0, -1.5, 0.0 | -140.6
-2.0, -2.0, 0.0, 0.0, 5.5, 5.5, 0.0, -2.0, 0.0 | -200.0
0.0, -1.0, 0.0, 0.0, 4.0, 5.0, 0.0, -2.0, 0.0 | -119.3
0.0, -1.0, 0.0, 0.0, 4.2, 5.2, 0.0, -2.0, 0.0 | -123.95
0.0, -1.0, 0.0, 0.0, 6.0, 6.0, 0.0, -2.0, 0.0 | -121.95
0.0, -2.0, 0.0, 0.0, 5.5, 5.5, 0.0, -2.0, 0.0 | -127.4
0.0, -1.0, 0.0, 0.0, 4.5, 5.5, 0.0, -1.9, 0.0 | -131.9
0.0, -1.0, 0.0, 0.0, 4.5, 5.5, 0.0, -1.0, 0.0 | -132.2
0.5, -1.0, 0.0, 0.0, 4.5, 5.5, 0.0, -2.0, 0.0 | -200.0
0.0, -1.0, 0.0, 0.0, 4.5, 5.5, 0.0, -2.0, 0.5 | -200.0
0.0, -1.0, 0.0, 0.0, 4.0, 5.0, 0.0, -1.8, 0.0 | -116.7
-1.0, -2.0, 0.0, 0.0, 5.0, 5.0, 0.0, -2.0, 0.0 | -200.0
0.0, -1.0, 0.0, 0.0, 4.5, 5.5, 0.0, -1.5, 0.0 | -131.25
0.0, -1.0, 0.0, 0.0, 4.2, 5.2, 0.0, -1.8, 0.0 | -109.7
0.0, -1.1, 0.0, 0.0, 4.3, 5.3, 0.0, -1.9, 0.0 | -144.3
0.0, -1.0, 0.0, 0.0, 4.3, 5.3, 0.0, -2.0, 0.0 | -125.65
0.0, -1.0, 0.0, 0.0, 4.6, 5.2, 0.0, -1.8, 0.5 | -200.0
0.0, -1.0, 0.0, 0.0, 4.4, 5.4, 0.0, -1.7, 0.0 | -130.65
0.0, -1.0, 0.0, 0.0, 4.2, 5.2, 0.0, -0.8, 0.0 | -152.1
0.0, -1.0, 0.0, 0.0, 5.0, 6.0, 0.0, -1.8, 0.5 | -200.0
0.0, -1.0, 0.0, 0.0, 4.1, 5.1, 0.0, -1.8, 0.0 | -132.45
0.0, -2.0, 0.0, 0.0, 4.2, 5.2, 0.0, -0.8, 0.0 | -200.0
0.0, -1.0, 0.0, 0.0, 4.2, 5.1, 0.0, -1.8, 0.0 | -129.65
0.0, -1.0, 0.0, 0.0, 3.2, 4.2, 0.0, -0.8, 0.0 | -138.05
0.0, -1.0, 0.0, 0.0, 5.2, 5.2, 0.0, -1.8, 0.0 | -137.5
0.0, -1.0, 0.0, 0.0, 4.2, 5.2, 0.0, -1.5, 0.0 | -146.65
0.0, -1.0, 0.0, 0.0, 4.3, 5.3, 0.0, -1.8, 0.0 | -130.8
1.0, -1.0, 0.0, 0.0, 4.0, 5.0, 0.0, -1.8, 0.0 | -200.0
0.0, -1.0, 0.0, 0.0, 4.2, 5.2, 0.0, -2.0, 0.0 | -137.45
0.0, -0.9, 0.0, 0.0, 4.0, 5.0, 0.0, -1.8, 0.0 | -120.4
0.0, -1.0, 0.0, 0.0, 4.3, 5.3, 0.0, -1.8, 0.0 | -132.9
0.0, -1.0, 0.0, 0.0, 5.2, 5.2, 0.0, -1.8, 0.0 | -134.3
0.0, -1.0, 1.0, 0.0, 4.2, 5.2, 0.0, -1.8, 0.0 | -200.0
0.0, -0.8, 0.0, 0.0, 4.2, 5.2, 0.0, -1.8, 0.0 | -129.45
0.0, -1.0, 0.0, 0.0, 4.3, 5.3, 0.0, -1.6, 0.0 | -121.0
0.0, -1.0, 0.0, 0.0, 4.2, 5.5, 0.0, -1.8, 0.0 | -131.3
0.0, -1.0, 0.0, 0.0, 4.4, 5.4, 0.0, -1.6, 0.0 | -135.7
0.0, -1.0, 0.0, 0.0, 4.2, 5.2, 0.0, -2.0, 0.0 | -126.0
0.0, -1.0, 0.0, 0.0, 5.2, 6.2, 0.0, -1.8, 0.0 | -140.2
0.0, -1.0, 0.0, 0.0, 4.2, 5.2, 0.0, -1.9, 0.0 | -143.4
0.0, -1.2, 0.0, 0.0, 4.2, 5.2, 0.0, -1.8, 0.0 | -123.75
0.0, -1.0, 0.0, 0.0, 4.3, 5.2, 0.0, -1.8, 0.0 | -138.6
0.0, -1.0, 0.0, 0.0, 4.3, 5.2, 0.0, -1.8, 0.0 | -114.6
0.0, -1.0, 0.0, 0.0, 4.3, 5.4, 0.0, -1.8, 0.0 | -119.2
0.0, -0.9, 0.0, 0.0, 4.2, 5.2, 0.0, -1.8, 0.0 | -128.35
0.0, -1.0, 0.0, 0.0, 4.2, 5.6, 0.0, -1.8, 0.0 | -124.7
0.0, -1.0, 0.0, 0.0, 4.1, 5.1, 0.0, -1.8, 0.0 | -130.7
0.0, -1.0, 0.0, 0.0, 4.2, 5.2, -0.5, -1.8, 0.0 | -200.0
0.0, -1.0, 0.0, 0.0, 4.2, 5.2, 1.0, -1.8, 0.0 | -200.0
0.0, -1.0, 0.0, 0.0, 4.5, 5.0, 0.0, -1.7, 0.0 | -115.1
0.0, -1.0, 0.0, 0.0, 4.2, 5.2, 0.0, -1.7, 0.0 | -131.6
0.0, -1.0, 0.0, 0.0, 4.2, 5.2, 0.0, -2.8, 0.0 | -124.95
0.0, -1.0, 0.0, 0.0, 4.2, 5.3, 0.0, -1.8, 0.0 | -132.1
0.0, -1.0, 0.0, 0.0, 4.5, 5.5, 0.0, -1.7, 0.0 | -129.0
1.0, -1.0, 0.0, 0.0, 4.2, 5.2, 0.0, -1.8, 0.0 | -200.0
0.0, -1.0, 0.0, 0.0, 4.0, 5.0, 0.0, -1.7, 0.0 | -130.4
0.1, -1.0, 0.0, 0.0, 4.2, 5.2, 0.0, -1.8, 0.0 | -155.9
0.0, -1.0, 0.0, 0.0, 4.3, 5.1, 0.0, -1.8, 0.0 | -118.3
0.0, -1.0, 0.0, 0.0, 4.0, 5.0, 0.0, -1.5, 0.0 | -116.25
0.0, -1.0, 0.0, 0.0, 4.2, 5.2, 0.0, -1.4, 0.0 | -132.6
0.0, -1.0, 0.0, 0.0, 4.3, 5.3, 0.0, -1.5, 0.0 | -128.35
0.0, -1.0, 0.0, 0.0, 4.2, 5.2, 0.0, -0.8, 0.0 | -146.05
0.0, -1.0, 0.0, 0.0, 4.2, 5.3, 0.0, -1.8, 0.0 | -126.45
0.0, -1.0, 0.0, 0.0, 5.0, 5.0, 0.0, -1.8, 0.0 | -134.35
-0.1, -1.0, 0.0, 0.0, 4.2, 5.2, 0.0, -1.8, 0.0 | -185.4
0.0, -1.0, 0.0, 0.0, 4.2, 5.2, 0.0, -1.9, 0.0 | -134.6
0.0, -1.0, 0.0, 0.0, 4.3, 5.3, 0.0, -0.8, 0.0 | -138.75
0.0, -1.0, 1.0, -1.0, 4.2, 5.2, 0.0, -1.8, 0.0 | -200.0
0.0, -1.0, 0.0, 0.0, 4.2, 5.2, 0.0, -1.8, 0.0 | -119.25
0.0, -1.0, 0.0, 0.0, 4.2, 5.2, 0.0, -1.85, 0.0 | -122.65
0.0, -1.0, 0.0, 0.0, 5.2, 5.2, 0.0, -1.8, 0.0 | -117.7
0.0, -1.0, 0.0, 0.0, 4.4, 5.3, 0.0, -1.8, 0.0 | -133.0
0.0, -1.0, 0.0, 0.0, 4.1, 5.1, 0.0, -1.8, 0.0 | -136.25
0.0, -1.0, 0.0, 0.0, 4.3, 5.2, 0.0, -1.75, 0.0 | -135.1
0.0, -1.0, 0.0, 0.0, 4.2, 5.1, 0.0, -1.8, 0.0 | -128.05
0.0, -1.0, 0.0, 0.0, 4.3, 5.2, 0.0, -1.8, 0.5 | -200.0
0.0, -1.0, 0.0, 0.0, 4.3, 5.2, 0.0, -1.78, 0.0 | -134.85
0.0, -2.0, 0.0, 0.0, 5.0, 5.5, 0.0, -1.8, 0.0 | -133.45
0.0, -1.0, -1.0, 0.0, 4.2, 5.2, 0.0, -1.8, 0.0 | -200.0
0.0, -0.9, 0.0, 0.0, 4.3, 5.2, 0.0, -1.8, 0.0 | -133.45
1.0, -1.0, 0.0, 0.0, 4.2, 5.2, 0.0, -1.8, 0.0 | -200.0
0.0, -1.0, 0.0, 0.0, 4.6, 5.0, 0.0, -1.7, 0.0 | -126.3
0.5, -1.0, 0.0, 0.0, 4.3, 5.2, 0.0, -1.8, 0.0 | -200.0
0.0, -1.0, 0.0, 0.0, 5.6, 5.6, 0.0, -1.8, 0.0 | -130.3
0.0, -1.0, 0.0, 0.0, 4.4, 5.3, 0.0, -1.5, 0.0 | -138.05
0.0, -1.0, 0.0, 0.0, 4.3, 5.2, 0.2, -1.8, 0.0 | -200.0
-1.0, -1.0, 0.0, 0.0, 4.3, 5.2, 0.0, -1.8, 0.0 | -200.0
0.0, -1.0, 0.0, 0.0, 4.5, 5.1, 0.0, -1.7, 0.0 | -142.5
0.0, -1.0, 0.0, 0.0, 4.5, 5.2, 0.0, -1.8, 0.0 | -141.35
0.0, -1.0, 0.0, 0.0, 4.3, 5.2, 0.0, -2.8, -1.0 | -200.0
0.0, -1.0, 0.0, 0.0, 5.3, 4.2, 0.0, -1.8, 0.0 | -134.45
0.0, -1.0, 0.0, 0.0, 4.5, 5.0, 0.0, -1.6, 0.0 | -136.45
0.0, -1.0, 0.0, 0.0, 4.4, 5.2, 0.0, -1.6, 0.0 | -138.9
0.0, -1.0, 0.0, 0.0, 4.3, 5.2, 0.0, -1.7, 0.0 | -128.25
0.0, -1.0, 0.0, 0.0, 4.4, 5.1, 0.0, -1.8, 0.0 | -136.0
0.0, -1.0, 0.0, 0.0, 4.35, 5.25, 0.0, -1.55, 0.0 | -127.25
0.0, -1.0, 0.0, 0.0, 4.2, 5.0, 0.0, -1.8, 0.0 | -135.1
0.0, -1.1, 0.0, 0.0, 4.3, 5.2, 0.0, -1.8, 0.0 | -125.0
0.0, -1.0, 0.0, 0.0, 4.5, 5.0, 0.0, -1.6, 0.0 | -126.25
0.0, -1.0, 0.0, 0.0, 4.3, 5.4, 0.0, -1.7, 0.0 | -139.6
0.0, -1.0, 0.0, 0.0, 5.3, 5.2, 0.0, -0.8, 0.0 | -136.15
0.2, -1.0, 0.0, 0.0, 4.5, 5.0, 0.0, -1.5, 0.0 | -183.85
0.0, -1.0, 0.0, 0.0, 4.3, 5.3, 0.0, -1.8, 0.0 | -134.05
0.0, -1.0, 0.0, 0.0, 4.3, 5.0, 0.0, -1.8, 0.0 | -129.7
-1.0, 0.0, 0.0, 0.0, 4.3, 5.2, 0.0, -1.8, 0.0 | -200.0
0.0, -1.0, 0.0, 0.0, 4.4, 5.3, 0.0, -1.8, 0.0 | -135.65
0.0, -1.0, 0.0, 0.0, 4.4, 5.0, 0.0, -1.8, 0.0 | -128.4
-0.5, -1.0, 0.0, 0.0, 4.6, 5.0, 0.0, -1.8, 0.0 | -200.0
0.0, -1.0, 0.0, 0.0, 4.3, 5.2, 0.0, -1.9, 0.0 | -128.45
0.0, -1.0, 0.0, 0.0, 5.3, 6.0, 0.0, -1.8, 0.0 | -136.0
0.0, -1.0, 0.0, 0.0, 4.3, 5.2, 0.0, -1.8, 0.0 | -135.5
0.0, -1.0, 0.0, 0.0, 4.0, 5.0, 0.0, -1.6, 0.5 | -200.0
0.0, -1.0, 0.0, 0.0, 4.2, 5.3, 0.0, -1.8, 0.0 | -132.3
0.0, -1.0, 0.0, 0.0, 5.5, 5.0, 0.0, -1.7, 0.0 | -122.75
0.0, -1.0, 0.0, 0.0, 4.5, 5.1, 0.0, -1.7, 0.0 | -128.0
0.0, -1.2, 0.0, 0.0, 4.5, 5.0, 0.0, -1.7, 0.0 | -132.75
0.0, -1.0, 0.0, 0.0, 4.6, 5.1, 0.0, -1.6, 0.0 | -118.6
0.0, -1.0, 0.0, 0.0, 4.5, 5.0, 0.0, -1.6, 0.0 | -119.85
0.0, -1.0, 0.0, 0.0, 4.5, 5.0, 0.0, -2.7, 0.0 | -130.9
0.0, -1.0, 0.0, 0.0, 4.5, 5.0, 0.0, -2.0, 0.0 | -128.2
0.0, -1.0, 0.0, 0.0, 4.0, 5.0, 0.0, -1.4, 0.0 | -122.45
0.0, -1.0, 0.0, 0.0, 4.8, 5.3, 0.0, -1.6, 0.0 | -124.3
0.0, -1.0, 0.0, 0.0, 4.9, 5.2, 0.0, -1.6, 0.0 | -128.05
0.0, -1.0, 0.0, 0.0, 4.6, 5.0, 0.0, -1.6, 0.0 | -134.6
0.0, -1.0, 0.0, 0.0, 4.0, 4.8, 0.0, -1.5, 0.0 | -140.3
0.0, -1.0, 0.0, 0.0, 5.0, 5.0, 0.0, -1.5, 0.0 | -116.55
0.0, -1.0, 0.0, 0.0, 4.6, 5.1, 0.0, -1.55, 0.0 | -123.35
0.0, -1.0, 0.0, 0.0, 5.5, 5.5, 0.0, -1.3, 0.0 | -130.85
1.0, -1.0, 0.0, 0.0, 4.0, 5.0, 0.0, -1.5, 0.0 | -200.0
0.0, -1.0, 0.0, 0.0, 5.5, 5.5, 0.0, -1.4, 0.0 | -119.1
0.0, -1.0, 0.0, 0.0, 5.2, 5.2, 0.0, -1.5, 0.0 | -129.65
0.0, -1.0, 0.0, 0.0, 5.0, 5.0, 0.0, -1.4, 0.0 | -130.15
0.0, -1.0, 0.5, 0.5, 5.0, 5.0, 0.0, -1.5, 0.0 | -200.0
0.0, -1.0, 0.0, 0.0, 5.0, 5.0, -0.5, -1.5, 0.0 | -200.0
0.5, -1.0, 0.0, 0.0, 5.0, 5.0, 0.0, -1.5, 0.0 | -200.0
0.0, -5.0, 0.0, 0.0, 0.0, 5.0, 0.0, -1.5, 0.0 | -200.0
0.0, -1.0, 0.0, 0.0, 5.0, 4.9, 0.0, -1.5, 0.0 | -137.05
0.0, -1.0, 0.0, 0.0, 5.1, 5.0, 0.0, -1.5, 0.0 | -117.5
0.0, -0.9, 0.0, 0.0, 5.0, 5.0, 0.0, -1.5, 0.0 | -127.35
0.0, -1.0, 0.0, 0.0, 5.0, 5.0, 0.0, -1.3, 0.0 | -124.55
0.0, -1.0, 0.5, 0.0, 5.0, 5.0, 0.0, -1.5, 0.0 | -200.0
0.0, -1.0, 0.0, 0.0, 5.0, 5.0, 0.0, -1.45, 0.0 | -120.95
0.0, -1.0, 0.0, 0.0, 5.0, 5.0, 0.0, -1.5, 0.5 | -200.0
0.0, -1.2, 0.0, 0.0, 5.2, 5.2, 0.0, -1.5, 0.0 | -139.35
-0.5, -1.0, 0.0, 0.0, 5.0, 5.0, 0.0, -1.5, 0.0 | -200.0
0.0, -1.0, 0.0, 0.0, 5.0, 4.0, 0.0, -1.5, 0.0 | -122.4
0.0, -1.0, 0.0, 0.0, 5.0, 5.0, 0.0, -1.55, 0.0 | -123.9
0.0, -1.0, 0.0, 0.0, 5.0, 5.0, 0.2, -1.5, 0.0 | -200.0
0.0, -1.0, 0.0, 0.0, 5.5, 5.5, 0.0, -1.5, 0.0 | -125.2
0.0, -1.0, 0.1, 0.0, 5.0, 5.0, 0.0, -1.5, 0.0 | -184.4
0.0, -1.0, 0.0, 0.0, 6.0, 5.0, 0.0, -1.5, 0.0 | -123.25
-1.0, -1.0, 0.0, 0.0, 5.0, 5.0, 0.0, -1.5, 0.0 | -200.0
0.0, -1.0, 0.0, 0.0, 5.0, 4.8, 0.0, -1.5, 0.0 | -125.55
0.0, -1.0, 0.0, 0.0, 5.0, 5.0, 0.0, -1.6, 0.0 | -135.3
0.0, -1.0, 0.0, 0.0, 5.0, 5.0, 0.0, -0.5, 0.0 | -179.85
0.0, -0.8, 0.0, 0.0, 5.0, 5.0, 0.0, -1.5, 0.0 | -123.4
0.0, -1.0, 0.0, 0.0, 5.0, 5.0, 0.0, -1.4, 0.0 | -121.0
0.0, -1.0, 0.0, 0.0, 5.0, 5.0, 0.0, -1.5, 0.0 | -125.55
0.0, -1.0, 0.0, 0.0, 5.0, 5.0, 0.0, -1.5, 0.0 | -129.55
0.0, -1.0, 0.0, 0.0, 5.0, 5.0, 0.5, -1.5, 0.0 | -200.0
0.0, -1.0, 0.0, 0.0, 5.2, 5.0, 0.0, -1.5, 0.0 | -124.15
0.0, -1.0, 0.0, 0.0, 5.5, 5.5, 0.0, -1.5, 0.0 | -135.2
0.0, -1.0, 0.0, 0.0, 5.0, 5.0, -1.0, -1.5, 0.0 | -200.0
0.0, -1.0, 0.0, 0.0, 5.0, 6.0, 0.0, -1.5, 0.0 | -146.95
1.0, 0.0, 0.0, 0.0, 5.0, 5.0, 0.0, -1.5, 0.0 | -200.0
0.0, -0.9, 0.0, 0.0, 5.0, 5.0, 0.0, -1.5, 0.0 | -115.3
0.0, -0.9, 0.0, 0.0, 5.0, 5.0, 0.0, -1.5, 0.0 | -129.85
0.0, -0.9, 0.0, 0.0, 5.5, 5.5, 0.0, -1.4, 0.0 | -123.95
0.0, -0.9, 0.0, 0.0, 5.2, 5.2, 0.0, -1.5, 0.0 | -139.15
0.0, -0.9, 0.0, 0.0, 5.0, 5.1, 0.0, -1.5, 0.0 | -129.4
0.0, -0.9, 0.0, 0.0, 5.1, 5.1, 0.0, -1.5, 0.0 | -122.95
-0.2, -0.9, 0.0, 0.0, 5.0, 5.0, 0.0, -1.5, 0.0 | -200.0
0.0, -0.85, 0.0, 0.0, 5.0, 5.0, 0.0, -1.5, 0.0 | -123.3
0.0, -0.9, 0.0, 0.0, 5.0, 5.0, 0.0, -1.5, 0.5 | -200.0
0.0, -0.9, 0.0, 0.0, 5.0, 5.0, -0.1, -1.5, 0.0 | -200.0
0.2, -0.9, 0.0, 0.0, 5.2, 5.2, 0.0, -1.4, 0.0 | -183.95
0.0, -0.95, 0.0, 0.0, 5.0, 5.0, 0.0, -1.45, 0.0 | -117.75
0.0, -0.9, 0.0, 0.0, 5.0, 5.0, 0.5, -1.5, 0.0 | -200.0
0.5, -0.9, 0.0, 0.0, 5.0, 5.0, 0.0, -1.5, 0.0 | -200.0
1.0, -0.9, 0.0, 0.0, 5.0, 5.0, 0.0, -1.5, 0.0 | -200.0
-1.0, -0.9, 0.0, 0.0, 5.0, 5.0, 0.0, -1.5, 0.0 | -200.0
0.0, -0.9, 0.0, 0.0, 5.1, 5.0, 0.0, -1.5, 0.0 | -122.0
0.0, -0.9, 0.0, 0.0, 5.0, 5.0, 0.0, -1.3, 0.0 | -124.35
0.0, -0.9, 0.0, 0.0, 4.0, 4.0, 0.0, -1.5, 0.0 | -124.25
0.0, -0.9, 0.0, 0.0, 5.0, 5.0, 0.0, -1.55, 0.0 | -139.35
0.0, -0.8, 0.0, 0.0, 5.0, 5.0, 0.0, -1.5, 0.0 | -140.4
0.0, -0.9, 0.0, 0.0, 5.0, 5.0, 0.0, -1.48, 0.0 | -137.75
0.0, -0.9, 0.0, 0.0, 4.9, 5.0, 0.0, -1.5, 0.0 | -126.75
0.0, -0.9, 0.0, 0.0, 5.0, 5.0, 0.0, -1.4, 0.0 | -119.95
0.0, -0.9, 0.0, 0.0, 5.0, 5.0, 0.0, -1.4, 0.2 | -200.0
0.0, -0.9, 0.0, 0.0, 5.0, 5.0, 0.0, -1.6, 0.0 | -131.2
0.2, -0.9, 0.0, 0.0, 5.0, 5.0, 0.0, -1.5, 0.0 | -180.35
0.0, -0.9, 0.0, 0.0, 5.0, 5.0, 0.1, -1.5, 0.0 | -194.25
0.0, -0.9, 0.0, 0.0, 5.2, 5.2, 0.0, -1.5, 0.0 | -124.8
0.0, -0.9, 0.0, 0.0, 5.3, 5.3, 0.0, -1.5, 0.0 | -125.35
0.0, -0.9, 0.0, 0.0, 5.0, 6.0, 0.0, -1.5, 0.0 | -134.3
-0.5, -0.9, 0.0, 0.0, 5.0, 5.0, 0.0, -1.5, 0.0 | -200.0
0.0, -0.9, 0.0, 0.0, 5.0, 4.8, 0.0, -1.5, 0.0 | -124.15
0.0, -0.9, 0.0, 0.0, 5.0, 5.0, -0.2, -1.5, 0.0 | -200.0
0.0, -0.9, 0.0, 0.0, 5.0, 5.0, -0.1, -1.5, 0.0 | -200.0
0.0, -0.9, 1.0, 0.0, 5.0, 5.0, 0.0, -1.5, 0.0 | -200.0
0.0, -1.0, 0.0, 0.0, 5.0, 5.0, 0.0, -1.5, 0.0 | -119.05
0.0, -0.9, 0.0, 0.0, 5.0, 5.0, 0.0, -1.44, 0.0 | -127.95
0.0, -0.9, 0.0, 0.0, 6.0, 6.0, 0.0, -1.5, 0.0 | -123.85
0.1, -0.9, 0.0, 0.0, 5.0, 5.0, 0.0, -1.5, 0.0 | -144.65
-0.5, -0.9, 0.0, 0.0, 5.0, 5.0, 0.0, -1.4, 0.0 | -200.0
0.0, -0.9, 0.0, 0.0, 5.1, 5.1, 0.0, -1.5, 0.0 | -128.35
0.0, -0.9, 0.0, 0.0, 5.1, 5.0, 0.0, -1.5, 0.0 | -140.05
0.0, -0.9, 0.0, 0.0, 5.0, 4.9, 0.0, -1.5, 0.0 | -128.9
1.0, -0.9, 0.0, 0.0, 5.0, 5.0, 0.0, -1.5, 0.0 | -200.0
-0.2, -0.9, 0.0, 0.0, 5.0, 5.0, 0.0, -1.5, 0.0 | -200.0
0.0, -0.9, 0.0, 0.0, 5.0, 5.0, 0.0, -1.5, 0.0 | -136.2
0.0, -0.9, 0.5, 0.5, 5.0, 5.0, 0.0, -1.5, 0.0 | -200.0
0.0, -0.9, 0.0, 0.0, 5.0, 5.0, 0.2, -1.5, 0.0 | -200.0
0.0, -0.9, 0.0, 0.0, 5.0, 5.0, 0.0, -0.5, 0.0 | -159.35
0.0, -0.85, 0.0, 0.0, 5.0, 5.0, 0.0, -1.45, 0.0 | -123.8
1.0, -0.9, 0.0, 0.0, 5.0, 5.0, 0.0, -1.44, 0.0 | -200.0
0.0, -0.8, 0.0, 0.0, 5.0, 5.0, 0.0, -1.4, 0.0 | -130.0
0.0, -0.9, 0.1, 0.0, 5.0, 5.0, 0.0, -1.5, 0.0 | -171.25
0.0, -0.95, 0.0, 0.0, 5.0, 5.0, 0.0, -1.44, 0.0 | -134.2
0.0, -0.9, 0.0, 0.0, 5.0, 5.0, 0.0, -1.5, 0.5 | -200.0
0.0, -0.9, 0.0, 0.0, 5.0, 6.0, 0.0, -1.5, 0.0 | -123.4
0.0, -0.9, 0.0, -1.0, 5.0, 5.0, 0.0, -1.5, 0.0 | -122.3
0.0, -0.9, 0.0, 0.0, 5.0, 4.5, 0.0, -1.5, 0.0 | -120.55
0.0, -0.9, 0.0, 0.0, 5.0, 4.8, 0.0, -1.6, 0.0 | -142.15
0.0, -1.0, 0.0, 0.0, 5.0, 5.0, 0.0, -1.5, 0.0 | -126.75
0.0, -0.85, 0.0, 0.0, 5.0, 5.0, 0.0, -1.5, 0.0 | -124.0
0.0, -0.87, 0.0, 0.0, 5.3, 5.3, 0.0, -1.5, 0.0 | -128.45
0.0, -0.9, 0.0, 0.0, 5.0, 5.0, -0.1, -1.5, 0.0 | -200.0
0.1, -0.9, 0.0, 0.0, 5.0, 5.0, 0.0, -1.5, 0.0 | -147.35
-1.0, -0.9, 0.0, 0.0, 5.0, 5.0, 0.0, -1.5, 0.0 | -200.0
0.0, -0.9, 0.0, 0.0, 6.0, 6.0, 0.0, -1.5, 0.0 | -124.75
0.0, -0.92, 0.0, 0.0, 5.0, 5.0, 0.0, -1.5, 0.0 | -126.2
0.0, -0.9, 0.0, 0.0, 5.0, 5.0, 0.0, -1.5, 0.1 | -200.0
0.0, -0.9, 0.0, 0.0, 5.0, 5.0, 0.0, -1.4, 0.0 | -129.2
0.0, -0.9, 0.0, 0.0, 5.0, 5.0, 0.0, -1.5, 0.0 | -136.8
0.0, -0.9, 0.0, 0.0, 5.1, 5.1, 0.0, -1.3, 0.0 | -115.55
0.0, -0.9, 0.0, 0.0, 5.2, 5.2, 0.0, -1.2, 0.0 | -132.45
0.0, -0.9, 0.0, 0.0, 5.0, 5.2, 0.0, -1.3, 0.0 | -124.7
0.0, -0.9, 0.0, 0.0, 5.2, 5.2, 0.0, -1.3, 0.0 | -137.4
0.0, -0.9, 0.0, 0.0, 6.0, 6.0, 0.0, -1.0, 0.0 | -129.2
0.0, -0.9, 0.0, 0.0, 5.1, 5.1, -0.1, -1.3, 0.0 | -200.0
0.0, -0.9, 0.0, 0.0, 5.0, 5.1, 0.0, -1.3, 0.0 | -125.25
-0.5, -0.9, 0.0, 0.0, 5.0, 5.0, 0.0, -1.3, 0.0 | -200.0
0.0, -0.9, 0.0, 0.0, 5.2, 5.0, 0.0, -1.3, 0.0 | -122.45
0.0, -0.9, 0.0, -1.0, 5.1, 5.1, 0.0, -1.3, 0.0 | -129.95
0.0, -0.9, 0.0, 0.0, 5.4, 5.4, 0.0, -1.3, 0.0 | -126.2
0.0, -0.9, 0.0, 0.0, 5.0, 5.0, 0.0, -1.3, 0.0 | -140.65
0.0, -0.9, 0.0, 0.0, 5.1, 5.1, 0.0, -1.2, 0.0 | -138.4
0.0, -0.9, -0.5, 0.0, 5.1, 5.1, 0.0, -1.3, 0.0 | -200.0
-0.1, -0.9, 0.0, 0.0, 5.1, 5.1, 0.0, -1.3, 0.0 | -184.35
0.0, -0.9, 0.0, 0.0, 5.1, 5.1, 0.0, -1.2, 0.0 | -135.1
0.0, -0.9, 0.0, 0.0, 5.1, 5.1, 0.1, -1.3, 0.0 | -197.1
0.0, -0.9, 0.0, 0.0, 5.1, 5.2, 0.0, -1.3, 0.0 | -127.8
0.0, -0.9, 0.0, 0.0, 5.2, 5.2, 0.0, -1.3, 0.0 | -124.8
0.1, -0.9, 0.0, 0.0, 5.1, 5.1, 0.0, -1.3, 0.0 | -144.2
0.0, -0.8, 0.0, 0.0, 5.1, 5.1, 0.0, -1.3, 0.0 | -133.7
0.0, -0.9, 0.0, 0.0, 5.1, 5.1, 0.0, -1.2, 0.0 | -128.85
0.0, -0.9, 0.0, 0.0, 5.1, 5.0, 0.0, -1.3, 0.0 | -134.6
0.0, -0.9, 0.5, 0.0, 5.1, 5.1, 0.0, -1.3, 0.0 | -200.0
0.0, -0.9, 0.0, 0.0, 5.2, 5.0, 0.0, -1.3, 0.0 | -140.3
0.0, -0.9, 0.0, 0.0, 5.1, 5.1, 0.0, -1.3, 0.1 | -200.0
0.0, -0.9, 0.0, 0.0, 5.1, 5.1, 0.0, -1.25, 0.0 | -143.65
0.0, -0.9, 0.0, 0.0, 4.1, 4.1, 0.0, -1.3, 0.0 | -119.55
0.0, -0.9, 0.0, -0.2, 5.1, 5.1, 0.0, -1.3, 0.1 | -200.0
0.0, -0.9, 0.0, 0.0, 5.1, 5.1, 0.0, -1.3, 0.1 | -200.0
0.0, -0.9, 0.0, 0.0, 4.0, 4.0, 0.0, -1.3, 0.0 | -122.65
0.0, -0.9, 0.0, 0.0, 5.0, 5.0, 0.0, -1.3, 0.0 | -141.65
0.0, -0.9, 0.0, 0.0, 4.2, 4.2, 0.0, -1.3, 0.0 | -132.05
0.0, -0.9, 0.0, 0.0, 5.1, 5.1, 0.0, -1.35, 0.0 | -107.65
0.0, -0.9, 0.0, 0.0, 5.2, 5.0, 0.0, -1.35, 0.0 | -119.25
0.0, -0.94, 0.0, 0.0, 5.15, 5.15, 0.0, -1.36, 0.0 | -132.15
1.0, -0.9, 0.0, 0.0, 5.1, 5.1, 0.0, -1.35, 0.0 | -200.0
0.0, -0.9, 0.0, 0.0, 5.1, 5.1, 0.0, -1.35, -0.1 | -195.7
0.0, -0.9, 0.0, 0.0, 5.1, 5.1, 0.0, -1.4, 0.0 | -141.35
0.0, -0.9, -0.2, 0.2, 5.1, 5.1, 0.0, -1.35, 0.0 | -192.15
0.0, -1.0, 0.0, 0.0, 5.2, 5.2, 0.0, -0.9, 0.0 | -137.05
0.0, -0.9, 0.0, 0.0, 5.1, 5.1, 0.0, -1.34, 0.0 | -144.0
0.0, -0.85, 0.0, 0.0, 5.1, 5.1, 0.0, -1.35, 0.0 | -123.15
0.0, -0.9, 0.0, 0.0, 5.2, 5.2, 0.0, -1.35, 0.0 | -134.85
0.0, -0.9, 0.0, 0.0, 5.1, 5.1, -0.5, -1.35, 0.0 | -200.0
1.0, -0.9, 1.0, 0.0, 5.1, 5.1, 0.0, -1.35, 0.0 | -160.3
0.2, -0.9, 0.0, 0.0, 5.1, 5.1, 0.0, -1.35, 0.0 | -180.05
0.0, -0.9, 0.0, 0.0, 4.5, 4.5, 0.0, -1.35, 0.0 | -135.6
0.0, -0.9, 0.0, 0.0, 5.1, 5.0, 0.0, -1.35, 0.0 | -131.15
0.0, -0.88, 1.0, 1.0, 5.2, 4.9, 0.0, -1.33, 0.0 | -200.0
0.0, -0.9, 0.0, 0.0, 5.1, 5.1, 1.0, -1.35, 0.5 | -200.0
0.0, -0.9, 0.0, 0.0, 6.0, 6.0, 0.0, -1.2, 0.0 | -141.4
0.1, -0.9, 0.0, 0.0, 5.1, 5.1, 0.0, -1.35, 0.0 | -148.5
0.0, -0.9, 0.0, 0.0, 5.1, 5.0, 0.0, -1.35, 0.0 | -124.15
0.0, -0.9, 0.0, 0.0, 5.1, 5.1, 0.0, -1.33, 0.0 | -145.6
0.0, -0.95, 0.0, 0.0, 5.1, 5.1, 0.0, -1.35, 0.0 | -123.1
0.0, -0.9, 0.0, 0.0, 5.3, 5.3, 0.0, -1.35, 0.0 | -131.25
0.0, -0.9, 0.0, 0.0, 5.15, 5.15, 0.0, -1.35, 0.0 | -125.05
0.0, -0.9, 0.0, 0.0, 5.1, 5.1, 0.0, -2.0, 0.0 | -125.5
-1.0, -0.9, 0.0, 0.0, 5.1, 5.1, 0.0, -1.35, 0.0 | -200.0
0.0, -0.9, 0.0, 0.0, 5.05, 5.05, 0.0, -1.35, 0.0 | -121.2
0.0, -0.9, 0.0, 0.0, 5.12, 5.12, 0.0, -1.34, 0.0 | -131.15
0.0, -0.9, 0.0, 0.0, 5.0, 5.0, 0.0, -1.35, 0.0 | -139.4
0.0, -0.9, 0.0, 0.0, 5.2, 5.0, 0.0, -1.35, 0.0 | -140.3
0.0, -0.9, 0.0, 1.0, 5.1, 5.1, 0.0, -1.35, 0.0 | -127.35
0.0, -0.9, 0.0, 0.0, 5.1, 5.1, 0.0, -1.36, 0.0 | -134.8
0.0, -0.9, 0.0, 0.0, 5.1, 5.1, 0.0, -1.4, 0.0 | -132.35
0.0, -0.9, 0.0, 0.0, 5.1, 5.1, 0.5, -1.35, 0.0 | -200.0
0.0, -0.9, 0.0, 0.0, 5.1, 5.1, -1.0, -1.35, 0.0 | -200.0
0.0, -0.9, 0.5, 0.0, 5.1, 5.1, 0.0, -1.35, 0.0 | -200.0
0.0, -0.9, 0.0, 0.0, 4.9, 4.9, 0.0, -1.35, 0.0 | -124.95
-0.1, -0.9, 0.0, 0.0, 5.2, 5.2, 0.0, -1.35, 0.0 | -180.7
0.0, -0.9, 0.0, 0.0, 5.1, 5.1, 0.0, -1.35, 0.1 | -200.0
0.0, -0.9, 0.0, 0.0, 5.0, 5.0, 0.0, -1.35, 0.0 | -146.6
0.0, -0.9, 0.0, 0.5, 5.2, 5.2, 0.0, -1.2, 0.0 | -139.25
0.0, -0.9, 0.0, 0.0, 4.0, 4.0, 0.0, -1.3, 0.0 | -125.4
0.0, -0.9, 0.0, 0.0, 5.1, 5.1, 0.0, -1.35, 0.0 | -128.3
0.0, -0.8, 0.0, 0.0, 5.1, 5.1, 0.0, -1.35, 0.0 | -117.25
0.0, -0.7, 0.0, 0.0, 5.1, 5.1, 0.0, -1.35, 0.0 | -126.05
-5.0, -0.9, 0.0, 0.0, 5.1, 5.1, 0.0, -1.35, 0.0 | -200.0
0.0, -0.9, 0.0, 0.0, 5.1, 5.1, 0.0, -1.35, 0.5 | -200.0
0.0, -0.9, 0.0, 0.0, 5.1, 5.1, 0.0, -1.35, 0.0 | -138.9
-0.1, -0.9, 0.0, 0.0, 5.1, 5.1, 0.0, -1.3, -0.5 | -200.0
1.0, -0.9, 0.0, 0.0, 5.1, 4.1, 0.0, -1.35, 0.0 | -200.0
0.0, -0.9, 0.0, -0.5, 5.1, 5.1, 0.0, -1.35, 0.0 | -134.5
0.0, -1.9, 0.0, 0.0, 5.1, 5.1, 0.0, -1.35, 0.0 | -160.75
0.0, -0.8, 0.0, 0.0, 5.1, 5.1, 0.0, -1.3, 0.0 | -135.6
0.5, -0.9, 0.0, 0.0, 5.1, 5.1, 0.0, -1.35, 0.0 | -200.0
0.0, -1.0, 0.0, 0.0, 5.3, 5.0, 0.0, -1.35, 0.0 | -129.35
0.1, -0.9, 0.0, 0.0, 5.1, 5.1, 0.0, -1.35, 0.0 | -147.1
0.0, -0.9, 0.0, 0.0, 5.5, 5.5, 0.0, -1.0, 0.0 | -131.7
0.0, -0.9, 0.0, 0.0, 5.1, 5.1, -0.1, -1.35, 0.0 | -200.0
0.0, -0.9, 0.0, 0.0, 6.0, 6.0, 0.0, -1.35, 0.0 | -135.1
0.0, -0.9, 0.0, 0.0, 5.2, 5.2, 0.0, -1.35, 0.2 | -200.0
0.0, -0.9, 0.0, 0.0, 5.1, 5.2, 0.0, -1.35, 0.0 | -124.7
0.0, -0.9, 0.0, 0.0, 5.1, 5.1, 0.0, -0.3, 0.0 | -200.0
-0.1, -0.9, 0.0, 0.0, 5.1, 5.1, 0.0, -1.35, 0.0 | -179.6
0.0, -0.8, 0.0, 0.0, 4.5, 4.5, 0.0, -1.2, 0.0 | -137.1
0.5, -0.9, 0.0, 0.0, 5.1, 5.1, 0.0, -1.3, 0.0 | -200.0
2.0, -0.9, 0.0, 0.0, 5.1, 5.1, 0.0, -1.4, 0.0 | -200.0
0.0, -0.9, 0.0, 0.1, 5.1, 5.1, 0.0, -1.35, 0.0 | -124.15
0.0, -0.9, 0.0, 0.0, 5.1, 5.1, 0.0, -1.4, 0.0 | -137.15
0.0, -0.9, 0.0, 0.0, 5.1, 5.1, 0.0, -1.35, 0.0 | -128.35
0.0, -5.0, 0.0, 0.0, 0.0, 5.0, 0.0, -6.0, 0.0 | -127.85
-6.0, -5.0, 0.0, 0.0, 5.0, 6.0, 0.0, -6.0, 0.0 | -200.0
0.0, -6.0, 0.0, 0.0, 0.0, 6.0, 0.0, -6.0, 0.0 | -130.6
-1.0, -5.0, 0.0, 0.0, 1.0, 5.0, 1.0, -6.0, 0.0 | -200.0
0.0, -5.0, 0.0, 0.0, 0.0, 5.0, 0.0, -6.0, 2.0 | -200.0
-1.0, -5.0, 0.0, 0.0, 0.0, 5.0, 0.0, -6.0, 0.0 | -200.0
-1.0, -5.0, 0.0, 0.0, 0.0, 5.0, 0.0, -6.0, 0.0 | -200.0
-1.0, -5.0, 0.0, 0.0, 1.0, 5.0, 0.0, -6.0, 0.0 | -200.0
-5.0, -2.0, 0.0, 0.0, 5.0, 2.0, 0.0, -2.0, 0.5 | -200.0
0.0, -5.0, 0.0, 0.0, 1.0, 5.0, 0.0, -6.0, 0.0 | -134.15
-1.0, -5.0, 0.0, 0.0, 1.0, 5.0, 0.0, -6.0, 0.0 | -200.0
-1.0, -5.0, 0.0, 0.0, 1.0, 5.0, 0.0, -6.0, 0.0 | -200.0
-1.0, -5.0, 0.0, 0.0, 1.0, 5.0, 0.0, -6.0, 0.0 | -200.0
0.0, -5.0, 0.0, 0.0, 1.0, 5.0, 0.0, -6.0, 0.0 | -126.05
0.0, 5.0, 0.0, 0.0, 0.0, -5.0, 0.0, -6.0, 0.0 | -200.0
-1.0, -5.0, 0.0, 0.0, 2.0, 6.0, 0.0, -6.0, 0.0 | -200.0
-1.0, -5.0, 0.0, 0.0, 0.0, 5.0, 0.0, -6.0, 0.0 | -200.0
-1.0, -5.0, 0.0, 0.0, 1.0, 5.0, 0.0, -6.0, 0.0 | -200.0
-2.0, -5.0, 0.0, 0.0, 2.0, 5.0, 0.0, -6.0, 0.0 | -200.0
0.0, -5.0, 0.0, 0.0, 2.0, 5.0, 0.0, -6.0, 0.0 | -116.15
0.0, -6.0, 0.0, 0.0, 3.0, 6.0, 0.0, -6.0, 0.0 | -130.65
0.0, -5.0, 0.0, 0.0, 2.0, 6.0, 0.0, -6.0, 0.0 | -125.95
0.0, -6.0, 0.0, 0.0, 3.0, 5.0, 0.0, -6.0, 0.0 | -136.85
0.0, -5.0, 0.0, 0.0, 3.0, 6.0, 0.0, -5.0, 0.0 | -135.65
0.0, -5.0, 0.0, 0.0, 2.0, 6.0, 0.0, -6.0, 0.0 | -121.45
0.5, -5.0, 0.0, 0.0, 2.0, 5.0, 0.0, -6.0, 0.0 | -200.0
0.0, -5.0, 0.0, 0.0, 3.0, 5.0, 0.0, -6.0, 0.0 | -137.45
0.0, -5.0, 0.0, 0.0, 2.0, 5.0, 0.0, -6.0, 1.0 | -200.0
0.0, -5.0, 0.0, 0.0, 3.0, 5.0, 0.0, -6.0, 1.0 | -200.0
0.0, -5.0, 0.0, 0.0, 1.0, 8.0, 0.0, -6.0, 0.0 | -133.15
0.0, -4.0, 0.0, 0.0, 1.0, 6.0, 0.0, -6.0, 0.0 | -127.15
0.0, -5.0, 0.0, 0.0, 3.0, 6.0, 0.0, -6.0, 0.0 | -129.7
-1.0, -5.0, 0.0, 0.0, 2.0, 5.0, 0.0, -6.0, 0.0 | -200.0
-1.0, -5.0, 0.0, 0.0, 2.0, 6.0, 0.0, -6.0, 0.0 | -200.0
0.0, -5.0, 0.0, 0.0, 2.0, 5.0, 1.0, -6.0, 0.0 | -200.0
0.0, -5.0, 0.0, 0.0, 2.0, 4.0, 0.0, -6.0, 0.0 | -133.5
1.0, -5.0, 0.0, 0.0, 2.0, 6.0, 0.0, -6.0, 0.0 | -200.0
-0.5, -5.0, 0.0, 0.0, 3.0, 5.0, 0.0, -6.0, 0.0 | -200.0
0.0, -5.0, 0.0, 0.0, 2.0, 5.0, -1.0, -6.0, 0.0 | -200.0
0.0, -5.0, 0.5, -5.0, 2.0, 6.0, 0.0, -6.0, 0.0 | -200.0
0.0, -5.0, 0.0, 0.0, 2.0, 5.0, 0.0, -6.0, 0.0 | -128.6
0.0, -5.0, 0.0, 0.0, 3.0, 5.0, 0.0, -6.0, 0.0 | -132.0
0.0, -5.0, 0.0, 0.0, 2.0, 5.0, 0.0, -5.0, 0.0 | -127.0
0.0, -5.0, 0.0, 0.0, 2.5, 4.5, 0.0, -6.0, 0.0 | -127.0
1.0, -5.0, 0.0, 0.0, 2.0, 5.0, 0.0, -6.0, 0.0 | -200.0
0.0, -5.0, 0.0, 0.0, 2.0, 5.0, 0.0, -6.0, 0.0 | -120.05
0.0, -5.0, 0.0, 0.0, 2.0, 5.0, 0.5, -6.0, 0.0 | -200.0
0.0, -4.5, 0.0, 0.0, 2.0, 5.0, 0.0, -6.0, 0.0 | -140.4
0.0, -5.0, 0.0, 0.0, 3.0, 5.0, 0.0, -6.0, 2.0 | -200.0
0.0, -5.0, 0.0, 0.0, 2.0, 5.0, -0.5, -6.0, 0.0 | -200.0
0.0, -5.0, 0.0, 0.0, 2.5, 5.0, 0.0, -6.0, 0.0 | -134.15
0.0, -5.0, 0.0, 0.0, 2.0, 5.0, 0.0, -5.0, 0.0 | -133.75
0.0, -5.0, 0.0, 0.0, 2.0, 5.5, 0.0, -6.0, 0.0 | -119.8
0.0, -5.5, 0.0, 0.0, 2.0, 5.0, 0.0, -6.0, 0.0 | -125.35
0.0, -5.0, 0.0, 0.0, 2.5, 5.5, 0.0, -6.0, 0.0 | -134.55
0.0, -5.0, 0.0, 0.0, 2.0, 6.5, 0.0, -6.0, 0.0 | -137.75
1.0, -5.0, 0.0, 0.0, 2.0, 5.5, 0.0, -6.0, 0.0 | -200.0
-1.0, -5.0, 0.0, 0.0, 2.0, 5.0, 0.0, -6.0, 0.0 | -200.0
0.0, -5.0, 0.0, 0.0, 2.0, 5.6, 0.0, -6.0, 0.0 | -143.35
-1.0, -5.0, 0.0, 0.0, 2.0, 5.5, 0.0, -6.0, 0.0 | -200.0
0.0, -5.0, 0.0, 0.0, 2.5, 5.5, 0.0, -6.0, 0.0 | -139.75
0.0, -5.0, 0.0, 0.0, 1.5, 5.5, 0.0, -6.0, 0.0 | -133.4
0.0, -5.0, 0.0, 0.0, 2.0, 5.4, 0.0, -6.0, 0.0 | -117.85
0.0, -5.0, 0.0, 0.0, 2.2, 5.0, 0.0, -6.0, 0.0 | -138.95
0.0, -5.0, 0.0, 0.0, 2.0, 5.3, 0.0, -6.0, 0.0 | -128.6
0.0, -5.0, 0.0, 0.0, 2.5, 5.4, 0.0, -6.0, 0.0 | -125.9
0.0, -5.0, 0.0, 0.0, 2.0, 5.4, -0.5, -6.0, 0.0 | -200.0
0.0, -5.0, 0.0, 0.0, 2.0, 5.0, 0.0, -6.0, 0.5 | -200.0
0.0, -5.0, 0.0, 0.0, 2.1, 5.4, 0.0, -6.0, 0.0 | -138.45
0.0, -5.0, 0.0, 0.0, 3.0, 6.0, 0.0, -6.0, 0.0 | -127.0
0.2, -5.0, 0.0, 0.0, 2.0, 5.1, 0.0, -6.0, 0.0 | -176.4
0.0, -5.0, 0.0, 0.0, 2.0, 5.2, 0.0, -6.0, 0.0 | -134.05
0.0, -5.0, 0.0, 0.0, 3.0, 5.0, 0.0, -6.0, 0.0 | -130.3
0.0, -4.0, 0.0, 0.0, 2.0, 5.0, 0.0, -6.0, 0.0 | -124.2
0.0, -5.0, 0.0, 0.0, 2.0, 5.0, 0.0, -5.0, 0.0 | -141.55
0.5, -5.0, 0.0, 0.0, 2.0, 5.0, 0.0, -6.0, 0.0 | -200.0
0.0, -5.0, 0.0, 0.0, 2.0, 5.0, 0.0, -6.0, 0.0 | -137.75
0.0, -5.0, 1.0, 0.0, 2.0, 5.0, 0.0, -6.0, 0.0 | -200.0
1.0, -5.0, 0.0, 0.0, 2.0, 5.4, 0.0, -6.0, 0.0 | -200.0
0.0, -5.0, 0.0, 0.0, 2.0, 5.0, -0.5, -6.0, 0.0 | -200.0
0.0, -4.0, 0.0, 0.0, 2.0, 5.4, 0.0, -6.0, 0.0 | -122.3
0.0, -5.0, 0.0, 0.0, 2.0, 4.9, 0.0, -6.0, 0.0 | -131.75
-0.5, -5.0, 0.0, 0.0, 2.0, 5.0, 0.0, -6.0, 0.0 | -200.0
0.0, -4.5, 0.0, 0.0, 2.0, 5.0, 0.0, -6.0, 0.0 | -132.35
0.0, -5.0, 0.0, 0.0, 2.0, 5.0, 0.0, -6.0, 0.1 | -200.0
0.0, -5.0, 0.0, 0.0, 2.0, 5.6, 0.0, -6.0, 0.0 | -135.6
0.0, -6.0, 0.0, 0.0, 2.0, 5.4, 0.0, -6.0, 0.0 | -122.15
0.0, -5.0, 0.0, 0.0, 2.0, 5.5, 0.0, -6.0, 0.5 | -200.0
0.0, -5.0, 0.0, 0.0, 2.0, 5.0, 1.0, -6.0, 0.0 | -200.0
0.0, -5.5, 0.0, 0.0, 2.0, 5.0, 0.0, -6.0, 0.0 | -134.15
0.0, -5.0, 0.0, 0.0, 2.0, 5.5, 0.0, -6.0, 0.0 | -135.95
-0.5, -5.0, 0.0, 0.0, 2.0, 5.4, 0.0, -6.0, 0.0 | -200.0
0.0, -5.0, 0.0, 0.0, 2.1, 5.4, 0.0, -6.0, 0.0 | -127.95
0.0, -5.0, 0.0, 0.0, 2.0, 5.4, 0.0, -5.0, 0.0 | -126.5
0.0, -5.0, 0.0, 0.0, 1.0, 5.4, 0.0, -6.0, 0.0 | -142.3
0.0, -5.1, 0.0, 0.0, 2.0, 5.4, 0.0, -6.0, 0.0 | -127.65
0.0, -5.0, 0.0, 0.0, 1.9, 5.4, 0.0, -6.0, 0.0 | -131.45
0.0, -5.0, 0.0, 0.0, 2.1, 5.4, 0.0, -6.0, 0.0 | -144.2
0.0, -5.0, 0.0, 0.0, 2.5, 5.4, 0.0, -6.0, 0.0 | -127.8
0.0, -5.0, 0.5, 0.0, 2.0, 5.4, 0.0, -6.0, 0.0 | -200.0
0.5, -5.0, 0.0, 0.0, 2.0, 5.5, 0.0, -6.0, 0.0 | -200.0
0.0, -5.0, 0.0, 0.0, 2.0, 5.2, 0.0, -6.0, 0.0 | -135.3
1.0, -5.0, 0.0, 0.0, 2.0, 5.5, 0.0, -6.0, 0.0 | -200.0
-1.0, -5.0, 0.0, 0.0, 2.0, 5.4, 0.0, -6.0, 0.5 | -200.0
0.0, -5.0, 0.0, 0.0, 2.0, 5.3, 0.0, -6.0, 0.0 | -128.95
0.0, -5.0, 0.0, 0.0, 2.0, 5.4, 0.1, -6.0, 0.0 | -191.1
0.0, -5.0, 1.0, 0.0, 2.0, 5.4, 0.0, -6.0, 0.0 | -200.0
0.0, -5.0, 0.0, 0.0, 2.0, 5.4, 0.0, -6.0, 0.5 | -200.0
0.0, -5.0, 0.0, 0.0, 2.0, 5.4, 0.0, -6.0, 0.1 | -200.0
0.0, -5.0, 0.0, 0.0, 2.0, 5.4, 0.0, -7.0, 0.0 | -129.25
0.0, -5.0, 0.0, 0.0, 3.0, 5.4, 0.0, -6.0, 0.0 | -132.45
0.0, -5.0, 0.0, 0.0, 2.0, 5.4, 0.0, -6.0, 0.1 | -200.0
-1.0, -5.0, 0.0, 0.0, 2.0, 5.4, 0.0, -6.0, 0.0 | -200.0
0.0, -5.0, 0.0, 0.0, 2.0, 5.6, 0.0, -6.0, 0.0 | -136.55
0.0, -5.0, 0.0, 0.0, 1.8, 5.4, 0.0, -6.0, 0.0 | -123.65
0.0, -5.0, 0.0, 0.0, 2.0, 6.0, 0.0, -6.0, 0.0 | -130.3
0.0, -4.9, 0.0, 0.0, 2.0, 5.4, 0.0, -6.0, 0.0 | -119.3
0.0, -4.8, 0.0, 0.0, 2.0, 5.4, 0.0, -6.0, 0.0 | -138.2
0.0, -5.0, 0.0, 0.0, 2.2, 5.4, 0.0, -6.0, 0.0 | -131.3
0.0, -5.2, 0.0, 0.0, 2.0, 5.4, 0.0, -6.0, 0.0 | -142.15
0.0, -5.0, 0.0, 0.0, 2.0, 5.4, 0.0, -5.0, 0.0 | -135.2
0.0, -5.0, 0.0, 0.0, 2.0, 5.4, 0.0, -5.5, 0.0 | -128.8
-0.5, -5.0, 0.0, 0.0, 2.0, 5.4, 0.0, -6.0, 0.0 | -200.0
0.0, -5.0, 0.0, 0.0, 2.0, 6.4, 0.0, -6.0, 0.0 | -120.45
0.0, -4.9, 0.5, 0.0, 2.0, 5.4, 0.0, -6.0, 0.0 | -200.0
0.0, -4.9, 0.0, 0.0, 2.0, 5.5, 0.0, -6.0, 0.0 | -140.7
0.0, -5.0, 0.0, 0.1, 2.0, 5.4, 0.0, -6.0, 0.0 | -126.8
0.0, -5.0, 0.0, 0.0, 2.0, 5.5, 0.0, -6.0, 0.0 | -117.75
0.0, -5.0, 0.0, 0.0, 2.1, 5.5, 0.0, -6.0, 0.0 | -123.95
0.0, -5.0, 0.0, 0.0, 2.0, 5.5, 0.0, -6.0, 0.5 | -200.0
1.0, -5.0, 0.0, 0.0, 2.0, 5.4, 0.0, -6.0, 0.0 | -200.0
0.0, -5.1, 0.0, 0.0, 2.0, 5.5, 0.0, -6.0, 0.0 | -136.35
0.0, -5.0, 1.0, 0.0, 2.0, 5.5, 0.0, -6.0, 0.0 | -200.0
0.0, -5.0, 0.0, 0.0, 2.0, 5.3, 0.0, -6.0, 0.0 | -133.8
0.0, -5.0, 0.0, 0.0, 3.0, 5.5, 0.0, -6.0, 0.0 | -130.15
0.0, -4.9, 0.0, 0.0, 2.0, 5.5, 0.0, -6.0, 0.0 | -110.9
0.0, -4.9, 0.0, 0.0, 2.0, 5.6, 0.0, -6.0, 0.0 | -123.9
0.5, -5.0, 0.0, 0.0, 2.0, 5.5, 0.0, -6.0, 0.0 | -200.0
-0.5, -4.9, 0.0, 0.0, 2.0, 5.5, 0.0, -6.0, 0.0 | -200.0
0.0, -4.9, 0.0, 0.0, 2.0, 5.5, 0.0, -7.0, 0.0 | -131.0
-0.5, -4.9, 0.0, 0.0, 2.0, 5.5, 0.0, -6.0, 0.0 | -200.0
0.0, -4.8, 0.0, 0.0, 2.0, 5.5, 0.0, -6.0, 0.0 | -130.35
0.1, -4.9, 0.0, 0.0, 2.0, 5.5, 0.0, -6.0, 0.0 | -140.05
-0.1, -4.9, 0.0, 0.0, 2.0, 5.5, 0.0, -6.0, 0.0 | -176.3
0.0, -4.8, 0.0, 0.0, 2.0, 5.5, 0.0, -6.0, 0.0 | -137.15
0.0, -4.9, 0.0, 0.0, 2.0, 5.5, -0.5, -6.0, 0.0 | -200.0
0.0, -4.9, 0.0, 0.0, 2.1, 5.5, 0.0, -6.0, 0.0 | -133.65
0.0, -5.0, 0.0, 0.0, 3.0, 5.5, 0.0, -6.0, 0.5 | -200.0
0.0, -4.9, 0.0, 0.0, 2.0, 5.6, 0.0, -6.0, 0.0 | -140.3
0.0, -4.9, 0.0, 0.0, 2.0, 5.5, 0.0, -5.9, 0.0 | -132.7
0.0, -4.9, 0.0, 0.0, 2.0, 5.5, -0.1, -6.0, 0.0 | -200.0
0.0, -4.9, 0.0, 0.0, 2.5, 5.5, 0.0, -6.0, 0.0 | -128.05
0.0, -4.9, 0.1, 0.0, 2.0, 5.5, 0.0, -6.0, 0.0 | -191.9
0.0, -4.7, 0.0, 0.0, 2.0, 5.5, 0.0, -6.0, 0.0 | -144.6
0.0, -4.9, 0.0, 0.0, 2.0, 5.5, 0.0, -6.0, -0.1 | -193.05
0.0, -4.9, 0.0, 0.0, 2.0, 5.5, 0.0, -5.5, 0.0 | -140.45
0.0, -4.9, 0.0, 0.0, 2.0, 5.5, 0.0, -6.5, 0.0 | -127.1
0.0, -4.8, 0.0, 0.0, 2.0, 5.4, 0.0, -6.0, 0.0 | -139.05
0.0, -4.9, 1.0, 0.0, 2.0, 5.5, 0.0, -6.0, 0.0 | -200.0
1.0, -4.9, 0.0, 0.0, 2.0, 5.5, 0.0, -6.0, 0.0 | -200.0
0.0, -4.9, 0.0, 1.0, 2.0, 5.5, 0.0, -6.0, 0.0 | -134.65
0.0, -4.9, 0.0, 0.5, 2.0, 5.5, 0.0, -6.0, 0.0 | -120.25
0.0, -4.9, 0.0, 0.0, 2.0, 5.5, 0.0, -6.0, 0.0 | -141.9
0.0, -4.9, 0.0, 0.0, 2.0, 5.5, 0.0, -6.0, 0.1 | -200.0
0.0, -4.9, 0.0, 0.0, 2.2, 5.5, 0.0, -6.0, 0.0 | -135.3
0.0, -4.9, 0.0, 0.6, 2.0, 5.5, 0.0, -6.0, 0.0 | -129.1
0.0, -4.9, 0.0, 0.0, 2.1, 6.2, 0.0, -6.0, 0.0 | -120.95
0.0, -4.9, 0.0, 0.0, 1.0, 5.5, 0.0, -6.0, 0.0 | -122.95
0.0, -4.9, 0.0, 0.0, 1.9, 5.5, 0.0, -6.0, 0.0 | -133.2
0.0, -4.9, 0.0, 0.0, 2.0, 6.5, 0.0, -6.0, 0.0 | -112.65
0.5, -4.9, 0.0, 0.0, 2.0, 5.5, 0.0, -6.0, 0.2 | -200.0
0.0, -4.9, 0.0, 0.0, 2.0, 5.5, 0.0, -6.0, 0.0 | -112.2
0.0, -4.9, 0.0, 0.0, 2.0, 6.0, 0.0, -6.0, 0.0 | -137.9
0.0, -4.9, 0.0, 0.0, 2.0, 5.5, 0.0, -6.0, 0.0 | -135.15
0.0, -4.9, 0.0, 0.0, 2.0, 5.5, 1.0, -6.0, 0.0 | -200.0
0.0, -4.9, 0.0, 0.0, 3.0, 5.5, 0.0, -6.0, 0.0 | -130.95
0.0, -4.9, 0.0, 0.0, 2.0, 5.6, 0.0, -5.9, 0.0 | -123.2
0.0, -4.9, 0.0, 0.0, 2.0, 5.3, 0.0, -6.0, 0.0 | -126.95
0.0, -4.9, 0.0, 0.0, 2.0, 6.0, 0.0, -6.0, 0.5 | -200.0
0.0, -5.0, 0.0, 0.0, 2.0, 5.5, 0.0, -6.0, 0.0 | -141.8
0.0, -4.9, 0.0, 0.0, 2.5, 6.5, 0.0, -6.0, 0.0 | -131.85
-1.0, -4.9, 0.0, 0.0, 2.0, 5.5, 0.0, -6.0, 0.0 | -200.0
0.0, -4.9, 0.0, 0.0, 2.0, 5.4, 0.0, -6.0, 0.0 | -122.7
0.0, -4.9, 0.0, 0.0, 2.0, 4.5, 0.0, -6.0, 0.0 | -147.0
0.0, -4.9, 0.0, 0.2, 2.0, 5.5, 0.0, -6.0, 0.0 | -133.9
0.0, -4.9, 0.0, 0.0, 2.0, 5.5, -0.5, -6.0, 0.0 | -200.0
0.0, -4.8, 0.0, 0.0, 2.0, 5.5, 0.0, -6.0, 0.0 | -138.65
0.0, -4.9, 0.0, 0.0, 2.0, 5.5, 0.0, -5.8, -0.1 | -187.1
-0.2, -4.9, 0.0, 0.0, 2.0, 5.5, 0.0, -6.0, 0.0 | -200.0
0.2, -4.9, 0.0, 0.0, 2.0, 5.5, 0.0, -6.0, 0.0 | -176.2
-0.1, -4.9, 0.0, 0.0, 2.0, 5.5, 0.0, -6.0, 0.0 | -165.35
0.0, -4.9, 0.0, 0.0, 2.0, 5.5, 0.0, -5.0, 0.0 | -124.2
0.0, -4.9, 0.0, 0.0, 2.0, 5.8, 0.0, -6.0, 0.0 | -130.9
0.0, -4.9, 0.0, 0.0, 1.0, 5.5, 0.0, -6.0, 0.0 | -130.65
0.0, -5.9, 0.0, 0.0, 2.0, 5.5, 0.0, -6.0, 0.0 | -127.25
0.0, -4.9, 0.0, 0.0, 2.0, 5.5, 0.0, -5.5, 0.0 | -121.6
0.0, -4.9, 0.0, 0.0, 2.1, 5.5, 0.0, -6.0, 0.0 | -134.1
0.0, -4.9, 0.0, 0.0, 2.0, 5.5, -1.0, -6.0, 0.0 | -200.0
0.0, -4.9, 0.0, 0.0, 2.0, 6.3, 0.0, -6.0, 0.0 | -140.85
0.0, -4.9, 0.0, 0.0, 2.0, 5.5, 0.0, -5.7, 0.0 | -138.9
0.5, -4.7, 0.0, 0.0, 2.0, 5.5, 0.0, -6.0, 0.0 | -200.0
0.0, -4.9, 1.0, 0.0, 2.0, 5.5, 0.0, -6.0, 0.0 | -200.0
0.0, -4.9, 0.0, 0.0, 2.0, 5.5, 0.0, -6.0, 0.0 | -128.9
0.0, -4.9, 0.0, 0.0, 2.0, 5.6, 0.0, -6.0, 0.0 | -138.65
0.0, -5.0, 0.0, 0.0, 2.0, 5.5, 0.0, -6.0, 0.0 | -127.95
0.0, -4.9, 0.0, 0.0, 2.0, 5.55, 0.0, -6.0, 0.0 | -136.45
0.0, -4.9, 0.0, 0.0, 2.0, 5.5, 0.0, -6.0, 0.5 | -200.0
0.0, -3.9, 0.0, 0.0, 2.0, 5.5, 0.0, -6.0, 0.0 | -131.0
0.0, -4.9, 0.0, 0.0, 2.0, 5.5, 0.0, -6.0, 0.1 | -200.0
0.0, -4.9, 0.0, 0.0, 3.0, 6.0, 0.0, -6.0, 0.0 | -138.8
0.0, -4.9, 0.0, 0.0, 2.1, 6.5, 0.0, -6.0, 0.0 | -133.5
1.0, -4.9, 0.0, 0.0, 2.0, 5.5, 0.0, -6.0, 0.0 | -200.0
0.0, -4.9, 0.0, 0.0, 2.0, 5.5, 0.1, -6.0, 0.0 | -189.65
0.0, -4.9, 0.0, 0.0, 2.0, 5.5, -0.5, -6.0, 0.0 | -200.0
-1.0, -4.9, 0.0, 0.0, 2.0, 5.5, 0.0, -6.0, 0.0 | -200.0
0.0, -4.9, 0.0, 0.0, 3.0, 5.5, 0.0, -6.0, 0.0 | -139.45
0.0, -4.9, 0.0, 0.0, 2.0, 6.5, 0.0, -6.0, 0.0 | -128.0
0.0, -4.9, 0.0, 0.0, 2.0, 7.5, 0.0, -6.0, 0.0 | -127.1
0.0, -4.8, 0.0, 0.0, 2.0, 5.5, 0.0, -6.0, 0.0 | -126.2
0.0, -4.9, -1.0, 0.0, 2.0, 5.5, 0.0, -6.0, 0.0 | -200.0
0.1, -4.9, 0.0, 0.0, 2.0, 5.5, 0.0, -6.0, 0.0 | -151.95
0.0, -4.9, 0.0, 0.0, 2.0, 6.0, 0.0, -6.0, 0.0 | -125.85
0.0, -4.9, 0.5, 0.5, 2.0, 5.5, 0.0, -5.0, 0.0 | -200.0
0.0, -4.9, 0.0, 0.5, 2.0, 6.5, 0.0, -6.0, 0.0 | -137.3
0.0, -4.9, 0.0, 0.0, 2.0, 5.0, 0.0, -5.9, 0.0 | -134.3
0.0, -4.9, 0.0, 0.0, 1.0, 6.5, 0.0, -6.0, 0.0 | -140.1
0.0, -4.9, 1.0, 0.0, 2.0, 5.5, 0.0, -6.0, 0.0 | -200.0
0.0, -4.9, 0.0, 0.0, 2.0, 5.5, -0.1, -6.0, 0.0 | -200.0
0.0, -4.9, 0.0, 0.0, 2.0, 5.55, 0.0, -6.0, 0.0 | -136.4
0.5, -4.9, 0.0, 0.0, 2.0, 5.5, 0.0, -6.0, 0.0 | -200.0
0.0, -4.9, 0.0, 0.1, 2.0, 5.5, 0.0, -6.0, 0.0 | -129.65
0.0, -4.9, 0.0, 0.5, 2.0, 5.5, 0.0, -5.5, 0.0 | -130.75
0.0, -4.9, 0.0, 0.0, 2.5, 5.5, 0.0, -6.0, 0.0 | -131.35
0.0, -4.9, 0.0, 0.0, 2.0, 5.6, 0.0, -6.0, 0.0 | -130.25
0.0, -4.9, 0.0, 0.0, 2.2, 6.0, 0.0, -6.0, 0.0 | -123.65
0.0, -4.9, 0.0, 0.0, 2.0, 6.5, 0.0, -6.0, 1.0 | -200.0
0.0, -4.9, 0.0, 0.0, 2.0, 6.5, 0.0, -5.5, 0.0 | -133.4
0.0, -4.9, 0.0, 0.0, 2.0, 5.5, 0.0, -5.8, 0.0 | -123.95
0.0, -4.9, 0.0, 0.0, 2.1, 5.5, 0.0, -6.0, 0.0 | -137.0
2.0, -4.9, 0.0, 0.0, 2.0, 5.5, 0.0, -6.0, 0.0 | -200.0
0.0, -4.9, 0.0, 0.0, 2.3, 5.8, 0.0, -5.8, 0.0 | -133.25
0.0, -4.9, 0.0, 0.0, 2.0, 5.5, 0.0, -6.0, 0.0 | -134.65
0.0, -4.9, 0.0, 0.0, 2.0, 5.5, 0.0, -5.4, 0.0 | -138.95
0.0, -4.9, 0.0, 0.0, 2.0, 5.5, 0.0, -5.5, 0.2 | -200.0
0.0, -4.9, 0.0, 0.0, 2.0, 6.0, 0.0, -5.5, 0.0 | -125.25
0.5, -4.9, 0.0, 0.0, 2.0, 5.5, 0.0, -5.5, 0.0 | -200.0
0.0, -4.9, 0.0, 0.0, 2.0, 5.5, 0.0, -5.6, 0.0 | -139.85
0.0, -4.9, 0.0, 0.0, 2.0, 5.5, 0.2, -5.5, 0.0 | -200.0
0.1, -4.9, 0.0, 0.0, 2.0, 5.5, 0.0, -5.5, 0.0 | -152.95
0.0, -4.9, 0.0, 0.0, 1.9, 5.5, 0.0, -5.5, 0.0 | -131.55
0.0, -4.9, 0.0, 0.0, 2.1, 5.5, 0.0, -5.5, 0.0 | -145.6
0.0, -4.9, 0.0, 0.0, 2.0, 5.3, 0.0, -5.5, 0.0 | -127.3
0.0, -4.9, 0.0, 0.0, 2.0, 5.5, 0.0, -5.6, 0.0 | -137.2
0.0, -4.9, 0.0, 0.0, 2.0, 5.6, 0.0, -5.5, 0.0 | -130.35
0.0, -4.8, 0.0, 0.0, 2.0, 5.5, 0.0, -5.5, 0.0 | -141.45
0.0, -4.9, 0.0, 0.0, 2.0, 5.45, 0.0, -5.5, 0.0 | -128.1
0.0, -4.9, 0.0, 0.0, 1.8, 5.5, 0.0, -5.5, 0.0 | -143.35
0.0, -4.9, 0.0, 0.0, 1.9, 5.5, 0.0, -5.5, 0.0 | -152.75
0.0, -4.9, 0.0, 0.0, 2.0, 5.4, 0.0, -5.5, 0.0 | -128.1
-0.2, -4.9, 0.0, 0.0, 2.0, 5.5, 0.0, -5.5, 0.0 | -200.0
0.0, -4.9, 0.0, 0.1, 2.0, 5.5, 0.0, -5.5, 0.0 | -115.45
0.0, -4.9, 0.0, 0.2, 2.0, 5.5, 0.0, -5.5, 0.0 | -140.3
0.0, -4.9, 0.0, 0.1, 2.0, 5.5, 0.0, -5.5, -5.5 | -200.0
0.0, -4.9, 0.1, 0.1, 2.0, 5.5, 0.0, -5.5, 0.0 | -173.9
0.0, -4.9, 0.0, 0.1, 2.2, 5.5, 0.0, -5.5, 0.0 | -133.8
0.0, -4.9, 0.0, 0.0, 2.0, 5.5, 0.0, -5.5, 0.0 | -128.9
0.1, -4.9, 0.0, 0.1, 2.0, 5.5, 0.0, -5.5, 0.0 | -152.1
0.2, -4.9, 0.0, 0.0, 2.0, 5.5, 0.0, -5.5, 0.0 | -180.15
0.0, -4.9, 0.0, 0.1, 3.0, 5.5, 0.0, -5.5, 0.0 | -128.55
0.0, -4.9, 0.0, 0.1, 2.0, 6.5, 0.0, -5.5, 0.0 | -123.5
0.0, -4.9, 0.0, 0.1, 2.0, 5.5, 0.0, -5.5, 0.1 | -200.0
0.0, -4.9, 0.0, 0.1, 2.0, 5.5, 0.0, -5.4, 0.0 | -131.7
0.0, -5.0, 0.0, 0.1, 2.0, 5.5, 0.0, -5.5, 0.0 | -126.85
0.0, -4.9, 0.0, 0.1, 2.0, 5.6, 0.0, -5.5, 0.0 | -129.8
0.0, -4.9, 0.1, 0.1, 2.0, 5.5, 0.0, -5.5, 0.0 | -183.3
0.0, -4.9, 0.0, 0.1, 2.2, 5.5, 0.0, -5.5, 0.0 | -141.2
0.0, -4.9, 0.0, 0.1, 2.0, 2.0, 0.0, -5.5, 1.0 | -200.0
0.0, -4.9, 0.0, 0.1, 2.5, 6.0, 0.0, -5.5, 0.0 | -123.3
0.0, -4.9, 0.0, 0.1, 2.1, 5.5, 0.0, -5.5, 0.0 | -134.4
0.0, -4.9, 0.0, 0.1, 2.0, 5.5, 0.5, -5.5, 0.0 | -200.0
0.0, -4.9, 0.0, 0.1, 2.0, 5.5, 0.0, -5.0, 0.0 | -135.65
-1.0, -4.9, 0.0, 0.1, 2.0, 5.5, 0.0, -5.5, 0.0 | -200.0
0.0, -4.9, 0.0, 0.1, 2.0, 5.5, 0.0, -5.5, 0.0 | -144.65
0.0, -4.8, 0.0, 0.1, 2.0, 5.5, 0.0, -5.5, 0.0 | -132.3
0.0, -4.9, 0.0, 0.1, 2.2, 5.5, 0.0, -5.5, 0.0 | -120.5
0.0, -4.9, 0.0, 0.1, 2.0, 5.5, -0.1, -5.5, 0.0 | -200.0
0.0, -4.9, 0.0, 0.1, 2.5, 5.5, 0.0, -5.5, 0.0 | -115.8
0.5, -4.9, 0.0, 0.1, 2.0, 5.5, 0.0, -5.5, 0.0 | -200.0
0.0, -4.9, 0.0, 0.2, 2.5, 5.5, 0.0, -5.5, 0.0 | -137.4
0.0, -4.9, 0.0, 0.1, 2.0, 5.5, 0.0, -5.5, -0.1 | -187.45
0.0, -4.9, 0.0, 0.1, 2.1, 5.5, 0.0, -5.5, 0.0 | -142.9
0.0, -4.9, 0.0, 0.1, 2.0, 5.8, 0.0, -5.5, 0.0 | -146.35
0.0, -4.9, 0.1, 0.1, 2.0, 5.5, 0.0, -5.5, 0.0 | -172.75
0.0, -4.9, 0.0, 0.1, 2.0, 5.5, 0.0, -5.5, 0.0 | -123.0
0.0, -5.0, 0.0, 0.1, 2.0, 5.5, 0.0, -5.5, 0.0 | -128.95
0.1, -4.9, 0.0, 0.1, 2.0, 5.5, 0.0, -5.5, 0.0 | -136.25
-0.1, -4.9, 0.0, 0.1, 2.0, 5.5, 0.0, -5.5, 0.0 | -181.05
0.0, -4.9, 0.5, 0.1, 2.0, 5.5, 0.0, -5.5, 0.0 | -200.0
0.0, -4.9, 0.0, 0.1, 2.8, 5.6, 0.0, -5.5, 0.0 | -118.9
0.2, -4.9, 0.0, 0.1, 2.2, 5.4, 0.0, -5.5, 0.0 | -180.05
0.0, -4.9, 0.0, 0.1, 2.0, 5.5, 0.0, -5.5, 0.0 | -131.05
1.0, -4.9, 0.0, 0.1, 2.5, 5.5, 0.0, -5.5, 0.0 | -200.0
0.0, -4.9, 0.0, 0.1, 2.4, 5.5, 0.0, -5.5, 0.0 | -138.9
0.0, -4.9, 0.0, 0.1, 2.0, 5.5, 0.0, -5.5, 0.2 | -200.0
0.0, -4.9, 0.0, 0.1, 3.0, 5.5, 0.0, -5.5, 1.0 | -200.0
0.0, -4.9, 0.0, 0.0, 2.8, 5.6, 0.0, -5.5, 0.0 | -121.2
0.0, -4.9, 0.0, 0.1, 2.0, 5.5, 0.1, -5.5, 0.0 | -194.65
0.0, -4.9, 0.0, 0.1, 2.9, 5.6, 0.0, -5.5, 0.0 | -117.25
0.0, -4.9, 0.0, 0.1, 2.3, 5.5, 0.0, -5.5, 0.0 | -125.35
0.0, -4.9, 0.0, 0.1, 2.0, 5.6, 0.0, -5.5, 0.0 | -134.05
0.0, -4.9, 0.0, 0.1, 2.6, 5.5, 0.0, -5.5, 0.0 | -124.95
0.0, -4.8, 0.0, 0.2, 2.8, 5.6, 0.0, -5.4, 0.0 | -125.8
0.0, -4.9, 0.0, 0.1, 2.5, 6.5, 0.0, -5.5, 0.0 | -151.55
0.0, -4.9, 0.0, 0.1, 2.6, 5.7, 0.0, -5.5, 0.0 | -140.6
0.0, -4.9, 0.0, 0.1, 2.0, 5.5, 0.0, -5.4, 0.0 | -149.65
0.0, -4.9, 0.0, 0.2, 3.1, 5.6, 0.0, -5.5, 0.1 | -200.0
0.0, -4.9, 0.0, 0.1, 2.0, 5.5, 0.0, -5.5, 0.0 | -131.35
0.0, -4.9, 0.0, 0.2, 2.0, 5.5, 0.0, -5.5, 0.0 | -132.35
0.0, -4.9, 0.0, 0.1, 2.5, 5.4, 0.0, -5.5, 0.0 | -120.8
0.0, -4.9, 0.0, 0.1, 2.1, 5.5, 0.0, -5.5, 0.0 | -124.55
0.0, -4.9, 0.0, 0.0, 2.5, 6.0, 0.0, -5.5, 0.0 | -124.85
0.0, -5.0, 0.0, 0.0, 2.5, 6.0, 0.0, -5.5, 0.0 | -128.95
0.0, -4.9, 0.0, 0.2, 2.5, 5.5, 0.0, -5.5, 0.0 | -133.85
0.0, -4.9, 0.0, 0.1, 2.5, 5.5, 0.0, -5.5, 0.0 | -120.3
0.0, -4.9, 0.0, 0.1, 2.0, 5.4, 0.0, -5.5, 0.0 | -132.7
0.0, -4.9, 0.0, 0.1, 2.5, 5.6, 0.0, -5.5, 0.0 | -138.4
0.0, -4.9, 0.0, 0.1, 2.0, 5.5, -1.0, -5.5, 0.0 | -200.0
0.0, -4.9, 0.0, 0.1, 2.5, 5.4, 0.0, -5.5, 0.0 | -137.75
0.0, -4.9, 0.0, 0.1, 2.0, 5.5, 0.0, -5.5, 0.0 | -124.1
1.0, -3.9, 0.0, 1.1, 3.0, 6.5, 0.0, -4.5, 1.0 | -200.0
0.2, -4.9, 0.0, 0.1, 2.0, 5.5, 0.0, -5.5, 0.0 | -176.45
0.1, -4.9, 0.0, 0.1, 2.5, 5.5, 0.0, -5.5, 0.0 | -152.7
0.0, -4.9, 0.0, 0.1, 2.4, 5.5, 0.0, -5.5, 0.0 | -131.4
0.0, -4.9, 0.1, 0.1, 2.5, 5.5, 0.0, -5.5, 0.0 | -177.1
0.1, -4.9, 0.0, 0.1, 2.5, 5.5, 0.0, -5.5, 0.0 | -140.9
-0.5, -5.5, 0.0, 0.1, 2.5, 5.5, 0.0, -5.5, 0.0 | -200.0
0.0, -4.9, 0.0, 0.1, 2.7, 5.5, 0.0, -5.5, 0.0 | -133.5
0.5, -4.9, 0.0, 0.1, 2.5, 5.5, 0.0, -5.5, 0.0 | -200.0
0.0, -4.9, 0.0, 0.1, 2.5, 6.0, 0.0, -5.5, 0.1 | -192.9
0.0, -4.9, 0.0, 0.1, 2.6, 5.4, 0.0, -5.5, 0.0 | -130.65
0.0, -4.9, 0.0, 0.1, 2.4, 5.5, 0.0, -5.5, 0.0 | -135.05
0.0, -4.9, 0.0, 0.1, 2.5, 5.5, 0.0, -5.5, 0.1 | -200.0
0.0, -4.9, 0.0, 0.1, 2.5, 5.6, 0.0, -5.4, 0.0 | -126.0
0.0, -4.9, 0.0, 0.1, 2.5, 6.2, 0.0, -5.5, 0.0 | -129.25
0.0, -4.9, 0.5, 0.1, 2.5, 5.5, 0.0, -5.5, 0.0 | -200.0
0.0, -4.9, 0.0, 0.1, 2.5, 6.1, 0.0, -5.5, 0.0 | -134.9
0.0, -4.9, 0.0, 0.0, 2.5, 5.5, 0.0, -5.5, 0.0 | -127.4
0.0, -4.9, 0.0, 0.1, 2.5, 5.5, 0.0, -5.5, 1.0 | -200.0
0.0, -4.8, 0.0, 0.1, 2.5, 5.5, 0.0, -5.5, 0.0 | -148.05
-1.0, -4.9, 0.0, 0.1, 2.5, 5.5, 0.0, -5.5, 0.0 | -200.0
0.0, -5.0, 0.0, 0.1, 2.5, 5.5, 0.0, -5.5, 0.0 | -126.7
0.0, -4.9, 0.0, 0.1, 2.5, 5.5, 1.0, -5.5, 0.0 | -200.0
-0.1, -4.9, 0.0, 0.1, 2.5, 5.5, 0.0, -5.5, 0.0 | -170.35
0.0, -4.9, 0.0, 0.0, 2.6, 5.5, 0.0, -5.5, 0.0 | -136.85
0.0, -4.9, 0.0, 0.1, 2.5, 5.5, 0.0, -5.5, 0.0 | -130.2
0.0, -4.9, 0.1, 0.1, 2.5, 5.5, 0.0, -5.5, 0.0 | -168.8
0.0, -4.9, 0.0, 0.1, 2.5, 5.5, 0.0, -5.5, 0.5 | -200.0
0.0, -4.9, 0.0, 0.2, 3.0, 5.6, 0.0, -5.5, 0.0 | -121.05
0.0, -4.9, 0.0, 0.1, 2.9, 5.7, 0.0, -5.5, 0.0 | -144.5
0.0, -4.9, 0.0, 0.1, 3.9, 5.6, 0.0, -5.5, 0.0 | -133.35
0.0, -4.9, 0.0, 0.1, 3.0, 5.6, 0.0, -5.5, 0.0 | -127.5
0.0, -4.9, 0.0, 0.0, 2.9, 5.6, 0.0, -5.5, 0.0 | -123.45
0.0, -4.9, 0.0, 0.1, 2.9, 5.5, 0.0, -5.5, 0.0 | -143.9
0.0, -4.9, 0.0, 0.1, 2.9, 5.7, 0.0, -5.5, 0.0 | -127.8
0.0, -5.9, 0.0, 0.1, 2.9, 5.6, 0.0, -5.5, 0.0 | -135.25
0.0, -4.9, 0.0, 0.1, 2.9, 5.6, 0.5, -5.5, 0.0 | -200.0
0.0, -4.9, 0.0, 0.2, 2.9, 5.6, 0.0, -5.5, 0.0 | -120.85
0.0, -4.9, 0.0, 1.1, 2.9, 5.6, 0.0, -5.5, 0.0 | -125.8
0.0, -4.9, 1.0, 0.1, 2.9, 5.6, 0.0, -5.5, 0.0 | -200.0
0.1, -4.9, 0.0, 0.1, 2.9, 5.6, 0.0, -5.5, 0.0 | -141.45
0.5, -4.9, 0.0, 0.1, 2.9, 5.6, 0.0, -5.5, 0.0 | -200.0
0.0, -5.0, 0.0, 0.1, 2.9, 5.6, 0.0, -5.5, 0.0 | -130.35
0.0, -4.9, 0.0, 0.1, 2.8, 5.6, 0.0, -5.5, 0.0 | -142.45
0.0, -4.9, 0.0, 0.0, 2.9, 5.6, 0.0, -5.5, 0.0 | -137.65
0.0, -4.9, 0.0, 0.1, 2.9, 5.6, 0.1, -5.4, 0.0 | -193.1
0.0, -4.9, 0.0, 0.2, 2.5, 5.5, 0.0, -5.5, 0.0 | -124.6
0.0, -4.9, 0.0, 0.1, 2.9, 5.8, 0.0, -5.5, 0.0 | -124.95
0.0, -4.9, 0.0, 0.1, 2.9, 6.6, 0.0, -5.5, 0.0 | -122.75
0.0, -4.8, 0.0, 0.2, 2.9, 5.6, 0.0, -5.5, 0.0 | -115.2
0.0, -4.7, 0.0, 0.3, 3.0, 5.6, 0.0, -5.5, 0.0 | -125.3
0.1, -4.8, 0.0, 0.2, 2.9, 5.6, 0.0, -5.5, 0.0 | -152.9
0.0, -4.8, 0.0, 0.2, 3.0, 5.6, 0.0, -5.5, 0.0 | -125.0
0.0, -4.8, 0.0, 0.2, 3.9, 5.6, 0.0, -5.5, 0.0 | -129.4
0.0, -4.8, 0.0, 0.2, 2.9, 5.5, 0.0, -5.5, 0.0 | -131.1
0.0, -4.8, 0.0, 0.3, 2.9, 5.6, 0.0, -5.5, 0.0 | -151.25
-0.2, -4.8, 0.0, 0.2, 2.9, 5.6, 0.0, -5.5, 0.0 | -200.0
0.0, -4.8, 0.0, 0.1, 2.9, 5.6, 0.0, -5.5, 0.0 | -122.95
0.0, -4.8, 0.0, 0.2, 2.9, 5.6, 0.0, -5.5, 0.0 | -130.95
0.0, -4.8, 0.0, 0.2, 2.9, 5.6, 0.0, -5.5, 0.1 | -200.0
0.0, -4.8, 0.0, 0.2, 2.9, 6.0, 0.0, -5.5, 0.0 | -122.5
0.0, -4.8, 0.0, 0.2, 2.8, 5.6, 0.0, -5.5, 0.0 | -141.05
0.0, -4.8, 0.0, 0.2, 2.9, 5.5, 0.0, -5.5, 0.0 | -135.65
0.0, -4.8, 0.0, 0.2, 2.9, 5.7, 0.0, -5.5, 0.0 | -148.35
0.0, -4.8, 0.0, 0.2, 2.9, 5.6, 0.0, -5.5, 0.3 | -200.0
0.0, -4.7, 0.0, 0.2, 2.9, 5.6, 0.0, -5.5, 0.0 | -137.4
0.2, -4.8, 0.0, 0.2, 2.9, 5.6, 0.0, -5.5, 0.0 | -184.4
0.0, -4.8, 0.1, 0.2, 2.9, 5.6, 0.0, -5.5, 0.0 | -170.4
0.0, -4.6, 0.0, 0.2, 2.9, 5.6, 0.0, -5.5, 0.0 | -139.8
0.0, -4.8, 0.0, 0.3, 2.9, 5.6, 0.0, -5.5, 0.0 | -127.9
0.0, -4.8, 0.0, 0.2, 2.9, 5.6, 0.5, -5.5, 0.0 | -200.0
0.0, -4.0, 0.0, 0.0, 0.0, 4.0, 0.1, 0.0, -0.1 | -200.0
-4.0, -1.0, 0.0, 0.0, 4.0, 1.0, 0.0, 0.0, 0.0 | -200.0
-1.0, -1.0, 0.0, 0.0, 1.0, 1.0, 0.0, -6.0, 0.0 | -200.0
-5.0, -5.0, -0.5, -0.5, 5.0, 5.0, 0.0, -2.0, 2.0 | -200.0
0.0, -1.0, 0.0, 0.0, 0.0, 1.0, 0.1, 0.0, -0.1 | -200.0
-2.0, -2.0, 0.0, 0.0, 2.0, 2.0, 0.0, -1.0, 0.0 | -200.0
-5.0, 0.0, 0.0, 0.0, 5.0, 5.0, 1.0, 0.0, -1.0 | -200.0
0.0, -1.0, 0.0, 0.0, 0.0, 1.0, 0.0, -6.0, 0.0 | -133.4
0.0, -1.0, 0.0, 0.0, 0.0, 1.0, 0.0, -2.0, 0.0 | -135.95
0.0, -1.0, 0.0, 0.0, 2.0, 1.0, 0.0, -6.0, 2.0 | -200.0
-3.0, -1.0, 0.0, 0.0, 3.0, 1.0, 0.0, -5.0, 0.0 | -200.0
-1.0, -1.0, 0.0, 0.0, 1.0, 1.0, 0.0, -6.0, 0.0 | -200.0
-0.5, -1.0, 0.0, 0.0, 0.5, 1.0, 0.0, -6.0, 0.0 | -200.0
-1.0, -1.0, 0.0, 0.0, 1.0, 1.0, 0.0, -6.0, 1.0 | -200.0
0.0, -6.0, 0.0, 0.0, 0.0, 6.0, 0.0, -6.0, 0.0 | -125.15
-2.0, -6.0, 0.0, 0.0, 2.0, 6.0, 1.0, -6.0, 0.0 | -200.0
0.0, -6.0, 0.0, 0.0, 1.0, 6.0, 0.0, -6.0, 0.0 | -140.7
-2.0, -5.0, 0.0, 0.0, 2.0, 5.0, 0.0, -5.0, 0.0 | -200.0
-1.0, -6.0, 0.0, 0.0, 1.0, 6.0, 0.0, -6.0, 0.0 | -200.0
0.0, -6.0, 0.0, 0.0, 0.0, 6.0, 0.0, -6.0, -1.0 | -200.0
-1.0, -6.0, 0.0, 0.0, 1.0, 6.0, 0.0, -6.0, 1.0 | -200.0
-2.0, -6.0, 0.0, 0.0, 2.0, 6.0, 0.0, -6.0, 0.0 | -200.0
0.0, -5.0, 0.0, 0.0, 1.0, 6.0, 0.0, -6.0, 0.0 | -112.15
0.0, -5.0, 0.0, 0.0, 2.0, 6.0, 0.0, -6.0, 0.0 | -134.5
-1.0, -6.0, 0.0, 0.0, 1.0, 6.0, 0.0, -6.0, 0.0 | -200.0
-1.0, -5.0, 0.0, 0.0, 2.0, 6.0, 0.0, -6.0, 0.0 | -200.0
0.0, -4.5, 0.0, 0.0, 0.0, 6.0, 0.0, -6.0, 0.0 | -125.2
0.0, -5.0, 0.0, 0.0, 2.0, 6.0, 0.0, -6.0, 0.0 | -133.75
0.0, -5.0, 0.0, 0.0, 1.0, 5.0, 0.0, -6.0, 0.0 | -121.15
0.0, -5.0, 0.0, 0.0, 2.0, 5.0, 0.0, -6.0, 0.0 | -141.45
0.0, -6.0, 0.0, 0.0, 0.0, 6.0, 0.0, -5.0, 0.0 | -158.05
0.0, -5.5, 0.0, 0.0, 1.0, 6.0, 0.0, -6.0, 0.0 | -127.1
0.5, -5.0, 0.5, -0.5, 1.0, 6.0, 0.0, -6.0, 0.0 | -140.2
0.0, -5.0, -1.0, 0.0, 1.0, 6.0, 0.0, -5.0, 0.0 | -200.0
0.0, -6.0, 0.0, 0.0, 2.0, 6.0, 0.0, -6.0, 0.0 | -130.65
-1.0, -6.0, 0.0, 0.0, 1.0, 6.0, 0.0, -6.0, 0.0 | -200.0
1.0, -5.0, 0.0, 0.0, 1.0, 6.0, 0.0, -6.0, 0.0 | -200.0
-1.0, -5.0, 0.0, 0.0, 1.0, 5.0, 0.0, -6.0, 0.0 | -200.0
0.0, -6.0, 0.0, 0.0, 1.0, 6.0, 0.0, -6.0, 0.0 | -124.0
-4.0, -1.0, 0.0, 0.0, 4.0, 1.0, 0.0, -6.0, 0.0 | -200.0
0.0, -5.0, 0.0, 0.0, 0.0, 6.0, 0.0, -5.0, 0.0 | -128.65
0.0, -5.0, 0.0, 0.0, 2.0, 7.0, 0.0, -6.0, 0.0 | -136.9
0.0, -5.0, 0.0, 0.0, 1.0, 5.0, 0.0, -5.0, 0.0 | -133.85
-1.0, -5.0, 0.0, 0.0, 1.0, 6.0, 0.0, -6.0, 0.0 | -200.0
0.5, -5.0, 0.0, 0.0, 1.0, 6.0, 0.0, -6.0, 0.0 | -200.0
0.0, -5.0, 0.0, 0.0, 2.0, 6.0, 0.0, -6.0, 0.0 | -124.9
0.0, -5.0, 0.0, 0.0, 0.5, 6.0, 0.0, -5.0, 0.5 | -200.0
-1.0, -5.0, 0.0, 0.0, 0.0, 6.0, 0.0, -6.0, 0.0 | -200.0
1.0, -5.0, 0.0, 0.0, 1.0, 5.0, 0.0, -6.0, 0.0 | -200.0
0.0, -5.0, 0.0, 0.0, 1.0, 7.0, 0.0, -6.0, 0.0 | -136.65
0.0, -5.0, 0.0, 0.0, 1.0, 5.0, 0.0, -6.0, 0.5 | -200.0
-2.0, -2.0, 0.0, 0.0, 2.0, 2.0, 0.0, -6.0, 0.0 | -200.0
-1.0, -5.0, 0.0, 0.0, 1.0, 6.0, 0.0, -6.0, 0.0 | -200.0
0.0, -5.0, 0.0, 0.0, 0.5, 6.0, 0.0, -5.0, 0.0 | -126.55
-2.0, -5.0, 0.0, 0.0, 1.0, 6.0, 0.0, -6.0, 0.0 | -200.0
-1.0, -5.0, 0.0, 0.0, 1.0, 5.0, 0.0, -6.0, 0.0 | -200.0
0.0, -5.0, 0.0, 0.0, 0.0, 6.0, 0.0, -5.0, -2.0 | -200.0
0.0, -5.5, 0.0, 0.0, 0.0, 6.0, 0.0, -5.5, 0.0 | -133.7
0.0, -4.0, 0.0, 0.0, 0.0, 5.0, 0.0, -5.0, 0.0 | -127.25
0.0, -5.0, 0.0, 0.0, 2.0, 5.0, 0.0, -6.0, 0.5 | -200.0
0.0, -5.0, 0.0, 0.0, 1.0, 5.0, 0.0, -6.0, 1.0 | -200.0
-0.5, -5.0, 0.0, 0.0, 0.5, 6.0, 0.0, -5.0, 0.0 | -200.0
-0.5, -5.0, 0.0, 0.0, 2.0, 6.0, 0.0, -4.0, 0.0 | -200.0
-1.0, -5.0, 0.0, 0.0, 1.0, 6.0, 0.0, -6.0, 0.0 | -200.0
0.0, -5.0, 0.5, 0.0, 2.0, 6.0, 0.0, -6.0, 0.0 | -200.0
-0.5, -6.0, 0.0, 0.0, 0.5, 6.0, 0.0, -5.0, 0.0 | -200.0
-1.0, -5.0, 0.0, 0.0, 1.0, 6.0, 0.0, -6.0, 0.0 | -200.0
1.0, -5.0, 0.0, 0.0, 0.0, 6.0, 0.0, -5.0, 0.0 | -200.0
0.0, -5.0, 0.0, 0.0, 0.5, 6.0, 0.0, -6.0, 0.0 | -120.6
0.0, -6.0, 0.0, 0.0, 0.5, 6.0, 0.0, -6.0, 0.0 | -111.8
0.0, -6.0, 0.0, 0.0, 0.6, 6.0, 0.0, -6.0, 0.0 | -134.9
0.0, -6.0, 0.0, 0.0, 0.8, 6.0, 0.0, -6.0, 0.0 | -128.4
0.0, -5.8, 0.0, 0.0, 0.4, 6.0, 0.0, -6.0, 0.0 | -115.75
-0.5, -6.0, 0.0, 0.0, 0.5, 6.0, 0.0, -6.0, 0.0 | -200.0
0.0, -6.0, 0.0, 0.0, 0.5, 6.0, 0.0, -6.0, 0.5 | -200.0
0.0, -6.0, 0.0, 0.0, 0.5, 6.0, 0.5, -5.5, 0.0 | -200.0
-0.5, -5.5, 0.0, 0.0, 0.5, 6.0, 0.0, -6.0, 0.0 | -200.0
0.2, -6.0, 0.0, 0.0, 0.5, 6.0, 0.0, -6.0, 0.0 | -174.0
0.0, -6.0, 0.0, 0.0, 0.5, 6.0, 0.0, -5.5, 0.0 | -124.8
-0.1, -6.0, 0.0, 0.0, 0.5, 6.0, 0.0, -6.0, 0.0 | -171.95
0.0, -5.5, 0.0, 0.0, 0.5, 6.0, 0.0, -6.0, 0.0 | -142.1
0.0, -5.9, 0.0, 0.0, 0.5, 6.0, 0.0, -6.0, 0.0 | -135.9
0.0, -6.0, 0.0, 0.0, 0.5, 6.0, 0.2, -6.0, 0.2 | -140.6
0.0, -6.0, 0.0, 0.0, 0.5, 5.0, 0.0, -6.0, 0.0 | -134.4
0.0, -6.0, 0.0, 0.0, 0.3, 6.0, 0.0, -6.0, 0.0 | -116.5
0.1, -6.0, 0.0, 0.0, 0.5, 6.0, 0.0, -6.0, 0.0 | -143.15
0.0, -6.0, 0.0, 0.0, 0.5, 6.0, 0.0, -5.8, 0.0 | -139.45
0.0, -6.0, 0.0, 0.0, 0.8, 6.0, 0.0, -6.0, 0.5 | -200.0
0.0, -6.0, 0.0, 0.0, 0.5, 6.0, 0.0, -6.0, 0.2 | -200.0
0.0, -5.0, 0.0, 0.0, 0.5, 6.0, 0.0, -6.0, 0.0 | -138.5
1.0, -6.0, 0.0, 0.0, 0.5, 6.0, 0.0, -6.0, 0.0 | -200.0
0.0, -5.8, 0.0, 0.0, 0.5, 6.0, 0.0, -6.0, 0.0 | -145.5
0.0, -6.0, 0.0, 0.0, 0.5, 6.0, 1.0, -6.0, 0.0 | -200.0
0.0, -6.0, 0.0, 0.0, 1.5, 6.0, 0.0, -6.0, 0.0 | -127.95
0.0, -6.0, 0.0, -6.0, 0.5, 6.0, 0.0, -6.0, 0.0 | -130.45
0.0, -6.0, 0.0, 0.0, 0.6, 6.0, 0.0, -6.0, 0.0 | -144.0
0.0, -6.0, 0.0, 0.0, 0.4, 6.0, 0.0, -6.0, 0.0 | -140.5
0.0, -5.7, 0.0, 0.0, 0.5, 6.0, 0.0, -6.0, 0.0 | -116.45
0.5, -6.0, 0.0, 0.0, 0.5, 6.0, 0.0, -6.0, 0.0 | -200.0
0.0, -6.0, 0.0, 0.0, 0.5, 6.0, 0.5, -6.0, 0.0 | -200.0
0.0, -6.0, 0.0, 0.0, 0.6, 6.0, 0.0, -6.0, 1.0 | -200.0
0.0, -6.0, 0.0, 0.0, 0.5, 6.0, 0.0, -6.0, -0.2 | -200.0
0.0, -6.0, 0.0, 0.0, 0.5, 6.0, 0.0, -5.0, 0.0 | -139.4
0.0, -6.0, 0.0, 0.0, 0.5, 6.0, 0.0, -6.0, 0.0 | -134.75
0.2, -6.0, 0.0, 0.0, 0.5, 6.0, 0.0, -6.0, 0.0 | -181.2
-0.5, -6.0, 0.0, 0.0, 0.6, 6.0, 0.0, -6.0, 0.0 | -200.0
0.0, -6.0, 0.0, 0.0, 0.5, 6.0, 0.0, -5.5, 0.0 | -123.05
0.0, -6.0, 0.0, 0.0, 0.53, 6.0, 0.0, -6.0, 0.0 | -124.65
-0.5, -6.0, 0.0, 0.0, 0.5, 6.0, 0.0, -6.0, 0.0 | -200.0
0.0, -6.0, 0.0, 0.0, 0.5, 6.0, 0.0, -6.0, 0.1 | -189.75
0.0, -6.0, 0.5, 0.0, 0.5, 6.0, 0.0, -6.0, 0.0 | -200.0
0.0, -6.0, 0.0, 0.0, 0.5, 6.0, -1.0, -6.0, 0.0 | -200.0
-0.5, -6.0, 0.0, 0.0, 0.5, 5.0, 0.0, -6.0, 0.0 | -200.0
0.0, -6.0, 0.0, 0.0, 0.55, 6.0, 0.0, -6.0, 0.0 | -129.5
0.0, -6.0, 0.0, 0.0, 0.48, 6.0, 0.0, -6.0, 0.0 | -130.2
0.0, -6.0, 0.0, 0.0, 0.45, 6.0, 0.0, -6.0, 0.0 | -127.95
0.0, -5.9, 0.0, 0.0, 0.5, 6.0, 0.0, -6.0, 0.0 | -143.8
0.0, -6.0, 0.1, 0.0, 0.5, 6.0, 0.0, -6.0, 0.0 | -159.8
0.0, -6.0, 0.0, 0.0, 0.52, 6.0, 0.0, -6.0, 0.0 | -141.85
1.0, -6.0, 0.0, 0.0, 0.5, 6.0, 0.0, -6.0, 0.0 | -200.0
0.0, -6.0, 0.5, 0.0, 0.5, 6.0, 0.0, -6.0, 0.0 | -200.0
0.0, -6.0, 0.0, 0.0, 1.5, 6.0, 0.0, -6.0, 0.0 | -131.55
-1.0, -6.0, 0.0, 0.0, 0.5, 6.0, 0.0, -6.0, 0.0 | -200.0
0.0, -6.0, 0.0, 0.0, 0.5, 6.0, 0.0, -5.8, 0.0 | -123.6
0.0, -6.0, 0.0, 0.0, 1.5, 6.0, 0.0, -6.0, 0.0 | -139.0
0.0, -6.0, 0.0, 0.0, 0.5, 6.0, -0.2, -6.0, 0.0 | -200.0
-0.2, -6.0, 0.0, 0.0, 0.5, 6.0, 0.0, -6.0, 0.0 | -195.05
0.0, -6.0, 0.0, 0.0, 0.5, 6.0, 0.0, -6.0, 0.0 | -137.15
0.0, -6.0, 0.0, 0.0, 0.5, 6.0, 0.0, -6.0, 0.2 | -200.0
0.5, -6.0, 0.0, 0.0, 0.5, 6.0, 0.0, -6.0, 0.0 | -200.0
0.0, -6.0, 0.0, 0.0, 0.5, 6.0, 0.0, -6.0, 0.5 | -200.0
0.0, -6.0, 0.0, 0.0, 0.53, 6.0, 0.0, -5.5, 0.0 | -119.45
0.0, -6.0, 0.0, 0.0, 0.5, 6.2, 0.0, -6.0, 0.0 | -132.75
0.1, -6.0, 0.0, 0.0, 0.5, 6.0, 0.1, -6.0, 0.0 | -151.1
0.0, -6.0, 0.0, 0.0, 0.5, 6.0, 0.0, -6.0, 0.0 | -127.6
0.0, -6.0, 0.0, 0.0, 0.5, 6.0, 0.0, -6.0, 0.0 | -135.4
0.0, -6.0, 0.0, 0.0, 0.5, 6.0, 0.0, -5.5, 0.0 | -137.65
0.0, -6.0, 0.5, 0.0, 0.5, 6.0, 0.0, -6.0, 0.0 | -200.0
0.0, -6.0, 0.0, -1.0, 0.5, 6.0, 0.0, -6.0, 0.0 | -133.2
0.0, -6.0, 0.0, 0.0, 0.5, 5.5, 0.0, -6.0, 0.0 | -131.3
0.0, -6.0, 0.0, 0.0, 0.38, 6.0, 0.0, -6.0, 0.0 | -127.0
0.0, -5.9, 0.0, 0.0, 0.4, 6.0, 0.0, -6.0, 0.0 | -144.25
0.0, -5.8, 0.0, 0.0, 0.4, 6.0, 0.0, -5.5, 0.0 | -132.95
0.0, -5.7, 0.0, 0.0, 0.6, 6.0, 0.0, -6.0, 0.0 | -126.85
0.0, -5.7, 0.0, 0.0, 0.4, 6.0, 0.0, -6.0, 0.0 | -133.6
0.0, -5.6, 0.0, 0.0, 0.4, 6.0, 0.0, -6.0, 0.0 | -114.1
0.0, -5.5, 0.0, 0.0, 0.3, 6.0, 0.0, -6.0, 0.0 | -137.05
0.0, -5.5, 0.0, 0.0, 0.45, 6.0, 0.0, -5.5, 0.0 | -129.45
0.0, -5.6, 0.0, 0.0, 0.4, 6.0, 0.0, -5.9, 0.0 | -131.3
0.1, -5.6, 0.0, 0.0, 0.4, 6.0, 0.0, -6.0, 0.0 | -142.2
0.0, -5.6, 0.0, 0.0, 0.5, 6.0, 0.0, -6.0, 0.0 | -133.5
0.0, -5.4, 0.0, 0.0, 0.4, 6.0, 0.0, -6.0, 0.0 | -124.8
0.0, -5.6, 0.0, 0.0, 0.35, 6.0, 0.0, -6.0, 0.0 | -130.1
0.0, -5.6, 0.0, 0.0, 0.42, 6.0, 0.0, -6.0, 0.0 | -130.25
1.0, -5.6, 0.0, 0.0, 0.4, 6.0, 0.0, -6.0, 0.0 | -200.0
0.0, -5.6, 0.0, 0.0, 0.4, 6.0, 0.0, -5.5, 0.0 | -118.45
0.0, -5.6, 0.0, 0.0, 0.4, 6.0, 0.0, -6.0, 0.2 | -200.0
-0.5, -5.6, 0.0, 0.0, 0.4, 6.0, 0.0, -6.0, 0.0 | -200.0
0.0, -5.6, 0.0, 0.0, 0.4, 6.0, -0.5, -6.0, 0.0 | -200.0
0.2, -5.6, 0.0, 0.0, 0.4, 6.0, 0.0, -6.0, 0.0 | -181.05
0.0, -5.6, 0.0, 0.0, 0.4, 5.8, 0.0, -6.0, 0.0 | -120.0
0.0, -5.6, 0.0, 0.0, 0.4, 6.0, 0.5, -6.0, 0.0 | -200.0
0.0, -5.6, 0.0, 0.0, 0.4, 6.0, 0.0, -5.0, 0.0 | -128.2
0.0, -5.6, 0.0, 0.0, 0.5, 6.0, 0.0, -6.0, 0.0 | -128.1
0.5, -5.6, 0.0, 0.0, 0.4, 6.0, 0.0, -6.0, 0.5 | -200.0
0.0, -5.6, 0.0, 0.0, 0.45, 5.8, 0.0, -6.0, 0.0 | -121.6
1.0, -5.6, 0.0, 0.0, 0.4, 6.0, 0.0, -5.5, 0.0 | -200.0
0.0, -5.6, 0.0, 0.0, 0.45, 6.0, 0.0, -6.0, 0.0 | -133.75
0.0, -5.5, 0.0, 0.0, 0.42, 6.0, 0.0, -6.0, 0.0 | -133.75
0.0, -5.7, 0.0, 0.0, 0.41, 6.0, 0.0, -5.5, 0.0 | -116.0
0.0, -5.5, 0.0, 0.0, 0.41, 5.9, 0.0, -5.5, 0.0 | -134.5
0.0, -5.6, 0.0, 0.0, 0.4, 6.0, 0.0, -6.0, -0.5 | -200.0
0.0, -5.6, -0.5, 0.0, 0.4, 6.0, 0.0, -6.0, 0.0 | -200.0
-0.2, -5.6, 0.0, 0.0, 0.4, 6.0, 0.0, -6.0, 0.0 | -195.35
0.0, -5.5, 0.0, 0.0, 0.41, 6.0, 0.0, -5.5, 0.0 | -132.55
0.0, -5.8, 0.0, 0.0, 0.4, 6.0, 0.0, -5.5, 0.0 | -147.8
0.0, -6.0, 0.0, 0.0, 0.4, 6.0, 0.0, -5.5, 0.0 | -140.55
0.0, -5.6, 0.0, 0.0, 0.4, 5.0, 0.0, -5.0, 0.0 | -138.95
0.0, -5.5, 0.0, 0.0, 0.5, 5.9, 0.0, -5.4, 0.0 | -138.0
0.0, -5.6, 0.0, 0.0, 0.4, 6.0, 0.0, -6.0, 0.0 | -130.1
0.0, -5.6, 0.0, 0.0, 0.45, 5.6, 0.0, -5.5, 0.0 | -134.2
0.0, -5.6, 0.0, 0.0, 0.38, 6.0, 0.0, -5.5, 0.0 | -125.2
0.0, -5.6, 1.0, 1.0, 0.4, 6.0, 0.0, -5.5, 0.0 | -200.0
-0.5, -5.6, 0.0, 0.0, 0.4, 6.0, 0.0, -5.5, 0.0 | -200.0
0.5, -5.6, 0.0, 0.0, 0.3, 6.0, 0.0, -5.5, 0.0 | -200.0
-1.0, -5.6, 0.0, 0.0, 0.4, 6.0, 0.0, -6.0, 0.0 | -200.0
0.0, -5.6, 0.0, 0.0, 0.4, 6.0, 0.0, -5.4, 0.0 | -146.9
0.0, -5.6, 0.0, 0.0, 0.42, 6.0, 0.0, -6.0, 0.0 | -131.9
0.0, -5.6, 0.0, 0.0, 1.4, 6.0, 0.0, -6.0, 0.0 | -131.8
0.0, -5.5, 0.0, 0.0, 0.45, 6.0, 0.0, -5.5, 0.0 | -127.2
0.0, -5.6, 0.0, 0.0, 0.4, 6.0, 0.0, -5.0, 0.0 | -148.15
1.0, -5.6, 0.0, 0.0, 0.4, 6.0, 0.0, -6.0, 0.0 | -200.0
0.0, -5.8, 0.0, 0.0, 0.4, 6.0, 0.0, -6.0, 0.0 | -125.65
0.0, -5.6, 0.0, 0.0, 0.6, 6.0, 0.0, -6.0, 0.0 | -139.7
0.0, -4.6, 0.0, 0.0, 0.4, 6.0, 0.0, -6.0, 0.0 | -139.15
1.0, -5.6, 0.0, 0.0, 0.5, 6.0, 0.0, -5.5, 0.0 | -200.0
0.0, -5.6, 0.0, 0.0, 0.6, 6.0, 0.0, -5.5, 0.0 | -133.7
0.0, -5.6, 0.0, 0.0, 0.4, 6.0, 0.0, -6.0, 0.2 | -200.0
0.0, -5.6, 1.0, 0.0, 0.4, 6.0, 0.0, -6.0, 0.0 | -200.0
0.0, -5.6, 0.0, 0.0, 0.2, 6.0, 0.0, -5.6, -0.5 | -200.0
0.0, -5.6, 0.0, 0.0, 0.45, 6.0, 0.0, -5.2, 0.0 | -136.75
0.0, -5.6, 0.0, 0.0, 0.4, 6.0, 0.5, -5.5, 0.0 | -200.0
0.1, -5.6, 0.0, 0.0, 0.4, 6.0, 0.0, -6.0, 0.0 | -154.7
0.0, -5.6, 0.0, 0.0, 0.4, 6.0, 0.0, -5.5, 0.0 | -121.85
0.0, -5.6, 0.0, 0.0, 0.6, 6.0, 0.0, -5.6, 0.0 | -128.8
0.0, -5.6, 0.0, 0.0, 0.4, 6.0, 0.5, -5.5, 0.0 | -200.0
0.0, -5.7, 0.0, 0.0, 0.4, 6.0, 0.0, -5.5, 0.0 | -128.85
0.0, -5.6, 0.0, 0.0, 0.38, 6.0, 0.0, -6.0, 0.0 | -133.35
0.0, -5.5, 0.0, 0.0, 0.4, 6.0, 0.0, -5.5, 0.0 | -116.55
0.0, -6.0, 0.0, 0.0, 0.4, 6.0, 0.0, -6.0, 0.0 | -133.55
0.2, -5.6, 0.0, 0.0, 0.4, 6.0, 0.0, -6.0, 0.0 | -192.2
0.0, -5.6, 0.0, 0.0, 0.4, 6.0, 1.0, -5.5, 0.0 | -200.0
0.0, -5.6, 0.0, 1.0, 0.4, 6.0, 0.0, -5.8, 0.0 | -120.35
0.0, -5.6, 0.0, 0.0, 0.4, 6.0, 0.0, -6.0, 0.0 | -128.8
0.0, -5.4, 0.0, 0.0, 0.4, 6.0, 0.0, -5.2, 0.0 | -128.3
0.0, -5.6, 0.0, 0.0, 0.4, 5.0, 0.0, -6.0, 0.0 | -126.8
0.0, -5.5, 0.0, 0.0, 0.4, 6.0, 0.0, -5.4, 0.0 | -134.5
0.0, -5.5, 0.0, 0.0, 0.4, 5.8, 0.0, -5.5, 0.0 | -145.05
0.0, -5.5, 0.0, 0.0, 0.41, 6.0, 0.0, -5.5, 0.0 | -138.8
0.1, -5.5, 0.0, 0.0, 0.5, 6.0, 0.0, -5.3, 0.0 | -155.05
0.0, -5.5, 0.0, 1.0, 0.4, 6.0, 0.0, -5.5, 0.0 | -117.15
0.0, -5.5, 0.0, 1.1, 0.5, 6.0, 0.0, -5.5, 0.0 | -125.25
0.0, -5.6, 0.0, 0.0, 0.44, 6.0, 0.0, -5.5, 0.0 | -144.85
0.0, -5.8, 0.0, 0.0, 0.41, 6.0, 0.0, -5.4, 0.0 | -134.9
0.0, -5.5, 0.0, 0.0, 0.38, 6.0, 0.0, -5.5, 0.0 | -136.95
-0.5, -5.5, 0.0, 0.0, 0.4, 6.0, 0.0, -5.5, 0.0 | -200.0
0.5, -5.7, 0.0, 0.0, 0.4, 6.0, 0.0, -5.5, 0.0 | -200.0
0.0, -5.7, 0.0, 0.0, 0.42, 6.0, 0.0, -5.5, 0.0 | -138.35
0.0, -5.7, 0.0, 0.0, 0.45, 5.9, 0.0, -5.5, 0.0 | -139.45
0.0, -5.7, 0.0, 0.0, 0.3, 5.8, 0.0, -5.5, 0.0 | -124.45
0.0, -5.65, 0.0, 0.0, 0.41, 6.0, 0.0, -5.5, 0.0 | -121.05
0.0, -5.5, 0.0, 0.0, 0.42, 6.0, 0.0, -5.5, 0.0 | -148.4
0.0, -5.6, 0.0, 0.0, 0.4, 6.0, 0.0, -5.5, 0.0 | -124.25
0.0, -5.6, 0.0, 0.0, 0.5, 6.0, 0.0, -5.0, 1.0 | -200.0
0.0, -5.5, 0.0, 0.0, 0.4, 6.0, 0.0, -5.4, 0.0 | -134.1
0.0, -5.5, 0.0, 0.0, 0.5, 6.0, 0.0, -5.5, 0.0 | -121.2
0.0, -5.7, 0.1, 0.0, 0.41, 6.0, 0.0, -5.5, 0.0 | -164.2
0.0, -5.7, 0.0, 0.5, 0.41, 6.0, 0.0, -5.5, 0.0 | -126.1
0.0, -5.7, 0.0, 0.5, 0.41, 6.0, 0.0, -5.4, -0.2 | -200.0
0.0, -5.7, 0.0, 0.0, 0.41, 6.0, 0.0, -5.6, 0.0 | -125.7
0.0, -5.5, 0.0, 0.0, 0.4, 6.0, 0.0, -5.5, 0.1 | -193.15
0.1, -5.5, 0.0, 0.0, 0.4, 6.0, 0.0, -5.5, 0.0 | -150.95
0.0, -5.5, 1.0, 0.0, 0.4, 6.0, 0.0, -5.5, 0.0 | -200.0
0.5, -5.5, 0.0, 0.5, 0.4, 6.0, 0.0, -5.5, 0.0 | -200.0
-1.0, -5.5, 0.0, 0.0, 0.4, 6.0, 0.0, -5.5, 0.0 | -200.0
0.0, -5.5, 0.0, 0.1, 0.4, 6.0, 0.0, -5.5, 0.0 | -121.75
0.0, -5.5, 0.0, 0.0, 0.4, 6.0, 0.0, -5.6, 0.0 | -136.8
0.0, -5.5, 0.0, 0.0, 0.4, 6.0, 0.0, -5.45, 0.0 | -137.05
1.0, -5.5, 0.0, 0.0, 0.4, 6.0, 0.0, -5.5, 0.0 | -200.0
0.0, -5.5, 0.0, 0.0, 0.4, 6.0, 1.0, -5.5, 0.0 | -200.0
0.0, -5.5, 0.0, 0.0, 0.4, 6.0, -0.5, -5.5, 0.0 | -200.0
0.0, -5.4, 0.0, 0.0, 0.4, 6.0, 0.0, -5.5, 0.0 | -136.35
0.0, -5.5, 0.0, 0.0, 0.44, 6.0, 0.0, -5.5, 0.0 | -123.85
0.0, -5.5, 0.0, 0.0, 0.45, 6.0, 0.1, -5.5, 0.0 | -186.75
0.0, -5.5, 0.2, 1.0, 0.4, 6.0, 0.0, -5.5, 0.0 | -200.0
0.0, -5.5, 0.0, 0.0, 0.5, 6.0, 0.0, -5.5, 0.0 | -132.95
0.0, -5.4, 0.0, 1.0, 0.4, 6.0, 0.0, -5.7, 0.0 | -136.9
0.2, -5.5, 0.0, 0.0, 0.4, 6.0, 0.0, -5.5, 0.0 | -166.25
0.0, -5.45, 0.0, 0.0, 0.46, 6.0, 0.0, -5.45, 0.0 | -133.15
0.0, -5.5, 0.0, 0.0, 0.4, 5.0, 0.0, -5.5, 0.0 | -134.9
0.0, -5.5, 0.0, 0.0, 0.4, 5.8, 0.0, -5.5, 0.2 | -200.0
0.0, -5.5, 0.0, 0.0, 0.35, 6.0, 0.0, -5.5, 0.0 | -128.15
0.0, -5.5, 0.0, 0.0, 0.4, 6.0, 0.0, -5.4, 0.0 | -124.45
0.0, -5.5, 0.0, 0.0, 0.5, 6.0, 0.5, -5.5, 0.0 | -200.0
0.0, -5.5, 0.0, 1.2, 0.4, 6.0, 0.0, -5.5, 0.0 | -135.85
0.0, -5.5, 0.0, 0.1, 0.4, 6.0, 0.0, -5.5, 0.0 | -134.4
0.0, -5.5, 0.0, 0.0, 0.42, 6.0, 0.0, -5.5, 0.0 | -137.8
0.0, -5.5, 0.0, 0.0, 0.4, 6.0, 0.0, -5.3, 0.0 | -114.6
0.0, -5.5, 0.0, 0.0, 0.4, 6.0, 0.0, -5.2, 0.0 | -140.1
0.0, -5.4, 0.0, 0.0, 0.4, 6.0, 0.0, -5.3, 0.0 | -119.6
0.0, -5.5, 0.0, 0.0, 0.4, 6.0, 0.0, -5.3, 0.5 | -200.0
0.0, -5.5, 0.0, 0.0, 0.5, 6.0, 0.0, -5.3, 0.0 | -128.15
0.0, -5.5, 0.0, 0.0, 0.4, 6.0, 0.0, -5.3, -0.1 | -183.85
0.0, -5.5, 0.0, 0.0, 0.4, 5.9, 0.0, -5.3, 0.0 | -132.15
0.5, -5.6, 0.0, 0.0, 0.4, 6.0, 0.0, -5.3, 0.0 | -200.0
0.1, -5.5, 0.0, 0.0, 0.4, 6.0, 0.0, -5.3, 0.0 | -155.2
0.0, -5.5, 0.0, 0.0, 0.4, 5.5, 0.0, -5.3, 0.0 | -129.9
0.0, -5.5, 0.5, 0.0, 0.4, 6.0, 0.0, -5.3, -0.1 | -200.0
0.0, -5.5, 0.0, 0.0, 0.4, 6.2, 0.0, -5.3, 0.0 | -118.35
0.0, -5.5, 0.0, 0.0, 0.4, 6.0, 0.0, -4.3, 0.0 | -161.6
-0.5, -5.5, 0.0, 0.0, 0.4, 6.0, 0.0, -5.3, 0.0 | -200.0
0.0, -5.5, 0.0, 0.0, 0.3, 6.0, 0.0, -5.3, 0.0 | -126.6
1.0, -5.5, 0.0, 0.0, 0.4, 6.0, 0.0, -5.3, 0.0 | -200.0
0.0, -5.5, 0.0, 0.0, 0.4, 6.0, 0.5, -5.3, 0.0 | -200.0
0.0, -5.5, 0.0, 0.0, 0.6, 6.0, 0.0, -5.3, 0.0 | -123.1
0.0, -5.5, 0.0, 0.0, 0.4, 6.0, 0.0, -5.1, 0.0 | -142.0
0.0, -5.5, 0.1, 0.0, 0.4, 6.0, 0.0, -5.3, 0.0 | -178.8
1.0, -5.5, 0.0, 0.0, 0.4, 6.0, 0.0, -5.3, 0.0 | -200.0
0.0, -6.5, 0.0, 0.0, 0.4, 6.0, 0.0, -5.3, 0.0 | -148.7
0.0, -5.4, 0.0, 0.0, 0.4, 6.0, 0.0, -5.3, 0.0 | -141.7
0.0, -5.5, 0.0, 0.0, 0.4, 6.0, 0.0, -5.3, 0.1 | -196.65
0.0, -5.5, 0.0, 0.0, 0.5, 6.0, 0.0, -5.3, 0.0 | -140.35
0.0, -5.5, 0.0, 0.0, 0.4, 6.0, 0.0, -5.3, 0.2 | -200.0
0.0, -5.5, 0.0, -0.1, 0.4, 6.0, 0.0, -5.3, 0.0 | -134.3
0.0, -5.5, 0.0, 0.0, 0.45, 6.0, 0.0, -5.3, 0.0 | -125.7
0.0, -5.5, 0.0, 0.0, 0.4, 6.0, 0.0, -5.2, 0.0 | -129.55
0.0, -5.6, 0.0, 0.0, 0.4, 6.0, 0.0, -5.3, 0.0 | -123.1
0.0, -5.5, 0.0, 0.0, 0.4, 6.0, -0.1, -5.3, 0.0 | -189.75
-1.0, -5.5, 0.0, 0.0, 0.4, 6.0, 0.0, -5.3, 0.0 | -200.0
0.1, -5.5, 0.0, 0.0, 0.4, 6.0, 0.0, -5.3, 0.0 | -128.85
0.0, -5.5, -0.5, 5.0, 0.4, 6.0, 0.0, -5.3, 0.0 | -200.0
0.0, -5.5, 0.0, 0.0, 0.1, 6.0, 0.0, -5.4, 0.1 | -196.55
0.0, -5.5, 0.0, 0.1, 0.4, 6.0, 0.0, -5.3, 0.0 | -147.45
0.0, -5.5, 0.0, 0.0, 0.4, 6.0, 0.0, -5.3, 0.0 | -134.7
0.5, -5.5, 0.0, 0.0, 0.4, 6.0, 0.0, -5.3, 0.0 | -200.0
1.0, -5.5, 0.0, 0.0, 0.4, 6.0, 0.0, -5.3, 0.0 | -200.0
0.0, -5.5, 0.0, 0.0, 0.4, 6.0, 0.5, -5.3, 0.0 | -200.0
0.2, 0.0, -0.5, 0.5, 0.4, 6.0, 0.0, -5.3, 0.0 | -200.0
0.0, -5.5, 0.0, 0.0, 0.4, 5.8, 0.0, -5.3, 0.0 | -119.8
0.0, -5.5, 0.0, 0.0, 0.4, 6.0, 0.0, -4.3, 0.0 | -164.6
0.0, -5.5, 0.0, 0.0, 0.4, 6.0, 0.1, -5.3, 0.0 | -193.35
0.0, -5.5, 0.0, -0.5, 0.4, 6.0, 0.0, -5.3, 0.0 | -123.65
0.0, -5.5, 0.0, 0.0, 0.3, 6.2, 0.0, -5.3, 0.0 | -118.35
0.0, -5.4, 0.0, 0.0, 0.4, 6.0, 0.0, -5.3, 0.0 | -138.7
0.0, -5.5, 0.0, 0.0, 0.4, 6.0, 0.0, -5.3, -0.5 | -200.0
1.0, -5.5, 0.0, 0.0, 0.4, 6.0, 0.0, -5.5, 0.0 | -200.0
-0.1, -5.5, 0.0, 0.0, 0.4, 6.0, 0.0, -5.3, 0.0 | -173.65
0.0, -5.5, 0.0, 0.0, 0.4, 6.0, 0.0, -5.5, 0.5 | -200.0
0.0, -5.5, 0.0, 0.0, 0.5, 6.0, 0.0, -5.3, 0.0 | -122.2
0.0, -5.5, 0.0, 0.0, 0.4, 5.9, 0.0, -5.3, 0.0 | -137.2
0.0, -5.5, 0.0, 0.0, 0.4, 6.0, 0.0, -5.3, 0.1 | -193.2
0.0, -5.5, 0.0, 1.0, 0.4, 6.0, 0.0, -5.3, 0.0 | -131.15
0.0, -5.5, 0.0, 0.0, 0.5, 6.2, 0.0, -5.3, 0.0 | -130.05
0.0, -5.6, 0.0, 0.0, 0.4, 6.0, 0.0, -5.3, 0.0 | -128.55
0.0, -5.5, 0.0, 0.0, 0.4, 6.4, 0.0, -5.3, 0.0 | -124.2
0.0, -5.5, 0.0, 0.0, 0.6, 6.0, 0.0, -5.3, 0.0 | -138.25
-0.5, -5.5, 0.0, 0.0, 0.4, 6.0, 0.0, -5.3, 0.0 | -200.0
0.0, -5.5, 0.0, 0.0, 0.45, 6.0, 0.0, -5.3, 0.0 | -137.55
0.0, -4.5, 0.0, 0.0, 0.4, 6.0, 0.0, -5.3, 0.0 | -137.6
0.0, -5.5, 0.0, 0.0, 0.4, 6.0, 0.0, -5.2, 0.0 | -134.5
0.0, -5.5, 0.0, 0.0, 0.4, 6.0, 0.0, -5.1, 0.0 | -137.45
0.0, -5.5, 0.0, 0.0, 0.5, 6.8, 0.0, -5.3, 0.0 | -131.25
-0.2, -5.5, 0.0, 0.0, 0.4, 5.9, 0.0, -5.3, 0.0 | -197.4
0.0, -5.5, 0.0, 0.0, 0.4, 6.0, 0.0, -5.3, 0.2 | -200.0
0.0, -5.5, 0.0, 0.0, 0.4, 6.0, 0.0, -5.3, 0.0 | -135.1
0.0, -5.5, 0.0, 0.0, 0.4, 5.5, 0.0, -5.4, 0.0 | -126.5
0.0, -5.5, 0.0, 0.0, 0.42, 6.0, 0.0, -5.3, 0.0 | -133.85
0.0, -5.5, 0.0, 0.0, 0.38, 6.1, 0.0, -5.3, 0.0 | -132.9
0.0, -5.5, 0.0, 0.0, 0.35, 6.3, 0.0, -5.3, 0.0 | -135.55
0.0, -5.5, 0.0, 0.0, 0.33, 6.1, 0.0, -5.3, 0.0 | -137.9
0.1, -5.5, 0.0, 0.0, 0.4, 6.2, 0.0, -5.3, 0.0 | -154.95
0.0, -5.5, 0.0, 0.0, 0.3, 6.5, 0.0, -5.3, 0.0 | -132.95
0.0, -5.4, 0.0, 0.0, 0.4, 6.2, 0.0, -5.3, 0.0 | -144.95
0.0, -5.5, 0.5, 0.0, 0.4, 6.2, 0.0, -5.3, 0.0 | -200.0
0.0, -5.5, 0.0, 0.0, 0.5, 6.2, 0.0, -5.4, 0.0 | -131.85
0.0, -5.5, 0.0, 0.0, 0.2, 6.2, 0.0, -5.3, 0.0 | -129.25
0.0, -5.5, 0.0, 0.0, 0.4, 6.1, 0.0, -5.3, 0.0 | -129.45
0.0, -5.5, 0.0, 0.0, 0.5, 6.2, 0.0, -5.3, 0.0 | -132.9
0.0, -5.5, 0.0, 0.0, 0.4, 6.3, 0.0, -5.3, 0.0 | -130.25
0.0, -5.5, 0.0, 0.0, 0.28, 6.2, 0.0, -5.3, 0.0 | -130.85
0.0, -5.5, 0.0, 0.0, 0.3, 6.3, 0.0, -5.3, 0.0 | -127.55
0.0, -5.5, 0.0, 0.0, 0.3, 6.2, 0.1, -5.3, 0.0 | -193.6
0.0, -5.5, 0.0, 0.0, 0.32, 6.2, 0.0, -5.3, 0.0 | -127.15
0.0, -5.6, 0.0, 0.0, 0.3, 6.2, 0.0, -5.3, 0.0 | -136.35
0.0, 0.0, 0.0, 0.0, 0.45, 6.0, 0.5, -5.3, 0.0 | -200.0
0.0, -5.5, 0.0, 0.0, 0.4, 6.4, 0.0, -5.3, 0.0 | -121.0
0.0, -5.5, 0.0, 0.0, 0.3, 6.25, 0.0, -5.3, 0.0 | -136.0
0.0, -5.5, 0.0, 0.0, 0.3, 6.2, 0.0, -5.0, 0.0 | -140.35
0.0, -5.5, 0.0, 0.0, 0.4, 5.9, 0.0, -5.3, 0.0 | -142.95
0.0, -5.5, 0.0, 0.0, 0.4, 5.7, 0.0, -5.3, 0.0 | -130.3
1.0, -5.5, 0.0, 0.0, 0.3, 6.2, 0.0, -5.3, 0.0 | -200.0
0.0, -4.5, 0.0, 0.0, 0.3, 6.2, 0.0, -5.3, 0.0 | -149.3
0.0, -5.5, 0.0, 0.0, 0.4, 6.0, 0.0, -5.2, 0.0 | -138.8
0.0, -5.5, 0.0, 0.0, 0.5, 5.6, 0.0, -5.3, 0.0 | -137.1
0.0, -5.5, 0.0, 0.0, 0.3, 6.2, 0.0, -5.3, 0.5 | -200.0
0.0, -5.5, 0.0, 0.0, 0.3, 6.2, 0.0, -4.3, 0.0 | -164.75
0.0, -5.5, 0.0, 0.0, 0.33, 6.2, 0.0, -5.3, 0.0 | -119.9
0.0, -5.5, 0.0, 0.0, 0.31, 6.2, 0.0, -5.3, 0.0 | -130.0
0.0, -5.5, 0.0, 0.0, 0.3, 6.5, 0.0, -5.3, 0.0 | -145.7
0.0, -5.5, 0.0, 0.0, 0.33, 5.8, 0.0, -5.3, 0.0 | -135.05
0.5, -5.5, 0.0, 0.0, 0.3, 6.2, 0.0, -5.3, 0.0 | -200.0
0.0, -5.5, 0.0, 0.0, 0.3, 6.2, 0.0, -5.3, 0.0 | -124.15
0.0, -5.5, 0.0, 0.0, 0.3, 6.15, 0.0, -5.3, 0.0 | -142.45
0.0, -5.4, 0.0, 0.0, 0.3, 6.2, 0.0, -5.3, 0.0 | -137.0
0.1, -5.5, 0.0, 0.0, 0.4, 5.8, 0.0, -5.3, 0.0 | -140.35
0.0, -5.5, 0.0, 0.0, 0.3, 6.2, 0.0, -5.3, 0.0 | -122.9
0.0, -5.5, 0.0, 0.0, 0.2, 6.2, 0.0, -5.3, 0.0 | -124.1
0.0, -5.5, 0.0, 0.0, 0.2, 5.8, 0.0, -5.3, 0.0 | -147.1
0.0, -5.5, 0.0, 0.0, 0.3, 6.3, 0.0, -5.3, 0.0 | -135.15
0.0, -5.5, 0.0, 0.0, 0.3, 6.3, 0.0, -5.3, 0.0 | -138.25
0.0, -5.5, 0.0, 0.0, 0.28, 6.2, 0.0, -5.3, 0.0 | -115.4
0.0, -5.5, 0.0, 0.0, 0.27, 6.2, 0.0, -5.3, 0.0 | -126.85
0.0, -5.5, 0.0, 0.0, 0.35, 6.2, 0.0, -5.3, 0.0 | -127.25
0.0, -5.5, 0.0, 0.0, 0.28, 6.3, 0.0, -5.3, 0.0 | -136.1
0.0, -5.5, 0.0, 0.0, 0.28, 6.2, 1.0, -5.3, 0.0 | -200.0
0.0, -5.5, 0.0, 0.0, 0.28, 6.2, 0.0, -5.3, 0.1 | -186.25
0.0, -5.5, 0.0, 0.0, 0.25, 6.2, 0.0, -5.3, 0.0 | -138.05
0.0, -5.5, 0.0, 0.0, 0.28, 6.2, 0.0, -5.3, 0.0 | -128.35
0.0, -5.5, 0.5, 0.0, 0.28, 6.2, 0.0, -5.2, 0.0 | -200.0
0.0, -5.5, 0.0, 0.0, 0.28, 6.2, 0.0, -5.2, 0.0 | -134.65
0.0, -5.5, 0.0, 0.0, 0.28, 6.2, -0.1, -5.3, 0.0 | -189.8
-0.1, -5.5, 0.0, 0.0, 0.28, 6.2, 0.0, -5.3, 0.0 | -177.2
0.0, -5.5, 0.0, 0.0, 0.28, 6.2, 0.0, -5.3, 0.5 | -200.0
0.0, -5.5, 0.0, 0.0, 0.3, 6.1, 0.0, -5.3, 0.0 | -131.4
0.1, -5.5, 0.0, 0.0, 0.28, 6.2, 0.0, -5.3, 0.0 | -147.65
0.0, -5.5, 0.0, 0.0, 0.28, 6.4, 0.0, -5.3, 0.0 | -127.0
0.0, -5.5, 0.0, 0.0, 0.4, 6.5, 0.0, -5.3, 0.0 | -132.15
0.0, -5.5, 0.0, 0.0, 0.29, 6.2, 0.0, -5.3, 0.0 | -133.5
1.0, -5.5, 0.0, 0.0, 0.28, 6.2, 0.0, -5.3, 0.0 | -200.0
0.0, -5.5, 0.0, 0.0, 0.28, 6.2, 0.0, -5.3, 0.0 | -135.45
-5.0, 0.0, 0.0, 0.0, 5.0, 0.0, -2.5, -6.0, 2.5 | -200.0
-3.0, -2.0, 0.0, 0.0, 3.0, 2.0, 1.0, -2.0, 0.0 | -200.0
-4.0, -4.0, 0.0, 0.0, 4.0, 4.0, 3.0, -2.0, -1.0 | -200.0
-6.0, -6.0, 0.0, 0.0, 6.0, 6.0, 0.0, -6.0, 0.0 | -200.0
-5.0, -5.0, 0.0, 0.0, 5.0, 5.0, 0.0, -1.0, 1.0 | -200.0
-1.0, -1.0, 0.0, 0.0, 1.0, 1.0, -1.0, -6.0, -1.0 | -200.0
-1.0, -1.0, 0.0, 0.0, 1.0, 1.0, 0.0, -1.0, 0.0 | -200.0
0.0, -2.0, 0.0, 0.0, 0.0, 2.0, 0.0, -6.0, 0.0 | -138.35
-1.0, -2.0, 0.0, 0.0, 1.0, 2.0, 0.0, -6.0, 0.0 | -200.0
-1.0, -2.0, 0.0, 0.0, 1.0, 2.0, 0.0, -6.0, 0.0 | -200.0
-0.5, -2.0, 0.0, 0.0, 0.5, 2.0, 0.0, -6.0, 0.0 | -200.0
-1.0, -1.0, 0.0, 0.0, 1.0, 1.0, 0.0, -6.0, 0.0 | -200.0
-1.0, -2.0, 0.0, 0.0, 1.0, 2.0, 0.0, -6.0, 0.0 | -200.0
-2.0, -2.0, 0.0, 0.0, 2.0, 2.0, 0.0, -6.0, 0.0 | -200.0
-1.0, -2.0, 0.0, 0.0, 1.0, 3.0, 0.0, -6.0, 1.0 | -200.0
-3.0, 0.0, 0.0, 0.0, 3.0, 0.0, 0.0, -5.0, 0.0 | -200.0
-4.0, -2.0, 0.0, 0.0, 4.0, 2.0, 0.0, -6.0, 0.0 | -200.0
2.0, -2.0, 0.0, 0.0, -2.0, 2.0, 0.0, -6.0, 0.0 | -200.0
0.0, -1.0, 0.0, 0.0, 0.0, 1.0, 0.0, -3.0, 0.0 | -130.9
-2.0, -1.0, 0.0, 0.0, 2.0, 1.0, 0.0, -5.0, 0.0 | -200.0
0.0, -3.0, 0.0, -3.0, 0.0, 3.0, -2.0, -6.0, 2.0 | -200.0
0.0, -2.0, 0.0, 0.0, 0.5, 2.0, 0.0, -6.0, 0.0 | -137.65
-1.0, -1.0, 0.0, 0.0, 1.0, 1.0, 0.0, -6.0, 0.0 | -200.0
-1.0, -1.0, 0.0, 0.0, 1.0, 1.0, 0.0, -5.0, 0.0 | -200.0
-3.0, -3.0, 0.0, 0.0, 3.0, 3.0, 0.0, -3.0, 0.0 | -200.0
0.0, -2.0, 0.0, 0.0, 0.0, 2.0, 0.0, -5.0, 0.0 | -130.3
0.0, -2.0, 0.0, 0.0, 0.0, 3.0, 0.0, -5.0, 0.0 | -129.9
-2.0, -2.0, 0.0, 0.0, 0.0, 3.0, 0.0, -5.0, 0.0 | -200.0
-1.0, -2.0, 0.0, 0.0, 1.0, 3.0, 0.0, -5.0, 0.0 | -200.0
-1.0, -0.5, 0.0, 0.0, 1.0, 0.5, 0.0, 0.0, 0.5 | -200.0
0.0, -3.0, 0.0, 0.0, 0.0, 3.0, 0.0, -4.0, 0.0 | -130.95
-3.0, -2.0, 0.0, 0.0, 3.0, 2.0, 0.0, -6.0, 0.0 | -200.0
0.0, -2.0, 0.0, 0.0, 4.0, 3.0, 0.0, -6.0, 0.0 | -119.65
0.0, -2.0, 0.0, 0.0, 5.0, 3.0, 0.0, -6.0, 0.0 | -135.65
0.0, -2.0, 0.0, 0.0, 5.0, 4.0, 0.0, -6.0, 0.0 | -128.55
0.0, -2.0, 0.0, 0.0, 4.0, 4.0, 0.0, -6.0, 0.0 | -127.35
0.0, -3.0, 0.0, 0.0, 4.0, 3.0, 0.0, -6.0, 0.0 | -130.65
0.0, -2.0, 0.0, 0.0, 4.0, 3.0, 0.0, -5.0, 0.0 | -135.15
-2.0, -2.0, 0.0, 0.0, 4.0, 3.0, 0.0, -6.0, 0.0 | -200.0
0.0, -2.0, 0.0, 0.0, 4.0, 2.0, 0.0, -6.0, 0.0 | -139.15
-1.0, -2.0, 0.0, 0.0, 4.0, 3.0, 0.0, -6.0, 0.0 | -200.0
-1.0, -2.0, 0.0, 0.0, 4.0, 4.0, 0.0, -6.0, 0.0 | -200.0
0.0, -2.0, 0.0, 0.0, 5.0, 4.0, 0.0, -6.0, -0.5 | -200.0
0.0, -2.0, 0.0, 0.0, 5.0, 4.0, 0.0, -6.0, 0.0 | -126.3
0.0, -2.0, 0.0, 0.0, 4.0, 3.0, -1.0, -6.0, 0.0 | -200.0
0.0, -2.0, 0.0, 0.0, 4.0, 2.9, 0.0, -6.0, 0.0 | -130.55
0.0, -2.0, 0.0, 0.0, 4.0, 3.0, 0.0, -6.0, 1.0 | -200.0
0.0, -2.0, 0.0, 0.0, 5.0, 2.0, 0.0, -5.0, 0.0 | -118.75
0.0, -2.0, 0.0, 0.0, 5.0, 3.0, 0.0, -5.0, 0.0 | -119.1
0.0, -2.0, 0.0, 0.0, 6.0, 2.0, 0.0, -5.0, 0.0 | -133.95
0.0, -2.0, 0.0, 0.0, 5.0, 2.0, 0.0, -5.0, 0.5 | -200.0
0.0, -2.0, 0.0, 0.0, 5.5, 2.0, 0.0, -5.0, 0.0 | -134.8
-1.0, -2.0, 0.0, 0.0, 5.0, 2.0, 0.0, -5.0, 0.0 | -200.0
1.0, -2.0, 0.0, 0.0, 5.0, 2.0, 0.0, -5.0, 0.0 | -200.0
0.0, -2.0, 0.0, 0.0, 5.0, 2.0, 0.0, -5.0, 0.2 | -200.0
0.0, -2.0, 0.0, 0.0, 5.0, 3.0, 0.0, -5.0, 0.0 | -135.45
0.0, -2.0, 0.0, 0.0, 5.0, 2.3, 0.0, -5.0, 0.0 | -118.75
1.0, -2.0, 0.0, 0.0, 6.0, 2.0, 0.0, -5.0, 0.0 | -200.0
0.0, -2.0, 0.0, 0.0, 5.0, 2.0, 0.5, -5.0, 0.0 | -200.0
0.0, -2.0, 0.0, 0.0, 5.0, 2.0, 0.0, -5.0, 0.5 | -200.0
0.0, -2.0, 0.0, 0.0, 5.0, 2.5, 0.0, -5.0, 0.5 | -200.0
0.0, -1.0, 0.0, 0.0, 5.0, 2.0, 0.0, -5.0, 0.0 | -130.75
1.0, -2.0, 0.0, 0.0, 5.0, 2.0, 0.0, -5.0, 0.0 | -200.0
0.0, -2.1, 0.0, 0.0, 5.0, 2.2, 0.0, -5.0, 0.0 | -134.4
0.0, -2.0, 0.0, 0.0, 5.0, 2.4, 0.0, -5.0, 0.0 | -121.25
0.0, -2.0, 0.0, 0.0, 5.0, 2.1, 0.0, -5.5, 0.0 | -140.1
0.0, -2.0, 0.0, 0.0, 4.0, 3.0, 0.0, -5.0, 0.0 | -116.45
-0.5, -2.0, 0.0, 0.0, 4.0, 3.0, 0.0, -5.0, 0.0 | -200.0
0.0, -2.0, 0.0, 0.0, 4.0, 3.5, 0.0, -5.0, 0.0 | -131.95
0.0, -3.0, 0.0, 0.0, 4.0, 3.0, 0.0, -5.0, 0.0 | -137.65
0.0, -2.2, 0.0, 0.0, 4.0, 3.2, 0.0, -5.0, 0.0 | -119.05
0.0, -2.0, 0.0, 0.0, 4.5, 3.0, 0.0, -5.0, 0.0 | -136.9
0.0, -2.0, 0.0, 0.0, 4.2, 3.1, 0.0, -4.5, 0.0 | -141.95
-1.0, -2.0, 0.0, 0.0, 4.0, 3.0, 0.0, -5.0, 0.0 | -200.0
0.0, -2.0, 0.0, 0.0, 4.0, 3.0, 0.0, -5.0, 0.5 | -200.0
0.0, -2.0, 0.0, 0.0, 5.0, 2.1, 0.0, -5.0, 0.0 | -126.9
0.0, -2.0, 0.0, 0.0, 4.0, 3.0, 0.0, -5.0, -0.5 | -200.0
0.0, -2.0, 0.0, 0.0, 4.0, 2.8, 0.0, -5.0, 0.0 | -121.6
0.0, -2.0, 0.0, 0.0, 5.0, 3.0, 0.0, -5.0, 0.0 | -140.75
0.0, -3.0, 0.0, 0.0, 4.0, 3.0, 0.0, -5.0, 0.0 | -143.7
0.0, -2.0, 0.0, 0.0, 4.0, 3.0, 0.0, -4.0, 0.0 | -129.7
1.0, -2.0, 0.0, 0.0, 4.0, 3.0, 0.0, -5.0, 0.0 | -200.0
-1.0, -2.0, 0.0, 0.0, 4.0, 3.0, 0.0, -5.0, 0.0 | -200.0
0.0, -2.0, 0.0, 0.0, 4.0, 3.0, 0.5, -5.0, 0.0 | -200.0
0.5, -2.0, 0.0, 0.0, 4.0, 3.0, 0.0, -5.0, 0.0 | -200.0
0.0, -2.0, 0.0, 0.0, 3.5, 3.5, 0.0, -5.0, 0.0 | -120.9
0.0, -2.0, 0.0, 0.0, 4.0, 2.5, 0.0, -5.0, 0.0 | -132.25
0.0, -2.0, 1.0, 0.0, 4.0, 3.0, 0.0, -5.0, 0.0 | -200.0
0.0, -2.0, 0.0, 0.0, 4.0, 3.0, 0.5, -5.5, 0.0 | -200.0
0.0, -2.0, 0.0, 0.0, 3.0, 4.0, 0.0, -5.0, 0.0 | -126.05
0.0, -2.0, 0.0, 0.0, 4.0, 2.0, 0.0, -5.0, 0.0 | -122.0
0.0, -2.0, 0.0, 0.0, 5.0, 2.5, 0.0, -5.0, 0.0 | -133.35
0.0, -1.0, 0.0, 0.0, 4.0, 3.0, 0.0, -5.0, 0.0 | -120.65
0.0, -2.0, 0.0, 0.0, 3.7, 3.7, 0.0, -5.0, 0.0 | -129.6
0.0, -2.0, 0.0, 0.0, 3.0, 2.0, 0.0, -5.0, 0.0 | -133.75
0.0, -2.4, 0.0, 0.0, 4.1, 3.1, 0.0, -5.2, 0.0 | -133.6
-0.5, -2.0, 0.0, 0.0, 4.0, 3.0, 0.0, -5.0, 0.0 | -200.0
0.0, -2.0, 0.0, 0.0, 3.9, 3.0, 0.0, -5.0, 0.0 | -117.15
0.0, -1.0, 0.0, 0.0, 4.0, 2.0, 0.0, -5.0, 0.0 | -117.3
0.0, -2.0, 0.0, 0.0, 4.5, 3.5, 0.5, -5.0, 0.0 | -200.0
0.0, -2.0, 0.0, 0.0, 4.2, 3.2, 0.0, -5.0, 0.0 | -136.55
0.0, -2.0, 0.0, 0.0, 4.0, 3.0, 0.0, -5.0, 0.5 | -200.0
0.0, -2.0, 0.0, 0.0, 4.0, 3.1, 0.0, -5.0, 0.0 | -115.65
0.0, -2.0, 0.0, 0.0, 4.0, 3.2, 0.0, -5.0, 0.0 | -132.75
0.0, -2.0, 0.0, 0.0, 4.0, 3.0, 0.0, -4.8, 0.2 | -200.0
0.0, -2.0, 0.0, 0.0, 4.0, 3.1, 0.0, -4.9, 0.0 | -128.65
0.0, -2.0, 0.0, 0.0, 4.1, 3.1, 0.0, -5.0, 0.0 | -126.85
0.0, -2.0, 0.0, 0.0, 4.0, 3.05, 0.0, -5.0, 0.0 | -131.2
0.0, -2.1, 0.0, 0.0, 4.0, 3.2, 0.0, -5.0, 0.0 | -138.75
0.0, -2.0, 0.0, 0.0, 4.2, 3.0, 0.0, -5.0, 0.0 | -132.0
0.0, -2.0, 0.0, 0.0, 4.0, 3.1, 0.0, -5.0, 0.5 | -200.0
0.0, -2.0, 0.0, 0.0, 4.0, 2.9, 0.0, -5.0, 0.0 | -121.75
1.0, -2.0, 0.0, 0.0, 4.0, 3.1, 0.0, -5.0, 0.0 | -200.0
0.0, -2.0, 0.0, 0.0, 4.0, 3.1, 0.0, -5.0, 0.1 | -200.0
0.0, -2.0, 0.0, 0.0, 5.0, 3.1, 0.0, -5.0, 0.0 | -141.6
-1.0, -2.0, 0.0, 0.0, 4.0, 3.1, 0.0, -5.0, 0.0 | -200.0
0.0, -2.0, 0.0, 0.0, 4.0, 3.1, 0.1, -5.0, 0.0 | -200.0
0.0, -2.0, 0.0, 0.0, 4.0, 4.1, 0.0, -5.0, 0.0 | -140.7
0.0, -2.0, 0.0, 0.0, 4.0, 3.1, 0.0, -5.0, -0.5 | -200.0
0.0, -2.0, 0.0, 0.0, 4.0, 3.1, 0.0, -4.0, 0.0 | -123.4
0.0, -2.0, 0.0, 0.0, 4.3, 3.2, 0.0, -5.0, 0.0 | -138.95
0.0, -2.0, 0.0, 0.0, 4.0, 3.3, 0.0, -5.0, 0.0 | -123.35
0.0, -2.0, 0.0, 0.0, 4.0, 3.1, -1.0, -5.0, 0.0 | -200.0
0.0, -2.0, 0.0, 0.0, 4.0, 3.1, 0.0, -6.0, 0.0 | -141.8
0.0, -1.0, 0.0, 0.0, 4.0, 3.1, 0.0, -5.0, 0.0 | -125.1
0.5, -2.0, 0.0, 0.0, 4.0, 3.1, 0.0, -5.0, 0.0 | -200.0
0.0, -2.0, 0.0, 0.0, 4.0, 3.1, -0.5, -5.0, 0.0 | -200.0
0.0, -2.0, 0.0, 0.0, 4.0, 3.1, 0.0, -4.5, 0.0 | -127.55
0.0, -2.0, 0.0, 0.0, 4.0, 3.0, 0.0, -5.0, 0.0 | -133.95
0.0, -1.9, 0.0, 0.0, 4.0, 3.1, 0.0, -5.0, 0.0 | -130.7
0.0, -2.0, 0.0, 0.0, 3.9, 3.1, 0.0, -5.0, 0.0 | -139.55
-0.5, -2.0, 0.0, 0.0, 4.0, 3.1, 0.0, -5.0, 0.0 | -200.0
0.0, -2.0, 0.0, 0.0, 3.8, 3.1, 0.0, -5.0, 0.0 | -128.95
-0.1, -2.0, 0.0, 0.0, 4.0, 3.1, 0.0, -5.0, 0.0 | -198.3
0.0, -2.0, 0.0, 0.0, 4.0, 3.12, 0.0, -5.0, 0.0 | -131.6
0.0, -2.0, 0.0, 0.0, 4.0, 3.07, 0.0, -5.0, 0.0 | -139.1
0.0, -2.0, 0.1, 0.0, 4.0, 3.1, 0.0, -5.0, 0.0 | -199.15
0.0, -2.0, 0.0, 0.0, 4.0, 3.2, 0.0, -5.0, 0.0 | -131.15
0.0, -2.0, 1.0, 0.0, 4.0, 3.1, 0.0, -5.0, 0.0 | -200.0
0.0, -2.0, 0.0, 0.0, 4.0, 3.1, 0.0, -5.0, 0.5 | -200.0
1.0, -2.0, 0.0, 0.0, 4.0, 3.0, 0.0, -5.0, 0.0 | -200.0
0.0, -2.0, 0.0, 0.0, 4.0, 3.1, 0.0, -5.1, 0.0 | -132.4
0.0, -2.0, 0.0, 0.0, 4.1, 3.0, 0.0, -5.0, 0.0 | -123.45
0.0, -2.0, 0.0, 0.0, 5.0, 3.1, 0.0, -5.0, 0.0 | -136.0
0.0, -2.0, 1.0, 0.0, 4.0, 3.1, 0.0, -5.0, 0.0 | -200.0
0.0, -2.0, 0.0, 0.0, 4.2, 3.1, 0.0, -5.0, 0.0 | -131.35
0.0, -2.0, 0.0, 0.0, 4.0, 3.1, 0.0, -5.0, 0.1 | -200.0
0.0, -2.0, 0.0, 0.0, 4.0, 3.15, 0.0, -5.0, 0.0 | -125.8
0.0, -2.0, 0.0, 0.0, 4.0, 3.1, 0.5, -5.0, 0.0 | -200.0
0.0, -2.0, 0.0, 0.0, 4.0, 3.1, 0.0, -5.0, 0.0 | -132.15
0.0, -2.0, 0.0, 0.0, 4.1, 3.1, 0.0, -5.0, 0.0 | -138.0
0.0, -2.2, 0.0, 0.0, 4.0, 3.1, 0.0, -5.0, 0.0 | -129.75
0.0, -2.0, 0.0, 0.0, 4.0, 3.5, 0.0, -5.0, 0.0 | -129.1
0.5, -2.0, 0.0, 0.0, 4.0, 3.1, 0.0, -5.0, 0.0 | -200.0
0.0, -2.0, 0.5, 0.0, 4.0, 3.1, 0.0, -5.0, 0.0 | -200.0
0.0, -2.0, 0.0, 0.0, 4.0, 3.1, 0.0, -4.9, 0.0 | -136.75
-0.1, -2.0, 0.0, 0.0, 4.0, 3.1, 0.0, -5.0, 0.0 | -195.2
0.0, -2.0, 0.0, 0.0, 4.0, 3.1, 0.0, -5.0, 0.0 | -135.0
0.0, -2.0, 0.0, 0.0, 4.0, 3.1, -0.5, -5.0, 0.0 | -200.0
0.0, -2.0, 0.0, 0.0, 4.0, 3.0, 0.0, -5.0, 0.0 | -120.25
0.0, -2.0, 0.0, 0.0, 4.0, 3.1, 0.0, -5.0, 0.0 | -133.0
0.0, -2.0, 0.0, 0.0, 4.0, 3.1, 0.0, -5.0, 0.0 | -136.0
0.0, -2.0, 0.0, 0.0, 3.8, 2.9, 0.0, -5.0, 0.0 | -140.8
0.0, -2.0, 0.0, 0.0, 4.0, 3.1, 0.0, -4.5, 0.0 | -118.2
0.0, -2.0, 0.0, 0.0, 4.0, 3.1, 0.0, -5.0, 0.1 | -200.0
0.0, -2.0, 0.0, 0.0, 4.0, 3.1, 0.0, -4.8, 0.0 | -128.45
1.0, -2.0, 0.0, 0.0, 4.0, 3.1, 0.0, -5.0, 0.0 | -200.0
0.0, -1.9, 0.0, 0.0, 4.0, 3.1, 0.0, -5.0, 0.0 | -131.75
0.0, -2.0, 0.0, 0.0, 4.0, 3.2, 0.0, -5.0, 0.0 | -122.85
0.0, -2.0, 0.0, 0.0, 4.0, 2.95, 0.0, -5.0, 0.0 | -132.4
0.0, -2.0, 0.0, 0.0, 4.0, 3.1, 0.0, -5.2, 0.0 | -138.2
0.0, -1.8, 0.0, 0.0, 4.0, 3.1, 0.0, -5.0, 0.0 | -144.05
-0.5, -2.0, 0.0, 0.0, 4.0, 3.1, 0.0, -5.0, 0.0 | -200.0
0.0, -2.0, 0.0, 0.0, 4.0, 3.2, 0.0, -4.3, 0.0 | -136.9
0.0, -2.0, 0.0, 0.0, 4.0, 3.0, 0.0, -4.3, 0.0 | -128.25
0.0, -2.0, 0.0, 0.0, 4.0, 3.2, 0.0, -4.5, 0.0 | -131.0
0.0, -2.0, 0.0, 0.0, 4.0, 2.0, 0.0, -4.5, 0.0 | -138.85
0.0, -2.0, 0.0, 0.0, 5.0, 3.1, 0.0, -4.5, 0.0 | -137.2
0.0, -2.0, 0.0, 0.0, 4.0, 3.1, 0.0, -4.4, 0.0 | -136.55
0.0, -2.0, 0.0, 0.0, 4.0, 3.0, 0.0, -4.5, 0.0 | -125.9
0.0, -2.0, 0.0, 0.0, 4.5, 3.2, 0.0, -4.5, 0.0 | -127.75
0.0, -2.0, 0.0, 0.0, 4.0, 3.2, 0.0, -4.5, 0.0 | -118.45
0.0, -2.0, 0.0, 0.0, 4.5, 3.1, 0.0, -4.5, 0.0 | -122.5
0.0, -2.0, 0.0, 0.0, 4.0, 3.1, 0.0, -4.6, 0.0 | -129.2
-0.5, -2.0, 0.0, 0.0, 4.0, 3.1, 0.0, -4.5, 0.0 | -200.0
0.0, -2.0, 0.0, 0.0, 4.0, 3.1, 0.2, -4.5, 0.0 | -200.0
0.0, -2.0, 0.0, 0.0, 4.0, 3.0, 0.0, -4.5, 0.0 | -133.25
0.0, -2.0, 0.0, 0.0, 4.0, 3.3, 0.0, -4.5, 0.0 | -132.7
0.0, -2.0, 0.0, 0.0, 4.0, 3.2, -0.1, -4.5, 0.0 | -200.0
0.0, -2.0, 0.0, 0.0, 4.1, 3.1, 0.0, -4.5, 0.0 | -130.75
0.0, -2.0, 0.2, 0.0, 4.0, 3.1, 0.0, -4.5, 0.0 | -200.0
0.0, -2.0, 0.0, 0.0, 4.0, 3.1, 0.0, -4.5, 0.5 | -200.0
0.0, -2.0, 0.5, 0.0, 4.0, 3.1, 0.0, -4.5, 0.0 | -200.0
0.0, -2.0, 0.0, 0.0, 4.0, 3.05, 0.0, -4.5, 0.0 | -126.5
0.0, -2.0, 0.1, 0.0, 4.0, 3.1, 0.0, -4.5, 0.0 | -198.5
0.0, -2.5, 0.0, 0.0, 4.0, 3.1, 0.0, -4.5, 0.0 | -128.4
0.0, -2.0, 0.0, 0.0, 5.0, 3.2, 0.0, -4.5, 0.0 | -128.6
0.0, -1.9, 0.0, 0.0, 4.0, 3.1, 0.0, -4.5, 0.0 | -136.4
0.1, -2.0, 0.0, 0.0, 4.0, 3.1, 0.0, -4.5, 0.0 | -176.2
0.0, -2.0, 0.0, 0.0, 3.9, 3.1, 0.0, -4.5, 0.0 | -127.25
0.0, -2.0, 1.0, 0.0, 4.0, 3.1, 0.0, -4.5, 0.0 | -200.0
0.0, -2.0, 0.0, 0.0, 4.0, 3.0, 0.0, -4.5, 0.0 | -128.95
0.0, -2.0, 0.0, 0.0, 4.0, 3.1, 0.0, -4.5, 0.1 | -200.0
0.0, -2.0, 0.0, 0.0, 4.0, 3.1, 0.0, -4.4, 0.0 | -126.9
0.0, -2.0, 0.0, 0.0, 4.2, 3.1, 0.0, -4.5, 0.0 | -136.35
0.0, -1.5, 0.0, 0.0, 4.0, 3.1, 0.0, -4.5, 0.0 | -118.25
0.5, -2.0, 0.0, 0.0, 4.0, 3.1, 0.0, -4.5, 0.0 | -200.0
0.0, -1.5, 0.0, 0.0, 4.0, 3.2, 0.0, -4.5, 0.0 | -130.15
-1.0, -2.0, 0.0, 0.0, 4.0, 3.1, 0.0, -4.5, 0.0 | -200.0
-0.5, -2.0, 0.0, 0.0, 4.0, 3.1, 0.0, -4.5, 0.0 | -200.0
0.0, -1.4, 0.0, 0.0, 4.0, 3.1, 0.0, -4.5, 0.0 | -149.1
0.0, -2.0, 0.0, 0.0, 4.5, 3.2, 0.0, -4.5, 0.0 | -126.9
0.0, -1.8, 0.0, 0.0, 4.0, 3.1, 0.0, -4.5, 0.0 | -136.5
0.0, -2.0, 0.0, 0.0, 4.0, 3.2, 0.0, -4.5, 0.0 | -132.3
0.0, -2.0, 0.0, 0.0, 4.0, 3.1, 0.0, -4.6, 0.0 | -129.8
0.0, -1.5, 0.0, 0.0, 4.0, 3.2, 0.0, -4.5, 0.0 | -129.5
0.0, -2.0, 0.0, 0.0, 4.0, 3.1, 0.0, -4.5, -0.5 | -200.0
0.0, -2.0, 0.0, 0.0, 4.0, 3.3, 0.0, -4.5, 0.0 | -130.4
0.0, -2.0, 0.0, 0.0, 4.0, 3.1, 0.0, -4.5, 0.0 | -128.5
0.0, -2.0, 0.1, -0.1, 4.0, 3.1, 0.0, -4.5, 0.0 | -195.8
0.0, -1.5, 0.0, 0.0, 4.0, 3.2, 0.0, -4.5, 0.0 | -137.9
0.0, -2.0, 0.0, 0.0, 4.0, 3.1, 0.0, -4.5, 0.5 | -200.0
0.0, -2.0, 0.0, 0.0, 4.0, 3.1, 0.1, -4.5, 0.0 | -200.0
0.0, -2.0, 0.0, 0.0, 5.0, 3.1, 0.0, -4.5, 0.0 | -126.9
0.0, -1.6, 0.0, 0.0, 4.0, 3.1, 0.0, -4.5, 0.0 | -125.7
0.0, -2.0, 0.0, 0.0, 4.0, 3.0, 0.0, -4.5, 0.0 | -125.3
0.0, -2.0, 0.0, 0.0, 4.1, 3.2, 0.0, -4.5, 0.0 | -121.3
0.0, -2.0, 0.0, 0.0, 4.0, 3.1, 0.0, -6.0, 0.0 | -122.35
0.0, -3.0, 0.0, 0.0, 4.0, 3.1, 0.0, -4.5, 0.0 | -137.35
0.0, -2.0, 0.0, 0.0, 4.0, 3.1, 0.0, -4.5, 0.0 | -111.95
0.0, -2.0, 0.0, 0.0, 4.0, 4.1, 0.0, -4.5, 0.0 | -138.05
0.0, -2.1, 0.0, 0.0, 4.0, 3.1, 0.0, -4.4, 0.0 | -139.1
0.0, -2.0, 0.5, 0.0, 4.0, 3.1, 0.0, -4.5, 0.0 | -200.0
0.0, -1.0, 0.0, 0.0, 4.0, 3.1, 0.0, -4.5, 0.0 | -125.1
-0.5, -2.0, 0.0, 0.0, 4.0, 3.1, 0.0, -4.5, 0.0 | -200.0
0.0, -1.9, 0.0, 0.0, 4.0, 3.1, 0.0, -4.5, 0.0 | -130.6
0.0, -2.0, 0.5, 0.5, 4.0, 3.1, -0.5, -4.5, 0.0 | -200.0
0.0, -2.0, 0.0, 0.0, 4.0, 3.1, 0.0, 0.0, 0.0 | -200.0
0.0, -2.0, 1.0, 0.0, 4.0, 3.1, 0.0, -4.5, 0.0 | -200.0
1.0, -2.0, 0.0, 0.0, 4.0, 3.1, 0.0, -4.5, 0.0 | -200.0
0.1, -2.0, 0.0, 0.0, 4.0, 3.1, 0.0, -4.5, 0.0 | -187.85
0.5, -2.0, 0.0, 0.0, 4.0, 3.1, 0.0, -4.5, 0.0 | -200.0
0.0, -2.1, 0.0, 0.0, 4.0, 3.1, 0.0, -4.5, 0.0 | -129.85
0.0, -2.0, 0.0, 0.0, 4.0, 3.1, 0.0, -5.5, 0.0 | -122.25
0.0, -2.0, 0.0, 0.0, 4.1, 3.1, -0.5, -4.5, 0.0 | -200.0
0.0, -2.0, 0.0, 0.0, 4.0, 3.1, -0.2, -4.5, 0.0 | -200.0
0.0, -2.0, 0.0, 0.0, 4.0, 3.2, 0.0, -4.5, 0.0 | -140.75
0.0, -1.8, 0.0, 0.0, 4.0, 3.1, 0.0, -4.5, 0.0 | -127.55
0.0, -2.0, 0.0, 0.0, 4.0, 3.1, 0.0, -4.7, 0.0 | -133.15
0.0, -2.0, 0.0, 0.0, 4.0, 2.1, 0.0, -4.5, 0.0 | -137.2
-1.0, -2.0, 0.0, 0.0, 4.0, 3.1, 0.0, -4.5, 0.0 | -200.0
0.0, -2.0, 0.0, 0.1, 4.0, 3.1, 0.0, -4.5, 0.0 | -128.15
0.0, -2.0, -0.1, 0.0, 4.0, 3.1, 0.0, -4.5, 0.0 | -151.95
0.0, -2.0, 0.0, 0.0, 4.2, 3.3, 0.0, -4.4, 0.0 | -127.55
0.0, -2.0, 0.0, -5.0, 4.0, 5.0, 0.0, -4.5, 0.0 | -126.2
0.0, -2.0, 0.0, 0.0, 4.0, 3.0, 0.0, -3.5, 0.0 | -128.95
0.0, -2.0, 0.0, 0.0, 4.0, 3.1, 0.0, -4.6, 0.0 | -142.7
0.0, -2.0, 0.0, 0.0, 4.0, 3.1, 0.0, -4.0, 0.0 | -115.45
0.0, -2.0, 0.0, 0.0, 4.0, 3.1, 0.0, -4.5, 0.5 | -200.0
0.0, -2.0, 0.0, 0.0, 4.0, 3.0, 0.0, -4.5, 0.0 | -129.65
0.0, -2.0, 0.0, 0.0, 4.0, 3.1, 0.0, -4.5, 0.1 | -200.0
0.0, -1.5, 0.0, 0.0, 4.0, 3.2, 0.0, -4.5, 0.0 | -136.15
0.0, -2.0, 0.0, 0.0, 4.0, 3.0, 0.0, -4.0, 0.0 | -131.7
-0.2, -2.0, 0.0, 0.0, 4.0, 3.1, 0.0, -4.5, 0.0 | -200.0
0.0, -3.0, 0.0, 0.0, 4.0, 3.1, 0.0, -4.5, 0.0 | -121.8
-0.5, -2.0, 0.0, 0.0, 4.0, 3.1, 0.0, -4.5, -0.5 | -200.0
0.0, -2.0, 0.0, 0.0, 4.0, 3.1, 0.1, -4.5, 0.0 | -200.0
0.0, -2.1, 0.0, 0.0, 4.0, 3.1, 0.0, -4.5, 0.0 | -127.45
-1.0, -2.0, 0.0, 0.0, 3.5, 2.5, 0.5, -4.0, 0.0 | -200.0
0.0, -2.0, 0.5, 0.0, 4.0, 3.1, 0.0, -4.5, 0.0 | -200.0
0.0, -2.0, 0.0, 0.0, 4.5, 3.1, 0.0, -4.5, 0.0 | -150.7
0.0, -2.0, 0.0, 0.0, 4.0, 3.1, -0.1, -4.5, 0.0 | -200.0
0.0, -2.0, 0.0, 0.0, 5.0, 3.1, 0.0, -4.5, 0.0 | -143.35
0.0, -2.0, 0.0, -1.0, 4.0, 3.1, 0.0, -4.5, 0.0 | -139.4
0.0, -2.0, 0.0, 0.0, 4.0, 4.0, 0.0, -4.5, 0.0 | -127.2
0.0, -2.0, 1.0, 0.0, 4.0, 3.1, 0.0, -4.5, 0.0 | -200.0
0.0, 0.0, 0.0, 0.0, 4.0, 3.1, -0.5, -4.5, 0.0 | -200.0
0.0, -2.0, 0.0, 0.0, 4.0, 2.9, 0.0, -4.5, 0.0 | -126.25
0.0, -2.0, 0.0, 0.0, 4.0, 3.1, 0.0, -4.3, 0.0 | -140.75
1.0, -2.0, 0.0, 0.0, 4.0, 3.1, 0.0, -4.5, 0.0 | -200.0
0.0, -2.2, 0.0, 0.0, 4.0, 3.1, 0.0, -4.5, 0.0 | -129.2
0.0, -2.0, 0.0, 0.0, 4.2, 3.2, 0.0, -4.5, 0.0 | -131.2
0.0, -2.0, 0.0, 0.0, 4.0, 3.1, 0.0, -4.6, 0.0 | -135.8
-2.0, -2.0, 0.0, 0.0, 4.0, 3.1, 0.0, -4.5, 0.0 | -200.0
0.0, -2.0, 0.0, 0.0, 4.1, 3.2, 0.0, -4.0, 0.0 | -114.75
-1.0, -2.0, 0.0, 0.0, 4.0, 3.1, 0.0, -4.0, 0.0 | -200.0
0.0, -2.0, 0.0, 0.0, 4.3, 3.4, 0.0, -3.5, 0.5 | -200.0
0.0, -2.0, 0.0, 0.0, 4.0, 3.1, 0.0, -4.5, 0.0 | -140.45
0.0, -2.0, 0.0, 0.0, 4.0, 3.1, 0.0, -4.5, 0.0 | -125.5
0.0, -2.0, 0.0, 0.0, 4.0, 4.1, 0.0, -4.0, 0.0 | -131.7
0.0, -2.0, 0.0, 0.0, 4.2, 3.3, 0.0, -4.5, 0.0 | -130.95
0.0, -1.5, 0.0, 0.0, 4.2, 3.2, 0.0, -4.5, 0.0 | -134.1
0.0, -2.0, 0.0, 0.0, 4.3, 3.3, 0.0, -4.0, 0.0 | -130.45
0.0, -1.9, 0.0, 0.0, 4.0, 3.2, 0.0, -4.5, 0.0 | -141.6
0.0, -2.2, 0.0, 0.0, 4.1, 3.3, 0.0, -4.2, 0.0 | -129.7
0.0, -1.0, 0.0, 0.0, 4.0, 3.1, 0.0, -4.5, 0.0 | -146.6
-0.5, -2.0, 0.0, 0.0, 4.0, 3.1, 0.0, -4.5, 0.0 | -200.0
0.0, -2.0, 0.0, 0.0, 4.0, 3.1, 0.0, -4.5, 0.0 | -132.85
0.0, -2.0, 0.1, 0.0, 4.0, 3.1, 0.0, -4.5, 0.0 | -198.35
0.0, -2.0, 0.0, 0.0, 4.0, 3.1, 0.0, -4.4, 0.0 | -123.35
0.0, -2.0, 0.0, 0.0, 4.2, 3.2, 0.0, -4.0, 0.0 | -127.55
0.5, -2.0, 0.0, 0.0, 4.2, 3.3, 0.0, -3.9, 0.0 | -200.0
0.0, -2.0, 0.0, 0.0, 4.2, 3.2, 0.0, -4.0, 0.0 | -120.35
0.0, -2.0, 0.0, 0.0, 4.0, 3.2, 0.0, -4.0, 0.0 | -125.3
0.0, -2.0, 0.0, 0.0, 4.1, 3.3, 0.0, -4.0, 0.0 | -132.65
0.0, -2.0, 0.0, 0.0, 4.2, 3.3, 0.0, -3.5, 0.0 | -127.95
0.0, -2.0, 0.0, 0.0, 5.0, 3.2, 0.0, -4.0, 0.0 | -124.55
0.0, -2.0, 0.0, 0.0, 4.1, 3.2, 0.0, -4.0, 0.0 | -128.3
0.0, -2.0, 0.0, 0.0, 4.2, 3.3, 0.0, -4.0, 0.0 | -121.65
1.0, -1.0, 0.0, 0.0, 4.1, 3.2, 0.0, -4.0, 0.0 | -200.0
1.0, -2.0, 0.0, 0.0, 4.0, 3.1, 0.0, -4.0, 0.0 | -200.0
0.0, -2.0, 0.0, 0.0, 0.0, 2.0, 0.0, -4.0, 0.0 | -136.95
0.0, -2.5, 0.0, 0.0, 4.5, 3.3, 0.0, -4.0, 0.0 | -124.6
0.0, -2.0, 1.0, 0.0, 4.1, 3.2, 0.0, -4.0, 0.0 | -200.0
0.0, -2.0, 1.0, 0.0, 4.1, 3.2, 0.0, -4.0, 0.0 | -200.0
0.0, -2.0, 0.0, 0.0, 4.1, 3.2, 0.0, -4.0, 0.5 | -200.0
0.0, -2.0, 0.0, 0.0, 4.0, 3.0, 0.0, -4.0, 0.0 | -132.05
0.0, -2.0, 0.0, 0.0, 4.2, 3.2, 0.0, -3.9, 0.0 | -137.1
0.0, -2.0, 0.0, 0.0, 4.3, 3.2, 0.0, -4.0, 0.0 | -137.2
-0.5, -2.0, 0.0, 0.0, 4.1, 3.2, 0.0, -4.0, 0.0 | -200.0
0.0, -3.0, 0.0, 0.0, 4.1, 3.2, 0.0, -4.0, 0.0 | -121.2
0.0, -2.0, 0.0, 0.0, 5.0, 3.2, 0.0, -4.0, 0.0 | -126.65
-2.0, -2.0, 0.0, 0.0, 4.1, 3.2, 0.0, -4.0, 0.0 | -200.0
0.0, -2.0, 0.0, 0.1, 4.1, 3.2, 0.0, -4.0, 0.0 | -141.85
0.0, -2.0, 0.0, 0.0, 4.1, 3.3, 0.0, -4.0, 0.0 | -129.1
0.0, -2.0, 0.0, 0.0, 4.1, 3.0, 0.0, -4.0, 0.0 | -144.05
0.0, -2.0, 0.0, 0.0, 4.0, 3.2, 0.0, -4.0, 0.0 | -127.35
0.0, -2.0, 0.0, 0.0, 4.0, 3.1, 0.0, -4.0, 1.0 | -200.0
0.0, -2.0, 0.0, 0.0, 5.1, 3.2, 0.0, -3.0, 0.0 | -119.65
0.0, -2.0, 0.0, 0.0, 5.5, 3.4, 0.0, -3.0, 0.0 | -132.45
0.0, -2.0, 0.0, 0.0, 6.0, 3.2, 0.0, -3.0, 0.0 | -116.6
0.0, -2.0, 0.5, 0.5, 4.1, 3.2, 0.0, -4.0, 0.0 | -200.0
0.0, -2.0, 0.0, 0.0, 6.0, 4.0, 0.0, -3.0, 0.0 | -144.3
0.0, -2.0, 0.0, 0.0, 6.0, 3.0, 0.0, -3.0, 0.0 | -137.45
0.0, -2.0, 0.0, 0.0, 6.0, 3.2, 0.0, -2.5, 0.0 | -145.75
-2.0, -2.0, 0.0, 0.0, 6.0, 3.2, 0.0, -3.0, 0.0 | -200.0
0.0, -2.0, 0.0, 0.0, 6.0, 3.2, 0.0, -3.0, 0.5 | -200.0
0.0, -2.0, 0.0, 0.0, 6.0, 3.3, 0.0, -3.0, 0.0 | -127.8
-1.0, -2.0, 0.0, 0.0, 6.0, 3.2, 0.0, -3.0, 0.0 | -200.0
0.0, -2.0, 0.0, 0.0, 4.2, 3.2, 0.0, -4.0, 0.0 | -131.55
0.0, -2.0, 0.0, 0.0, 6.0, 3.1, 0.0, -3.0, 0.0 | -124.7
0.0, -2.0, 0.0, 0.0, 6.0, 3.2, 0.0, -2.9, 0.0 | -140.75
0.0, -2.0, 0.0, 0.0, 4.5, 3.1, 0.0, -3.5, 0.0 | -138.4
0.0, -2.0, 0.0, 0.0, 7.0, 3.2, 0.0, -3.0, 0.0 | -126.85
0.0, -2.0, 0.0, 0.0, 6.0, 2.2, 0.0, -2.0, 0.0 | -140.15
0.0, -2.0, 0.0, 0.0, 6.0, 3.2, 0.0, -3.1, 0.0 | -122.85
0.0, -2.0, 0.0, 0.0, 6.0, 3.2, 0.0, -2.0, 0.0 | -132.25
0.0, -2.0, 0.0, 0.0, 5.0, 3.0, 0.0, -3.0, 0.0 | -129.7
0.0, -2.0, 0.0, 0.0, 6.0, 3.4, 0.0, -3.0, 0.0 | -115.05
0.0, -2.0, 0.0, 0.0, 6.0, 4.4, 0.0, -3.0, 0.0 | -135.25
0.0, -2.0, 0.0, 0.0, 6.0, 3.5, 0.0, -3.0, 0.0 | -141.85
0.0, -3.0, 0.0, 0.0, 6.0, 3.4, 0.0, -3.0, 0.0 | -137.45
-0.1, -2.0, 0.0, 0.0, 6.0, 3.4, 0.0, -3.0, 0.0 | -194.55
0.0, -2.0, 0.0, 0.0, 5.9, 3.4, 0.0, -3.0, 0.0 | -132.85
1.0, -2.0, 0.0, 0.0, 4.0, 3.3, 0.0, -5.0, 0.0 | -200.0
0.0, -2.0, 0.0, 0.0, 6.0, 3.6, 0.0, -3.0, 0.0 | -128.15
0.5, -2.0, 0.0, 0.0, 6.0, 3.4, 0.0, -3.0, 0.0 | -200.0
0.0, -1.9, 0.0, 0.0, 6.0, 3.4, 0.0, -3.0, 0.0 | -122.3
0.0, -2.0, 0.0, 0.1, 6.0, 3.4, 0.0, -3.0, 0.0 | -138.1
0.0, -2.0, 0.0, 0.0, 6.0, 3.4, 0.0, -3.0, 0.1 | -200.0
0.0, -2.0, 0.0, 0.0, 6.0, 3.4, 0.0, -3.0, 0.0 | -119.8
0.0, -2.1, 0.0, 0.0, 6.5, 3.4, 0.0, -3.0, 0.0 | -117.35
0.0, -2.0, 0.0, 0.0, 6.0, 3.4, 0.0, -3.0, 0.5 | -200.0
0.0, -2.0, 0.0, 0.0, 6.0, 3.4, 0.0, -3.0, 0.0 | -133.3
-0.5, -2.0, 0.0, 0.0, 6.2, 3.4, 0.5, -3.0, 0.0 | -200.0
0.0, -2.0, 0.0, 0.0, 6.0, 3.4, 0.0, -2.0, 0.0 | -143.1
0.0, -2.0, 0.0, 0.0, 5.0, 3.4, 0.0, -3.0, 0.0 | -126.45
0.0, -2.5, 0.0, 0.0, 6.0, 3.4, 0.0, -3.0, -0.5 | -200.0
0.0, -2.0, 0.0, 0.0, 5.0, 3.2, 0.0, -3.0, 0.0 | -134.85
0.0, -2.0, 0.0, 0.0, 6.0, 3.4, 0.0, -3.0, 0.1 | -200.0
0.0, -2.0, 0.0, 0.0, 6.0, 3.4, 0.0, -3.0, 0.0 | -139.7
0.0, -2.0, 0.0, 0.0, 6.0, 4.0, 0.0, -3.0, 0.0 | -119.5
0.0, -2.0, 0.0, 0.0, 6.0, 3.4, 0.1, -3.0, 0.0 | -200.0
0.0, -2.0, 0.0, 0.0, 6.0, 3.4, 0.0, -2.9, 0.0 | -138.95
0.0, -2.0, 0.0, 0.0, 6.5, 3.4, 0.0, -3.0, 0.0 | -119.4
0.0, -2.0, 0.0, 0.5, 6.0, 3.4, 0.0, -3.0, 0.0 | -128.75
0.0, -2.0, -1.0, 0.0, 6.0, 3.4, 0.0, -3.0, 0.0 | -200.0
0.0, -2.0, 0.0, 0.0, 6.0, 3.5, 0.0, -3.0, 0.0 | -126.3
0.0, -1.0, 0.0, 0.0, 6.0, 3.4, 0.0, -3.0, 0.0 | -122.5
0.1, -2.0, 0.0, 0.0, 6.2, 3.4, 0.0, -3.0, 0.0 | -160.65
0.0, -2.0, 0.0, 0.0, 6.0, 3.4, 0.0, -3.0, 0.0 | -118.25
0.0, -2.0, 0.0, 0.0, 6.1, 3.4, 0.0, -3.0, 0.0 | -131.45
-0.5, -2.0, 0.0, 0.0, 6.0, 3.4, 0.0, -3.0, 0.0 | -200.0
0.0, -2.0, 0.0, 0.0, 6.0, 3.8, 0.0, -3.0, 0.0 | -120.2
0.0, -2.0, 0.0, 0.0, 6.0, 3.4, 0.0, -2.5, 0.0 | -130.5
0.0, -2.0, 0.0, 0.0, 6.0, 3.3, 0.0, -3.0, 0.0 | -124.1
0.5, -2.0, 0.0, 0.0, 6.0, 3.4, 0.0, -3.0, 0.0 | -200.0
0.0, -2.0, 0.0, 0.0, 6.0, 3.4, 0.0, -3.0, 0.5 | -200.0
0.0, -2.0, 0.0, 0.0, 6.0, 3.4, 0.0, -3.2, 0.0 | -121.7
0.0, -2.0, 0.0, 0.0, 6.0, 3.6, 0.0, -3.0, 0.0 | -141.95
0.0, -2.0, 0.0, 0.0, 6.0, 3.4, 0.0, -3.0, 0.0 | -137.0
0.0, -2.0, 0.1, 0.0, 6.0, 3.4, 0.0, -3.0, 0.0 | -196.5
0.0, -2.0, 0.5, 0.0, 6.0, 3.4, 0.0, -3.0, 0.0 | -200.0
0.0, -2.0, 0.0, 0.1, 6.0, 3.4, 0.0, -3.0, 0.0 | -135.35
0.0, -2.0, 0.0, 0.0, 5.9, 3.4, 0.0, -3.0, 0.0 | -122.15
0.0, -2.0, 0.0, 0.0, 6.0, 3.4, 0.0, -2.8, 0.0 | -143.85
0.0, -2.1, 0.0, 0.0, 6.0, 3.4, 0.0, -3.0, 0.0 | -124.2
0.0, -2.0, 0.0, 0.0, 6.0, 3.4, -0.5, -3.0, 0.0 | -200.0
0.0, -2.0, 0.0, 0.0, 6.0, 4.4, 0.0, -3.0, 0.0 | -115.8
0.0, -2.0, 0.0, 0.0, 6.0, 3.4, 0.0, -3.0, 0.0 | -139.35
-2.0, -1.0, 0.0, 0.0, 2.0, 1.0, -1.0, -2.0, -1.0 | -200.0
0.0, -5.0, 0.0, 0.0, 0.0, 5.0, -1.0, -2.0, -1.0 | -200.0
0.0, 0.0, 0.0, -5.0, 0.0, 5.0, 0.0, -1.0, 0.0 | -121.25
-1.0, -1.0, 0.0, -5.0, 2.0, 5.0, -1.0, -1.0, 0.5 | -200.0
0.0, 0.0, 0.0, -5.0, 1.0, 5.0, 0.0, -0.5, 0.5 | -200.0
0.0, 0.0, 0.0, -5.0, 0.5, 6.0, 0.0, -1.0, 0.0 | -127.45
0.0, 0.0, 0.0, -5.0, 0.0, 5.0, 0.0, -1.0, 1.0 | -200.0
0.0, 0.0, 0.0, -6.0, 0.0, 6.0, 0.0, -1.0, 0.0 | -123.2
0.0, 0.0, 0.0, -5.0, 0.0, 6.0, 0.0, -1.0, 0.0 | -136.7
0.0, 0.0, 1.0, -5.0, 0.0, 5.0, 0.0, -1.0, 0.0 | -200.0
0.0, 0.0, 0.0, -5.0, 0.0, 5.0, 0.0, -2.0, 0.5 | -200.0
0.0, 0.0, 0.0, -5.0, 0.2, 5.5, 0.0, -1.0, 0.2 | -200.0
1.0, 0.0, 0.0, -5.0, 0.0, 5.0, 0.0, -1.0, 0.0 | -200.0
0.0, 0.0, 0.0, -5.5, 0.0, 5.5, 0.0, -1.0, 0.0 | -142.95
0.0, 0.0, 0.0, -5.0, 0.0, 5.0, 0.0, -1.0, 0.5 | -200.0
0.0, 0.0, 0.0, -5.0, 0.5, 5.0, 0.0, -1.0, 0.0 | -146.55
0.0, 0.0, 0.0, -5.0, 0.0, 5.2, 0.0, -0.4, 0.6 | -200.0
0.0, 0.0, 0.0, -6.0, 0.0, 6.0, 0.0, -1.0, 0.0 | -133.1
0.0, 0.0, 0.0, -5.0, 0.0, 5.0, 0.0, 0.0, 0.0 | -126.85
0.0, 0.0, 0.0, -5.0, 0.0, 6.0, 0.0, -1.0, 0.0 | -129.6
0.0, 0.0, 0.0, -5.0, 0.0, 5.0, 0.0, -0.5, 0.0 | -131.15
0.5, 0.0, 0.0, -5.0, 0.0, 5.0, 0.0, -1.0, 0.0 | -192.15
0.0, 0.0, 0.0, -4.0, 0.0, 6.0, 0.0, -1.0, 0.0 | -136.0
0.0, 0.0, 0.0, -5.2, 0.0, 5.8, 0.0, -0.9, 0.0 | -135.05
0.0, 0.0, 0.0, -5.0, 0.0, 5.5, 0.0, -0.8, 0.0 | -125.4
0.0, 0.0, 0.0, -5.0, 0.0, 5.5, 0.0, -0.7, 0.0 | -132.6
0.0, 0.0, 0.0, -6.0, 0.0, 6.0, -0.5, -0.5, 0.0 | -200.0
0.0, 0.0, 0.0, -5.8, 0.0, 5.9, 0.0, -1.0, 0.0 | -119.05
0.0, 0.0, 0.0, -5.8, 0.5, 5.9, 0.0, -1.0, 0.2 | -192.95
0.0, 0.0, 0.0, -5.9, 0.0, 6.0, 0.0, -0.8, 0.0 | -123.4
0.0, 0.0, 0.0, -5.8, 0.0, 5.9, 0.0, -1.0, 0.5 | -200.0
0.0, 0.0, 0.5, -5.8, 0.0, 5.9, 0.0, -1.0, 0.0 | -200.0
0.0, 0.0, 0.0, -5.9, 0.0, 6.0, 0.0, -1.0, 0.0 | -134.55
0.0, 0.0, 0.0, -5.7, 0.0, 5.8, 0.0, -1.0, 0.0 | -139.2
0.0, 0.0, 0.0, -5.8, 0.0, 6.0, 0.0, -1.0, 0.0 | -139.65
-0.5, 0.0, 0.0, -5.8, 0.5, 5.9, 0.0, -1.0, 0.0 | -200.0
0.0, 0.0, 0.0, -5.8, 0.0, 6.0, 0.0, -1.0, 0.0 | -126.6
0.0, 0.0, 0.0, -5.8, 0.0, 5.9, -0.2, -1.0, 0.0 | -196.45
0.0, 0.0, 0.0, -5.8, 0.0, 5.9, 0.0, -0.9, 0.0 | -123.7
0.0, 0.0, 0.0, -5.8, 0.0, 5.9, 0.0, -1.0, 0.2 | -196.5
0.0, 0.5, 0.0, -5.8, 0.0, 5.9, 0.0, -1.0, 0.0 | -128.75
0.0, 0.0, 0.5, -5.8, 0.0, 5.9, 0.0, -1.0, 0.0 | -200.0
0.0, 0.0, 0.0, -5.8, 0.0, 5.8, 0.0, -1.0, 0.0 | -126.75
0.0, 0.0, 0.0, -5.9, 0.0, 6.0, 0.0, -1.0, 0.0 | -127.35
0.0, 0.0, 0.0, -5.8, 1.0, 5.9, 0.0, -1.0, 0.0 | -131.95
0.1, 0.0, 0.0, -5.8, 0.0, 5.9, 0.0, -1.0, 0.0 | -127.85
-1.5, 0.0, -5.8, 0.0, 0.0, 6.0, 0.0, -1.0, 0.0 | -200.0
0.0, 0.0, 0.0, -5.8, 0.0, 5.9, 0.0, -0.9, 0.0 | -144.5
0.0, 0.0, 0.0, -5.9, 0.0, 6.0, 0.0, -0.7, 0.0 | -121.3
-0.5, 0.5, 0.0, -5.8, 0.0, 5.9, 0.0, -0.6, 0.0 | -200.0
0.0, 0.0, 0.0, -5.9, 0.0, 6.0, 0.0, -0.65, 0.0 | -138.45
-0.2, 0.0, 0.0, -5.9, 0.0, 6.0, 0.0, -0.7, 0.0 | -173.95
1.0, 0.0, 0.0, -5.9, 0.0, 6.0, 0.0, -0.7, 0.0 | -200.0
0.0, 0.0, 0.0, -5.9, 0.0, 6.0, -0.5, -0.7, 0.0 | -200.0
-1.0, -1.0, 0.0, -5.9, 0.0, 6.0, 0.0, -0.7, 0.0 | -200.0
0.0, 0.0, 0.0, -5.8, 0.0, 6.0, 0.0, -0.7, 0.0 | -133.05
0.0, 0.0, 0.0, -5.9, 0.0, 6.0, 0.0, -0.7, 0.5 | -200.0
0.0, -5.8, 0.0, -5.8, 0.0, 6.0, 0.0, -0.7, 0.0 | -200.0
0.0, 0.0, 0.0, -5.9, 0.0, 6.0, 0.0, -0.6, 0.0 | -130.2
0.0, -1.0, 0.0, 0.0, 0.0, 1.0, 0.0, -6.0, 0.0 | -122.4
1.0, 0.0, 0.0, -5.9, 0.0, 6.0, 0.0, -0.7, 0.0 | -200.0
0.0, 0.0, 0.0, -5.9, 0.0, 6.0, 0.0, -0.5, 0.0 | -132.1
0.0, 0.0, 0.0, -5.9, 0.5, 6.0, 0.0, -0.7, 0.0 | -131.35
0.0, 0.0, 0.0, -5.9, 0.0, 6.0, 0.0, -0.8, 0.0 | -117.45
0.0, -2.0, 0.0, 0.0, 0.0, 2.0, 0.0, -6.0, 0.0 | -138.75
0.0, 0.0, 0.0, -6.0, 0.0, 6.0, 0.0, -0.9, 0.0 | -141.15
0.0, 0.0, 0.0, -5.9, 0.0, 6.0, 0.0, -0.8, 0.5 | -200.0
0.0, 0.0, 0.0, -5.5, 0.0, 6.0, 0.0, -0.6, 0.0 | -131.7
0.0, 0.0, 0.0, -6.5, 0.0, 7.0, 0.0, -0.8, 0.0 | -118.65
0.5, 0.0, 0.0, -6.5, 0.0, 7.0, 0.0, -0.8, 0.0 | -175.9
0.0, 0.0, 0.0, -6.5, 0.0, 7.0, 0.0, -0.85, 0.0 | -133.5
-1.0, -1.0, 0.0, -6.5, 0.0, 7.0, 0.0, -0.8, 0.0 | -200.0
0.0, 0.0, 0.0, -5.9, 0.5, 6.0, 0.0, -0.8, 0.0 | -144.6
0.0, -1.0, 0.0, -6.0, 0.0, 7.0, 0.0, -0.8, 0.0 | -132.1
0.0, 0.0, 0.0, -6.2, 0.0, 7.0, 0.0, -0.75, 0.0 | -128.1
0.0, 0.0, 0.0, -6.5, 0.0, 7.0, 0.0, -0.78, 0.0 | -123.1
0.0, 0.0, 0.0, -6.5, 0.0, 7.0, 0.0, -0.9, 0.0 | -143.75
-0.5, -0.5, 0.0, -5.9, 0.0, 6.0, 0.0, -0.8, 0.0 | -200.0
0.0, 0.0, 0.0, -5.9, 0.0, 7.0, 0.0, -0.8, 0.0 | -141.95
0.5, 0.0, 0.0, -5.9, 0.0, 6.0, 0.0, -0.8, 0.0 | -188.25
0.0, 0.0, 0.0, -5.9, 0.0, 7.0, 0.0, -0.8, 0.0 | -130.9
0.0, 0.0, 0.0, -5.8, 0.0, 6.0, 0.0, -0.7, 0.0 | -142.1
-1.0, 0.0, 0.0, -5.9, 1.0, 6.0, 0.0, -0.8, 0.0 | -200.0
0.0, 0.0, 0.0, -6.5, 0.0, 7.0, 0.0, -0.7, 0.0 | -134.65
0.0, 0.0, 0.0, -6.5, 0.0, 6.0, 0.0, -0.8, 0.0 | -133.45
0.0, 0.0, 0.0, -6.5, 0.0, 7.0, 0.0, -0.6, 0.0 | -135.45
1.0, 0.0, 0.0, -6.5, 0.0, 7.0, 0.0, -0.8, 0.0 | -200.0
0.0, 0.0, 0.0, -5.5, 0.0, 7.0, 0.0, -0.9, 0.0 | -122.1
0.0, 0.0, -0.5, -6.0, 0.0, 6.0, 0.0, -0.8, 0.0 | -180.25
0.0, 0.0, 0.0, -5.6, 0.5, 7.0, 0.0, -0.9, 0.0 | -123.35
0.0, 0.0, 0.0, -5.4, 0.0, 7.0, 0.0, -0.9, 0.0 | -136.4
0.0, 0.0, 0.0, -4.5, 0.0, 7.0, 0.0, -0.9, 0.0 | -135.0
0.0, 0.0, 0.0, -5.5, 0.5, 7.0, 0.0, -0.8, 0.0 | -139.55
0.0, 0.0, 0.0, -5.3, 0.5, 7.0, 0.0, -0.8, 0.2 | -182.25
0.0, 0.0, 0.0, -5.5, 0.0, 7.0, 0.0, -0.7, 0.0 | -124.7
0.0, 0.0, 0.0, -5.5, 0.0, 6.5, 0.0, -0.8, 0.0 | -126.45
0.0, 0.0, 0.0, -5.5, 0.0, 7.0, 0.0, -1.0, 0.0 | -122.3
0.0, 0.0, 0.0, -6.0, 0.0, 6.5, 0.0, -0.7, 0.0 | -134.3
0.0, 0.0, 0.0, -5.5, 0.5, 7.5, 0.0, -0.8, 0.0 | -117.45
0.0, 0.0, 0.0, -5.5, 0.0, 6.0, 0.0, -0.5, 0.0 | -131.25
0.0, 0.0, 0.0, -5.4, 0.5, 8.0, 0.0, -0.6, 0.0 | -134.05
0.0, 0.0, 0.0, -5.5, 0.5, 8.0, 0.0, -0.4, 0.0 | -126.0
0.0, 0.0, 0.0, -5.5, 0.6, 7.5, 0.0, -0.8, 0.2 | -189.3
0.0, 0.0, 0.0, -5.5, 0.2, 7.5, 0.0, -0.8, 0.0 | -128.0
0.0, 0.0, 0.0, -5.5, 1.5, 7.5, 0.0, -0.8, 0.5 | -200.0
-1.0, 0.0, 0.0, 0.0, 0.5, 6.0, 0.5, -0.8, 0.0 | -200.0
0.0, 0.0, 0.0, -5.6, 0.6, 6.0, 0.0, -0.6, 0.0 | -127.8
0.0, 0.0, 0.0, -4.5, 0.5, 7.5, 0.0, -0.8, 0.0 | -122.6
0.0, 0.0, 0.0, -4.0, 0.6, 7.5, 0.0, -0.8, 0.0 | -134.5
0.0, 0.0, 0.0, -4.3, 0.7, 8.0, 0.0, -0.7, 0.0 | -134.5
0.0, 0.0, 0.0, -5.4, 0.5, 7.5, 0.0, -0.8, 0.0 | -124.45
0.0, 0.0, 0.0, -4.5, 0.6, 8.0, 0.0, -0.8, 0.0 | -115.3
0.0, 0.0, 0.0, -4.5, 0.6, 6.0, 0.0, -0.8, 0.0 | -134.75
0.0, 0.0, 0.0, -3.5, 0.5, 7.0, 0.0, -0.6, 0.5 | -200.0
0.0, 0.0, 0.0, -4.4, 0.6, 7.8, 0.0, -0.8, 0.0 | -127.05
0.0, 0.0, 0.0, -5.0, 0.6, 6.0, 0.0, -0.8, 0.0 | -136.2
0.0, 0.0, 0.0, -4.5, 0.6, 8.5, 0.0, -0.8, 0.0 | -133.9
0.0, 0.0, 0.0, -4.0, 0.6, 6.0, 0.0, -0.8, 0.0 | -118.55
1.0, -0.5, 0.5, -4.5, 0.6, 8.0, 0.5, -0.9, 0.5 | -183.95
-0.5, 0.5, 0.0, -4.5, 0.6, 8.0, 0.0, -0.8, 0.0 | -200.0
0.0, 0.0, 0.0, -4.5, 0.6, 6.0, 0.0, -1.2, 0.0 | -132.0
0.0, 0.0, 0.0, -4.5, 0.6, 9.0, 0.0, -0.8, 0.5 | -200.0
0.0, 0.0, 0.0, -4.5, 1.6, 8.0, 0.0, -0.8, 0.0 | -139.45
0.0, 0.0, 0.0, -4.5, 1.0, 8.0, 0.0, -0.8, 0.0 | -138.1
0.0, 0.0, 0.0, -5.5, 0.6, 8.0, 0.0, -0.8, 0.0 | -130.55
0.0, 0.0, 0.0, -4.6, 0.7, 6.0, 0.0, -0.8, 0.0 | -131.9
0.0, 0.0, 0.0, -4.4, 0.6, 8.0, 0.0, -0.8, 0.0 | -133.1
0.0, 0.0, 0.0, -5.0, 0.6, 6.0, 0.0, -0.8, 0.0 | -125.0
0.0, 0.0, 0.0, -4.5, 0.6, 7.0, 0.0, -0.8, 0.0 | -128.6
0.0, 0.0, 0.0, -4.3, 0.6, 9.0, 0.0, -0.8, 0.0 | -128.25
0.0, 0.0, 0.0, -3.5, 0.6, 8.0, 0.0, -0.8, 0.0 | -134.25
0.0, 0.0, 0.0, -4.5, 0.7, 8.5, 0.0, -0.8, 0.5 | -200.0
0.0, 0.0, 0.0, -4.5, 0.7, 7.0, 0.0, -0.8, 0.0 | -135.25
0.0, 0.0, 0.0, -5.0, 1.0, 6.0, -0.5, -0.8, 0.0 | -200.0
-0.5, -0.2, 0.0, -4.5, 0.6, 6.5, -0.2, -0.8, 0.2 | -188.5
0.0, 0.0, 0.0, -5.0, 0.8, 7.0, 0.0, -0.8, 0.0 | -125.25
0.0, 0.0, 0.0, -4.0, 0.6, 8.0, 0.0, -0.8, 0.0 | -133.5
0.0, 0.0, 0.0, -4.2, 0.7, 5.8, 0.0, -0.8, 0.0 | -144.85
0.0, 0.0, 0.0, -5.0, 0.0, 1.2, 0.0, -0.8, 0.0 | -124.6
0.0, 0.0, 0.0, 0.0, 1.4, 7.5, 0.0, -0.8, 0.0 | -121.1
0.0, 0.0, 0.0, 0.0, 1.6, 7.5, 0.0, -0.8, 0.2 | -200.0
0.0, 0.0, 0.0, 0.0, 2.4, 8.5, 0.0, -0.8, 0.0 | -132.2
0.0, 0.0, 0.0, 0.5, 1.6, 8.2, 0.0, -0.8, 0.0 | -141.3
0.5, 0.2, 0.0, 0.0, 1.5, 7.5, 0.0, -0.8, 0.0 | -200.0
0.0, 0.0, 0.0, 0.0, 1.8, 8.0, 0.0, -0.8, 0.0 | -135.1
0.0, 0.0, 0.0, -4.0, 2.0, 9.0, 0.0, -0.8, 0.0 | -117.55
0.0, 0.0, 0.0, -3.8, 2.2, 9.5, 0.0, -0.8, 0.1 | -158.9
0.0, 0.0, 0.0, -4.0, 3.0, 10.0, 0.0, -0.8, 0.0 | -127.85
0.0, 0.0, 0.0, -4.0, 2.0, 9.5, 0.0, -0.8, 0.0 | -127.8
0.0, 0.0, 0.0, -4.0, 2.0, 6.0, 0.0, -0.8, 0.2 | -200.0
0.0, 0.0, 0.0, -3.9, 2.1, 9.0, 0.0, -0.8, 0.0 | -121.3
0.0, 0.0, 0.0, -4.0, 3.0, 9.0, 0.0, -0.8, 0.0 | -114.55
0.0, 0.0, 0.0, -4.2, 3.2, 9.5, 0.0, -0.8, 0.0 | -133.2
0.0, 0.0, 0.0, -3.9, 2.5, 9.5, 0.0, -0.8, 0.0 | -116.4
0.0, 0.0, 0.0, -3.5, 3.0, 9.5, 0.0, -0.8, 0.0 | -129.25
1.0, -1.0, 0.0, -3.0, 1.0, 5.0, 0.0, -0.8, 0.0 | -200.0
0.5, -0.5, 0.0, -4.5, 3.5, 6.0, 0.0, -0.8, 0.0 | -200.0
0.0, 0.0, 0.0, -4.0, 3.5, 6.0, 0.0, -0.8, 0.0 | -126.7
0.0, 0.0, 0.0, -4.3, 3.3, 9.2, 0.0, -0.8, 0.1 | -146.7
0.0, 0.0, 0.0, -4.0, 2.8, 9.0, 0.0, -0.8, 0.0 | -133.6
0.0, 0.0, 0.0, -4.1, 3.1, 9.2, 0.0, -0.8, 0.0 | -133.3
-1.0, -1.0, 0.0, -4.0, 3.8, 9.8, 0.0, -0.8, 0.1 | -200.0
0.0, 0.0, 0.0, -3.8, 3.2, 9.4, 0.0, -0.8, 0.0 | -132.85
0.0, 0.0, 0.0, -4.2, 4.0, 9.5, 0.0, -0.8, 0.1 | -148.9
0.0, 0.0, 0.0, -4.0, 4.0, 6.0, 0.0, -0.8, 0.0 | -134.95
0.0, 0.0, 0.0, -4.0, 4.5, 6.0, 0.0, -0.8, 0.0 | -133.95
0.0, 0.0, 0.0, -4.0, 3.0, 9.5, 0.0, -0.8, 0.1 | -147.7
0.0, 0.0, 0.0, -3.7, 3.6, 9.3, 0.0, -0.8, 0.0 | -129.95
0.0, 0.0, 0.0, -3.8, 3.0, 6.0, 0.0, -0.8, 0.1 | -154.65
0.0, 0.0, 0.0, -4.0, 3.0, 2.0, 0.0, -0.8, 0.1 | -192.9
0.0, 0.0, 0.0, -4.0, 2.9, 9.0, 0.0, -0.8, 0.0 | -118.7
-1.0, 0.0, 0.0, -4.0, 3.0, 9.5, 0.0, -0.8, 0.0 | -200.0
0.0, 0.0, 0.0, -4.0, 3.1, 9.5, 0.0, -0.8, 0.0 | -124.85
0.0, 0.0, 0.0, -3.9, 3.5, 5.5, 0.0, -0.8, 0.0 | -133.55
0.0, 0.0, 0.0, -4.0, 2.9, 9.2, 0.0, -0.8, 0.0 | -117.9
0.0, 0.0, 0.0, -3.8, 3.5, 5.0, 0.0, -0.8, 0.0 | -128.75
0.5, 0.0, 0.0, -4.1, 3.1, 9.3, 0.0, -0.8, 0.0 | -188.1
0.0, 0.0, 0.0, -4.0, 2.8, 9.4, 0.0, -0.8, 0.0 | -127.1
0.0, 0.0, 0.0, -4.2, 3.0, 9.4, 0.0, -0.8, 0.0 | -129.6
0.0, 0.0, 0.0, -4.0, 2.9, 9.3, 0.0, -0.8, 0.0 | -126.9
0.0, 0.0, 0.0, -5.0, 4.0, 9.5, 0.0, -0.8, 0.0 | -130.1
0.0, 0.0, 0.0, -4.2, 3.0, 9.3, 0.0, -0.8, 0.2 | -182.15
0.5, 0.0, 0.0, -4.0, 3.0, 9.5, 0.0, -0.8, 0.0 | -152.2
0.0, 0.0, 0.0, -3.5, 3.0, 9.2, 0.0, -0.8, 0.0 | -138.75
0.0, 0.0, 0.0, -3.0, 3.0, 9.0, 0.0, -0.8, 0.0 | -149.05
0.0, 0.0, 0.0, -4.0, 3.5, 5.5, 0.0, -0.8, 0.0 | -125.2
0.0, 0.0, 0.0, -4.0, 3.2, 9.2, 0.0, -0.8, 0.0 | -131.25
0.0, 0.0, 0.0, -4.0, 3.0, 10.0, 0.0, -0.8, 0.0 | -113.7
0.0, 0.0, 0.0, -3.3, 3.4, 9.8, 0.0, -0.8, 0.0 | -123.9
0.0, 0.0, 0.0, -5.0, 3.1, 9.6, 0.0, -0.9, 0.0 | -114.5
0.0, 0.0, 0.0, -4.0, 3.0, 11.0, 0.0, -0.8, 0.0 | -122.75
0.0, 0.0, 0.0, -3.5, 3.2, 9.6, 0.0, -0.8, 0.2 | -196.5
0.0, 0.0, 0.0, -3.4, 3.1, 6.0, 0.0, -0.8, 0.0 | -127.5
0.0, 0.0, 0.0, -4.0, 3.0, 9.0, 0.0, -0.8, 0.0 | -139.5
0.0, 0.0, 0.0, -3.3, 5.0, 6.0, 0.0, -0.8, 0.0 | -117.15
0.0, 0.0, 0.0, -3.0, 5.0, 6.0, 0.0, -0.8, 0.0 | -126.35
-2.0, -2.0, 0.0, -3.5, 3.0, 9.2, 0.0, -0.8, 0.0 | -200.0
0.0, 0.0, 0.0, -3.8, 3.2, 9.8, 0.0, -0.8, 0.0 | -134.0
0.0, 0.0, 0.0, -3.5, 3.0, 10.0, 0.0, -0.8, 0.0 | -135.55
0.0, 0.0, 0.0, -3.8, 3.1, 9.7, 0.0, -0.8, 0.0 | -128.35
0.0, 0.0, 0.0, -3.5, 3.0, 9.5, 0.0, -0.8, 0.5 | -200.0
0.0, 0.0, 0.0, -4.0, 4.0, 6.0, 0.0, -0.8, 0.0 | -131.9
0.0, 0.0, 0.0, -3.6, 3.1, 9.6, 0.0, -0.8, 0.0 | -127.35
1.0, -1.0, 0.5, -3.5, 3.0, 9.5, 0.0, -0.8, 0.0 | -200.0
0.0, 0.0, 0.0, -3.5, 4.5, 11.0, 0.0, -0.8, 0.0 | -135.75
0.0, 0.0, 0.0, -3.5, 5.0, 10.0, 0.0, -0.8, 0.0 | -139.1
-2.0, -2.0, 0.0, -4.0, 3.0, 10.0, 0.0, -0.8, 0.0 | -200.0
-0.5, -0.5, 0.0, -4.0, 3.0, 10.0, -0.2, -0.8, 0.0 | -188.9
0.0, 0.0, 0.0, -5.0, 3.0, 9.0, 0.0, -0.9, 0.0 | -124.95
0.0, 0.0, 0.0, -5.0, 3.5, 9.5, 0.0, -0.8, 0.0 | -139.45
0.0, 0.0, 0.0, -3.5, 3.0, 6.0, -0.1, -0.8, 0.0 | -178.15
0.0, 0.0, 0.0, -3.0, 5.0, 7.0, 0.0, -0.8, 0.0 | -122.4
0.0, 0.0, 0.0, -3.2, 5.1, 6.1, 0.0, -0.8, 0.0 | -134.3
0.0, 0.0, 0.0, -3.5, 5.5, 5.5, 0.0, -0.7, 0.1 | -170.1
0.0, 0.0, 0.0, -5.0, 3.0, 9.5, 0.0, -0.8, 0.1 | -157.25
0.0, 0.0, 0.0, -4.0, 4.0, 10.0, 0.0, -0.8, 0.0 | -121.6
0.0, 0.0, 0.0, -3.8, 4.2, 9.8, 0.0, -0.8, 0.0 | -119.7
0.0, 0.0, 0.0, -4.0, 4.4, 10.0, 0.0, -0.8, 0.0 | -128.35
0.0, 0.0, 0.0, -3.7, 4.3, 10.0, 0.0, -0.8, 0.0 | -147.0
0.0, 0.0, 0.0, -3.0, 5.0, 9.0, 0.0, -0.8, 0.0 | -128.9
0.0, 0.0, 0.0, -3.9, 4.1, 9.9, 0.0, -0.8, 0.0 | -133.75
0.2, 0.0, 0.0, -3.6, 4.5, 10.0, 0.0, -0.8, 0.0 | -139.15
0.0, 0.0, 0.0, -3.8, 4.0, 9.9, 0.5, -0.8, 0.0 | -200.0
0.0, 0.0, 0.0, -3.9, 4.3, 9.9, 0.0, -0.8, 0.0 | -132.05
0.0, 0.0, 0.0, -3.9, 4.2, 9.9, 0.0, -0.8, 0.0 | -125.55
0.0, 0.0, 0.0, -3.8, 4.0, 9.9, 0.0, -0.8, 0.0 | -112.6
0.0, 0.0, 0.0, -3.9, 4.2, 9.9, 0.0, -0.8, 0.5 | -200.0
0.0, 0.0, 0.0, -4.0, 4.2, 10.0, 0.0, -0.9, 0.0 | -143.55
0.0, 0.0, 0.0, -3.8, 4.0, 10.0, 0.0, -0.8, 0.1 | -153.85
0.5, -0.2, -0.5, -4.0, 4.5, 9.5, 0.1, -0.8, 0.1 | -200.0
0.0, 0.0, 0.0, -2.8, 4.0, 9.9, 0.0, -0.8, 0.0 | -129.85
0.0, 0.0, 0.0, -3.0, 4.5, 9.5, 0.0, -0.8, 0.0 | -123.65
0.0, 0.0, 0.0, -3.8, 4.0, 5.9, 0.0, -0.8, 0.0 | -124.9
0.1, 0.2, 0.0, -3.6, 4.0, 9.9, 0.0, -0.8, 0.0 | -131.25
-2.5, -0.5, -0.2, -2.5, 3.5, 6.5, 0.0, -0.8, 0.0 | -200.0
0.0, 0.0, 0.0, -3.8, 5.0, 10.0, 0.0, -0.8, 0.0 | -131.2
1.0, 0.0, 0.0, -3.8, 4.0, 9.9, 0.0, -0.8, 0.0 | -200.0
0.0, 0.0, 0.0, -3.8, 4.5, 9.9, 0.0, -0.8, 0.0 | -141.2
0.0, 0.0, 0.0, -2.8, 4.0, 5.0, 0.0, -0.8, 0.0 | -137.25
0.0, 0.0, 0.0, -3.7, 4.2, 9.9, 0.0, -0.8, 0.0 | -120.5
0.0, 0.0, 0.0, -3.65, 4.25, 9.95, 0.0, -0.8, 0.0 | -132.8
0.0, 0.0, 0.0, -3.8, 4.4, 9.9, 0.0, -0.8, 0.2 | -189.3
0.0, 0.0, 0.0, -4.7, 5.2, 10.9, 0.0, -0.8, 0.0 | -136.4
0.0, 0.0, 0.0, -3.85, 4.15, 9.8, 0.0, -0.8, 0.0 | -141.4
0.2, 0.0, 0.0, -3.8, 4.2, 9.9, 0.0, -0.8, 0.0 | -137.5
0.0, 0.0, 0.0, -3.6, 4.0, 10.0, 0.0, -0.8, 0.0 | -123.75
0.0, 0.0, 0.0, -2.5, 4.0, 5.0, 0.0, -0.8, 0.0 | -133.45
0.0, 0.0, 0.0, -3.6, 4.5, 10.0, -0.5, -0.8, 0.2 | -200.0
0.0, 0.0, 0.0, -3.8, 4.2, 10.0, 0.0, -0.8, 0.0 | -121.7
0.0, 0.0, 0.0, -3.7, 4.2, 10.2, 0.0, -0.8, 0.0 | -132.65
0.5, 0.0, 0.0, -3.7, 4.3, 9.9, 0.0, -0.8, 0.0 | -184.15
0.0, 0.0, 0.0, -4.0, 4.6, 10.5, 0.2, -0.8, 0.0 | -169.05
0.0, 0.0, 0.0, -3.9, 4.3, 10.2, 0.1, -0.8, 0.0 | -147.1
0.0, 0.0, 0.0, -3.7, 5.2, 9.9, 0.0, -0.8, 0.0 | -133.9
0.0, 0.0, 0.0, -3.7, 4.1, 10.3, 0.0, -0.8, 0.0 | -133.4
0.0, 0.0, 0.0, -3.9, 4.2, 10.2, -0.2, -0.8, 0.0 | -174.4
0.0, 0.0, 0.0, -3.9, 4.3, 6.0, 0.0, -0.8, 0.0 | -132.65
0.0, 0.0, 0.0, -3.6, 4.3, 10.0, 0.0, -0.8, 0.0 | -131.75
0.0, 0.0, 0.0, -3.5, 4.3, 10.0, 0.0, -0.8, 0.0 | -130.35
0.0, 0.0, 0.0, -3.6, 5.0, 11.0, 0.0, -0.8, 0.0 | -133.25
-1.0, 0.0, 0.0, -3.8, 4.2, 10.0, 0.0, -0.8, 0.0 | -200.0
0.0, 0.0, 0.0, 0.0, 4.5, 10.0, 0.0, -0.8, 0.0 | -122.4
0.0, 0.0, 0.0, -3.6, 5.3, 11.0, 0.0, -0.8, 0.0 | -131.7
0.0, 0.0, 0.0, -3.6, 5.0, 11.5, 0.0, -0.8, 0.0 | -130.25
0.0, 0.0, 0.0, -2.6, 5.0, 11.0, 0.0, -0.8, 0.0 | -121.65
0.0, 0.0, 0.0, -3.6, 5.0, 6.0, 0.0, -0.8, 0.2 | -200.0
0.0, 0.0, 0.0, -4.8, 4.2, 10.0, 0.0, -0.8, 0.0 | -129.8
1.0, 0.0, 0.0, -4.6, 3.6, 9.0, -1.0, -0.8, 1.0 | -200.0
0.0, 0.0, 0.0, -4.0, 4.5, 10.5, 0.0, -0.8, 0.0 | -113.45
0.0, 0.0, 0.0, -4.2, 4.6, 10.8, 0.0, -0.8, 0.0 | -115.65
1.0, 0.0, 0.0, -4.0, 4.5, 10.5, 0.0, -0.8, 0.0 | -200.0
0.0, 0.0, 0.0, -3.5, 5.1, 11.2, 0.0, -0.8, 0.0 | -136.35
0.0, 0.0, 0.0, -5.0, 4.5, 10.5, 0.0, -0.8, 0.0 | -121.8
0.0, 0.0, 0.0, -4.0, 4.5, 6.0, 0.0, -0.8, 0.0 | -125.9
0.0, 0.0, 0.0, -4.5, 4.9, 10.8, 0.0, -0.8, 0.0 | -126.8
0.0, 0.0, 0.0, -4.3, 4.7, 10.9, 0.0, -0.8, 0.0 | -129.1
0.0, 0.0, 0.0, -5.0, 5.0, 12.0, 0.0, -0.8, 0.0 | -123.35
0.0, 0.0, 0.0, -4.8, 5.0, 11.0, 0.0, -0.8, 0.0 | -124.6
0.0, 0.0, 0.0, -3.0, 5.0, 6.0, 0.0, -0.8, 0.0 | -136.55
0.0, 0.0, 0.0, -5.0, 5.0, 6.0, 0.0, -0.8, 0.0 | -130.15
0.0, 0.0, 0.0, -3.8, 4.5, 6.0, 0.0, -0.8, 0.0 | -120.65
0.0, 0.0, 0.0, -4.8, 5.2, 11.0, 0.0, -0.8, 0.0 | -129.25
0.0, 0.0, 0.0, -4.5, 5.0, 6.0, 0.0, -0.8, 0.0 | -130.6
0.0, 0.0, 0.0, -4.1, 4.4, 10.7, 0.0, -0.8, 0.0 | -138.35
0.0, 0.0, 0.0, -5.0, 0.0, 8.0, 0.0, -0.8, 0.0 | -132.55
0.0, 0.0, 0.0, -4.2, 5.0, 6.0, 0.0, -0.8, 0.0 | -146.55
0.0, 0.0, 0.0, -5.0, 5.0, 9.0, 0.0, -0.8, 0.0 | -124.75
1.0, 0.0, 0.0, -5.0, 5.0, 11.0, 0.0, -1.0, 0.0 | -200.0
0.0, 0.0, 0.0, -3.7, 4.6, 6.1, 0.0, -0.8, 0.0 | -120.15
0.0, 0.0, 0.0, -3.6, 4.6, 5.9, 0.0, -0.8, 0.0 | -134.0
0.0, 0.0, 0.0, -4.0, 4.5, 6.0, 0.0, -0.8, 0.0 | -133.9
0.0, 0.0, 0.0, -3.9, 4.7, 6.3, 0.0, -0.8, 0.0 | -129.65
0.0, 0.0, 0.0, -3.8, 5.0, 7.0, 0.0, -0.8, 0.0 | -141.35
0.0, 0.0, 0.0, -2.0, 5.0, 7.0, 0.0, -0.8, 0.0 | -129.75
0.0, 0.0, 0.0, -3.7, 4.7, 6.0, 0.0, -0.8, 0.0 | -123.35
0.0, 0.0, 0.0, -3.5, 4.8, 6.5, 0.0, -0.8, 0.0 | -130.85
0.0, 0.0, 0.0, -3.75, 4.65, 6.05, 0.0, -0.8, 0.0 | -124.75
0.0, 0.0, 0.0, -3.6, 4.6, 5.9, 0.0, -0.8, 0.5 | -200.0
0.0, 0.0, 0.0, -4.0, 5.0, 6.0, 0.0, -0.8, 0.0 | -141.65
0.0, 0.0, 0.0, -3.0, 5.0, 8.0, 0.0, -0.8, 0.0 | -125.7
0.0, 0.0, 0.0, -4.0, 5.0, 9.0, 0.0, -0.8, 0.0 | -119.4
0.0, 0.0, 0.0, -3.0, 5.0, 9.0, 0.0, -0.8, 0.0 | -134.9
0.0, 0.0, 0.0, -4.0, 5.0, 9.5, 0.0, -0.8, -0.2 | -182.35
0.0, 0.0, 0.0, -4.1, 5.1, 9.1, 0.0, -0.8, 0.0 | -123.35
0.0, 0.0, 0.0, -4.0, 5.2, 9.2, 0.0, -0.8, 0.0 | -121.9
0.0, 0.0, 0.0, -4.0, 5.0, 9.1, 0.0, -0.8, 0.0 | -132.2
0.0, 0.0, 0.0, -4.0, 5.5, 9.0, 0.0, -0.8, 0.0 | -129.15
0.0, 0.0, 0.0, -5.0, 5.0, 9.0, 0.0, -0.8, 0.0 | -126.9
0.0, 0.0, 0.0, -4.0, 5.0, 9.0, 0.0, -0.6, 0.0 | -128.45
0.0, 0.0, 0.0, -4.0, 5.1, 9.0, 0.0, -0.7, 0.0 | -127.55
0.0, 0.0, 0.0, -3.0, 5.0, 7.0, 0.0, -0.5, 0.0 | -115.6
0.0, 0.0, 0.0, -3.7, 5.5, 9.5, 0.0, -0.5, 0.5 | -200.0
0.0, 0.0, 0.0, -2.0, 5.0, 7.0, 0.0, -0.4, 0.0 | -134.9
0.0, 0.0, 0.0, -3.0, 5.0, 6.0, 0.0, -0.5, 0.0 | -131.15
0.0, 0.0, 0.0, -2.0, 5.0, 9.0, 0.0, -0.5, 0.0 | -123.8
0.0, 0.0, 0.0, -2.5, 5.5, 8.5, 0.0, -0.5, 0.0 | -142.45
0.0, 0.0, 0.0, -3.0, 5.0, 7.5, 0.0, -0.4, 0.0 | -140.95
0.0, 0.0, 0.0, -3.2, 5.0, 7.0, 0.0, -0.5, 0.0 | -121.45
0.0, 0.0, 0.0, -2.0, 5.5, 8.0, 0.0, -0.3, 0.5 | -200.0
0.0, 0.0, 0.0, -3.0, 5.0, 6.5, 0.0, -0.5, 0.0 | -141.15
-1.0, 0.0, 0.0, -3.0, 5.0, 7.0, 0.0, -0.5, 0.0 | -200.0
-2.0, 1.0, 0.5, -3.0, 5.0, 8.0, 0.0, -0.4, 0.5 | -200.0
-0.5, -0.5, 0.0, -0.5, 5.0, 8.0, 0.0, -0.5, 0.5 | -200.0
0.0, 0.0, 0.0, -2.0, 5.0, 7.0, 0.0, -0.5, 0.0 | -139.5
1.0, 0.0, 0.0, -3.0, 5.0, 7.0, 0.0, -0.5, 0.0 | -200.0
0.0, 0.0, 0.0, -4.0, 5.0, 7.0, 0.0, -0.5, 0.0 | -123.05
0.5, 0.0, 0.0, -3.0, 5.0, 7.0, 0.0, -0.5, 0.0 | -200.0
0.0, 0.0, 0.0, -3.0, 5.0, 8.0, 0.0, -0.5, 0.0 | -133.9
0.0, 0.0, 0.0, -2.5, 5.0, 7.0, 0.0, -0.4, 0.0 | -120.15
0.0, 0.0, 0.0, -2.0, 5.5, 8.5, 0.0, -0.4, 0.0 | -126.35
0.0, 0.0, 0.0, -2.9, 5.2, 7.3, 0.0, -0.4, 0.0 | -130.7
-1.0, 0.0, 0.0, -2.5, 5.0, 7.0, 0.0, -0.5, 0.0 | -200.0
0.0, 0.0, 0.0, -5.0, 5.5, 8.0, 0.0, -0.5, 0.0 | -126.15
0.0, 0.0, 0.0, -2.4, 5.5, 7.5, 0.0, -0.5, 0.0 | -130.15
0.0, 0.0, 0.0, -2.4, 5.0, 7.0, 0.0, -0.4, 0.0 | -126.25
0.0, 0.0, 0.0, -2.6, 5.0, 7.0, 0.0, -0.4, 0.0 | -128.9
0.0, 0.0, 0.0, -2.5, 6.0, 6.0, 0.0, -0.6, 0.2 | -200.0
0.0, 0.0, 0.0, -2.5, 6.0, 7.0, 0.0, -0.4, 0.0 | -120.45
0.0, 0.0, 0.0, -2.5, 5.3, 7.0, 0.0, -0.4, 0.0 | -134.15
0.0, 0.0, 0.0, -2.5, 5.2, 7.2, 0.0, -0.4, 0.0 | -127.95
0.0, 0.0, 0.0, -2.0, 5.0, 7.0, 0.0, -0.3, 0.0 | -145.5
0.0, 0.0, 0.0, -2.5, 5.1, 7.1, 0.0, -0.4, 0.0 | -129.85
0.0, 0.0, 0.0, -2.5, 5.4, 7.2, 0.0, -0.45, 0.0 | -141.75
-1.0, 0.0, 0.0, -2.5, 5.0, 7.0, 0.0, -0.4, 0.0 | -200.0
0.0, 0.0, 0.0, -2.5, 5.0, 7.0, 0.0, -0.3, 0.0 | -136.8
0.0, 0.0, 0.0, -2.4, 5.1, 7.1, 0.0, -0.38, 0.0 | -123.05
0.0, 0.0, 0.0, -2.3, 5.2, 7.3, 0.0, -0.38, 0.0 | -134.75
1.0, 0.0, 0.0, -2.5, 5.0, 7.0, 0.0, -0.4, 0.0 | -200.0
0.0, 0.0, 0.0, -1.5, 5.5, 7.5, 0.0, -0.2, 0.0 | -126.85
0.0, 0.0, 0.0, -2.5, 5.2, 7.5, 0.0, -0.4, 0.0 | -124.6
0.0, 0.0, 0.0, -3.5, 6.0, 8.0, 0.0, -0.5, 0.0 | -143.8
0.0, 0.0, 0.0, -2.5, 5.0, 7.0, 0.0, -0.4, 0.2 | -200.0
0.0, 0.0, 0.0, -2.5, 5.0, 7.0, 0.0, -0.5, 0.0 | -130.5
0.0, 0.0, 0.0, -2.6, 5.0, 7.0, 0.0, -0.4, 0.0 | -130.3
0.0, 0.0, 0.0, -2.5, 5.5, 7.2, 0.0, -0.3, 0.0 | -118.5
0.0, 0.0, 0.0, -2.4, 5.6, 7.4, 0.0, -0.35, 0.0 | -133.9
0.0, 0.0, 0.0, -2.5, 5.6, 7.3, 0.0, -0.3, 0.0 | -136.9
0.2, 0.0, 0.0, -2.4, 5.8, 7.4, 0.0, -0.3, 0.0 | -147.85
1.0, 0.0, 0.0, -2.5, 5.5, 7.2, 0.0, -0.3, 0.0 | -200.0
0.0, 0.0, 0.0, -2.5, 5.5, 7.5, 0.0, -0.3, 0.0 | -131.45
0.0, 0.0, 0.0, -2.5, 5.5, 6.0, 0.0, -0.3, 0.0 | -137.7
0.0, 0.0, 0.0, -3.5, 5.5, 7.2, 0.0, -0.3, 0.0 | -129.1
0.0, 0.0, 0.0, -2.5, 5.5, 8.2, 0.0, -0.3, 0.0 | -138.65
0.0, 0.0, 0.0, -2.5, 6.0, 8.0, 0.0, -0.2, 0.5 | -200.0
0.0, 0.0, 0.0, -1.3, 5.4, 7.4, 0.0, -0.2, 0.0 | -140.65
0.0, 0.0, 0.0, -3.5, 5.0, 5.0, 0.0, -0.4, 0.0 | -141.6
0.0, 0.0, 0.0, -2.4, 5.6, 7.2, 0.0, -0.3, 0.0 | -138.5
0.0, 0.0, 0.0, -2.5, 5.5, 7.1, 0.0, -0.3, 0.0 | -121.4
0.0, 0.0, 0.0, -2.6, 6.0, 8.0, 0.0, -0.3, 0.0 | -121.65
0.0, 0.0, 0.0, -2.5, 5.5, 7.2, 0.0, -0.25, 0.0 | -127.4
0.0, 0.0, 0.0, -2.5, 5.0, 7.0, 0.0, -0.2, 0.1 | -152.35
0.0, 0.0, 0.0, -2.45, 5.55, 7.3, 0.0, -0.32, 0.0 | -142.65
1.0, 0.0, 0.0, -2.5, 5.5, 7.2, 0.0, -0.3, 0.0 | -200.0
0.0, 0.0, 0.0, -2.0, 6.0, 8.0, 0.0, -0.2, 0.0 | -117.65
0.0, 0.0, 0.0, -1.5, 6.0, 8.0, 0.0, -0.2, 0.0 | -137.25
0.0, 0.0, 0.0, -1.0, 6.0, 8.0, 0.0, -0.2, 0.0 | -126.45
0.0, 0.0, 0.0, -4.5, 5.0, 5.0, 0.0, -0.5, 0.0 | -126.45
0.0, 0.0, 0.0, -2.0, 6.0, 8.0, 0.5, -0.2, 0.0 | -200.0
0.0, 0.0, 0.0, -2.0, 7.0, 8.0, 0.0, -0.2, 0.0 | -139.75
0.0, 0.0, 0.0, -2.2, 6.2, 8.2, 0.0, -0.2, 0.0 | -119.45
0.0, 0.0, 0.0, -2.0, 6.0, 6.0, 0.0, -0.2, 0.5 | -200.0
0.0, 0.0, 0.0, -1.9, 6.1, 8.1, 0.0, -0.2, 0.0 | -136.85
0.0, 0.0, 0.0, -2.0, 6.0, 6.0, 0.0, -0.2, 0.3 | -200.0
0.0, 0.0, 0.0, -3.0, 6.0, 8.0, 0.0, -0.2, 0.0 | -127.45
1.0, 0.0, 0.0, -2.0, 6.0, 8.0, 0.0, -0.2, 0.0 | -200.0
0.0, 0.0, 0.0, -2.0, 6.0, 8.0, 0.0, -0.3, 0.0 | -132.85
-0.5, -0.5, 0.0, -2.0, 6.0, 8.0, 0.0, -0.2, 0.0 | -200.0
0.0, 0.0, 0.0, -2.0, 6.0, 8.0, 0.5, -0.2, 0.0 | -200.0
0.0, 0.0, 0.0, -2.0, 6.0, 8.0, 0.0, -0.2, 0.0 | -122.5
0.0, 0.0, 0.0, -2.0, 5.8, 7.8, 0.0, -0.2, 0.0 | -146.9
0.0, 0.0, 0.0, -2.0, 5.9, 7.9, 0.0, -0.2, 0.0 | -131.8
0.0, 0.0, 0.0, -2.0, 6.0, 7.0, 0.0, -0.2, 0.0 | -119.8
0.0, 0.0, 0.0, -2.0, 6.5, 7.5, 0.0, -0.2, 0.0 | -126.0
0.0, 0.0, 1.0, -2.0, 6.0, 7.0, 0.0, -0.2, 0.0 | -200.0
0.0, 0.0, 0.0, -1.9, 6.0, 8.0, 0.0, -0.2, 0.0 | -119.8
0.0, 0.0, 0.0, -2.0, 6.0, 8.0, 0.0, -0.2, 0.2 | -200.0
0.0, 0.0, 0.0, -2.3, 6.3, 8.3, 0.0, -0.2, 0.0 | -133.1
0.0, 0.0, 0.0, -2.0, 5.5, 6.0, 0.0, -0.2, 0.5 | -200.0
0.0, 0.0, 0.0, -2.1, 6.1, 7.2, 0.0, -0.2, 0.0 | -125.1
0.0, 0.0, 0.0, -2.0, 6.2, 7.8, 0.0, -0.2, 0.0 | -143.0
0.0, -1.0, 0.0, 0.0, 0.0, 1.0, 0.0, -2.0, 0.0 | -132.0
-4.0, -1.0, 0.0, 0.0, 4.0, 1.0, 0.0, -2.0, 0.0 | -200.0
1.0, -1.0, 0.0, 0.0, -1.0, 1.0, 0.0, -2.0, 0.0 | -200.0
0.0, 0.0, -1.0, 0.0, 0.0, 1.0, 0.0, -2.0, 0.0 | -200.0
-5.0, -5.0, 0.0, 0.0, 5.0, 5.0, 0.0, 0.0, 0.0 | -200.0
-1.0, -1.0, 0.0, 0.0, 1.0, 1.0, 0.0, 0.5, 0.0 | -200.0
0.0, -6.0, 0.0, 0.0, 0.0, 6.0, 0.0, -1.0, 0.0 | -200.0
1.0, -5.0, 2.0, -1.0, 5.0, 0.0, 0.0, 0.0, -1.0 | -200.0
-1.5, -1.0, 0.0, 0.0, 1.5, 1.0, 0.0, -2.0, 0.0 | -200.0
-1.0, -4.0, 0.0, 0.0, 1.0, 4.0, 0.0, -5.0, 0.0 | -200.0
-5.5, -2.2, 0.3, 0.0, 5.0, 4.1, -1.5, -4.0, -2.2 | -200.0
0.0, -1.0, 0.0, 0.0, 0.0, 1.0, 0.0, 0.0, 0.0 | -200.0
0.0, -1.0, 0.0, 0.0, 0.0, 1.0, 0.0, -5.0, 0.0 | -127.75
-1.0, -1.0, 0.0, 0.0, 1.0, 1.0, 0.0, -5.0, 0.0 | -200.0
0.0, -1.0, 0.0, 0.0, 1.0, 1.0, 0.0, -5.0, 0.5 | -200.0
0.0, -2.0, 0.0, 0.0, 0.0, 2.0, 0.0, -5.0, 1.0 | -200.0
0.0, -1.0, 0.0, 0.0, 0.0, 1.0, 0.0, -5.0, 0.0 | -134.75
-1.0, -1.0, 0.0, 0.0, 1.0, 1.0, 0.0, -5.0, 0.0 | -200.0
0.0, -1.0, 0.0, 0.0, 2.0, 2.0, 0.0, -5.0, 1.0 | -200.0
-2.0, -2.0, 0.0, 0.0, 2.0, 2.0, 0.5, -5.0, 0.0 | -200.0
0.0, -1.0, 0.0, 0.0, 2.0, 2.0, 0.0, -5.0, 0.0 | -136.45
0.0, -1.0, 0.0, 0.0, 0.0, 1.2, 0.0, -5.0, 0.0 | -115.7
0.0, -1.0, 0.0, 0.0, 0.0, 2.2, 0.0, -5.0, 0.0 | -141.7
0.0, -1.0, 0.0, 0.0, 0.0, 1.3, 0.0, -5.0, 0.0 | -134.55
0.0, -1.0, 0.0, 0.0, 1.0, 1.2, 0.0, -5.0, 0.0 | -141.95
0.0, -1.0, 0.0, 0.0, 0.0, 1.5, 0.0, -5.0, 0.0 | -126.35
0.0, -1.0, 0.0, 0.0, 0.5, 1.2, 0.0, -5.0, 0.0 | -139.65
0.0, -1.0, 0.0, 0.0, 0.0, 1.2, 0.0, -5.0, 1.0 | -200.0
0.0, -2.0, 0.0, 0.0, 1.0, 1.2, 0.0, -5.0, 0.0 | -130.35
0.0, -0.9, 0.0, 0.0, 0.0, 1.2, 0.0, -5.0, 0.0 | -120.5
0.0, -0.8, 0.0, 0.0, 0.2, 1.2, 0.0, -5.0, 0.0 | -137.25
0.0, -0.95, 0.0, 0.0, 0.0, 1.2, 0.0, -5.0, 0.0 | -128.55
0.5, -0.9, 0.0, 0.0, 0.0, 1.2, 0.0, -5.0, 0.0 | -200.0
0.0, -1.0, 0.0, 0.0, 0.0, 1.3, 0.0, -5.0, 0.0 | -132.6
0.0, -1.0, 0.0, 0.0, 0.0, 1.4, 0.0, -5.0, 0.0 | -118.15
0.0, -1.0, 0.0, 0.0, 0.1, 1.2, 0.0, -5.0, 0.0 | -130.3
0.0, -1.1, 0.0, 0.0, 0.0, 1.3, 0.0, -5.0, 0.0 | -132.7
0.0, -1.0, 0.0, 0.0, 0.0, 1.1, 0.0, -5.0, 0.0 | -138.45
0.0, -1.0, 0.0, 0.0, 0.5, 2.0, 0.0, -5.0, 0.0 | -140.6
1.0, -2.0, 0.0, 0.0, 0.0, 1.0, 0.0, -5.0, 0.0 | -200.0
0.0, -1.1, 0.0, 0.0, 0.0, 1.2, 0.0, -5.0, 0.0 | -128.1
0.0, -1.0, 0.0, 0.0, 0.2, 1.5, 0.0, -5.0, 0.0 | -129.8
0.0, -1.0, 0.0, 0.0, 0.0, 1.45, 0.0, -5.0, 0.0 | -135.7
0.0, -0.9, 0.0, 0.0, 0.0, 1.4, 0.0, -5.0, 0.0 | -126.4
0.0, -1.0, 0.0, 0.0, 0.0, 1.4, 0.0, -5.0, 1.0 | -200.0
0.0, -1.0, 0.0, 0.0, 0.1, 1.4, 0.0, -5.0, 0.0 | -134.8
0.0, -1.0, 0.5, 0.0, 0.0, 3.0, 0.0, -5.0, 0.0 | -200.0
0.0, -0.9, 0.0, 0.0, 0.0, 2.4, 0.0, -5.0, 0.0 | -138.15
0.0, -1.0, 0.0, 0.0, 1.0, 1.4, 0.0, -5.0, 0.0 | -125.2
0.0, -1.0, 0.0, 0.0, 0.0, 1.4, 0.0, -5.0, 0.5 | -200.0
0.0, -1.0, 0.0, 0.0, 0.0, 1.6, 0.0, -4.0, 0.0 | -145.35
-0.2, -1.0, 0.0, 0.0, 0.2, 1.5, 0.0, -5.0, 0.0 | -200.0
0.0, -0.8, 0.0, 0.0, 0.0, 1.6, 0.0, -5.0, 0.0 | -130.2
1.0, -1.0, 0.0, 0.0, 0.0, 1.4, 0.0, -5.0, 0.0 | -200.0
0.0, -0.9, 0.0, 0.0, 0.5, 1.2, 0.0, -5.0, 0.0 | -122.15
0.0, -0.9, 0.0, 0.0, 0.6, 1.3, 0.0, -5.0, 0.0 | -138.25
0.0, -0.9, 0.0, 0.0, 0.5, 1.3, 0.0, -5.0, 0.0 | -131.65
0.0, -0.85, 0.0, 0.0, 0.5, 1.3, 0.0, -5.0, 0.0 | -124.3
0.0, -0.9, 0.5, 0.0, 0.5, 2.2, 0.0, -5.0, 0.0 | -200.0
0.0, -0.9, 0.2, 0.0, 0.5, 1.2, 0.0, -5.0, 0.0 | -200.0
0.0, -0.7, 0.0, 0.0, 0.5, 1.4, 0.0, -5.0, 0.0 | -121.55
0.0, -0.6, 0.0, 0.0, 0.5, 1.4, 0.0, -5.0, 0.5 | -200.0
0.0, -0.9, 0.0, 0.0, 0.5, 2.2, 0.0, -5.0, 0.0 | -132.2
0.0, -0.9, 0.0, 0.0, 0.6, 1.4, 0.0, -5.0, 0.0 | -137.25
0.0, -0.9, 0.0, 0.0, 0.6, 1.5, 0.0, -5.0, 0.0 | -137.65
0.0, -0.8, 0.0, 0.0, 0.6, 1.5, -0.2, -5.0, 0.0 | -200.0
0.2, -0.8, 0.0, 0.0, 0.5, 1.7, 0.0, -5.0, 0.0 | -200.0
0.0, -0.9, 0.0, 0.0, 0.0, 1.8, 0.0, -5.0, 0.0 | -127.75
1.0, -1.0, 0.0, 0.0, 0.0, 2.0, 0.0, -5.0, 0.0 | -200.0
-1.0, -0.8, 0.0, 0.0, 0.6, 1.6, 0.0, -5.0, 0.0 | -200.0
0.2, -0.9, 0.0, 0.0, 0.5, 1.6, 0.0, -5.0, 0.0 | -200.0
0.0, -0.7, 0.0, 0.0, 0.3, 1.7, 0.0, -5.0, 0.0 | -131.65
0.0, -0.7, 0.0, 0.0, 0.6, 1.6, 0.0, -5.0, 0.0 | -129.0
0.0, -0.9, 0.0, 0.0, 0.5, 1.0, 0.0, -5.0, 0.0 | -137.95
0.5, -0.9, 0.0, 0.0, 0.5, 1.6, 0.0, -5.0, 0.0 | -200.0
0.0, -0.8, 0.0, 0.0, 0.6, 1.6, 0.0, -5.0, 0.0 | -130.8
0.0, -0.6, 0.0, 0.0, 0.8, 1.8, 0.0, -5.0, 0.0 | -138.05
0.2, -0.7, 0.0, 0.0, 0.6, 1.6, 0.0, -5.0, 0.0 | -200.0
0.1, -0.7, 0.0, 0.0, 0.5, 1.3, 0.0, -5.0, 0.0 | -200.0
-0.2, -0.8, 0.0, 0.0, 0.7, 1.6, 0.0, -5.0, 0.0 | -200.0
0.0, -0.8, 0.0, 0.0, 0.7, 1.8, 0.0, -5.0, 0.0 | -142.75
-0.5, -1.0, 0.0, 0.0, 0.5, 2.0, 0.0, -5.0, 0.0 | -200.0
0.2, -0.8, 0.0, 0.0, 0.6, 1.8, 0.0, -5.0, 0.0 | -200.0
0.0, -0.7, 0.0, 0.0, 0.6, 2.0, 0.0, -5.0, 0.0 | -121.0
0.0, -0.7, 0.0, 0.0, 0.7, 2.0, 0.0, -5.0, 0.0 | -130.15
0.0, -0.7, 0.0, 0.0, 0.6, 2.2, 0.0, -5.0, 0.0 | -134.7
0.0, -0.65, 0.0, 0.0, 0.55, 2.0, 0.0, -5.0, 0.0 | -112.35
0.0, -0.6, 0.0, 0.0, 0.55, 2.0, 0.0, -5.0, 0.0 | -115.7
0.2, -0.65, 0.1, 0.0, 0.55, 2.0, 0.0, -5.0, 0.0 | -200.0
0.5, -0.65, 0.0, 0.0, 0.55, 2.0, 0.0, -5.0, 0.0 | -200.0
0.0, -0.7, 0.0, 0.0, 0.6, 3.0, 0.0, -5.0, 0.0 | -121.4
0.0, -0.7, 0.0, 0.0, 0.9, 2.8, 0.0, -5.0, 0.0 | -139.35
0.0, -0.6, 0.0, 0.0, 0.5, 2.0, 0.0, -5.0, 0.0 | -116.0
0.0, -0.55, 0.0, 0.0, 0.6, 2.4, 0.0, -5.0, 0.0 | -135.55
0.0, -0.7, 0.0, 0.0, 0.7, 2.5, 0.0, -5.0, 0.0 | -131.65
0.0, -0.5, 0.0, 0.0, 0.6, 3.0, 0.0, -5.0, 0.0 | -131.6
1.0, -0.6, 0.0, 0.0, 0.55, 3.0, 0.0, -5.0, 0.0 | -200.0
0.0, -0.5, 0.0, 0.0, 0.55, 2.0, 0.0, -5.0, 0.0 | -141.7
0.0, -0.65, 0.0, 0.0, 0.6, 2.1, 0.0, -5.0, 0.0 | -142.2
0.0, -0.7, 0.0, 0.0, 0.6, 2.2, 0.0, -5.0, 0.0 | -132.45
0.0, -0.6, 0.1, 0.0, 0.5, 2.0, 0.0, -5.0, 0.0 | -200.0
0.1, -0.6, 0.0, 0.0, 0.65, 2.3, 0.0, -5.0, 0.0 | -192.3
0.0, -0.5, 0.0, 0.0, 0.6, 2.0, 0.0, -5.0, 0.0 | -140.3
0.0, -0.65, 0.0, 0.0, 0.55, 2.0, 0.0, -4.5, 0.0 | -131.6
0.5, -0.7, 0.0, 0.0, 0.5, 2.5, 0.0, -5.0, 0.0 | -200.0
0.0, -0.6, 0.0, 0.0, 0.55, 2.5, 0.0, -5.0, 0.0 | -127.4
1.0, -0.6, 0.0, 0.0, 0.6, 2.0, 0.0, -4.0, 0.0 | -200.0
0.0, -0.7, 0.0, 0.0, 0.55, 2.0, 0.0, -5.0, 0.0 | -126.75
0.0, -1.6, 0.0, 0.0, 1.5, 3.0, 0.0, -5.0, 0.0 | -126.5
0.0, -0.6, 0.0, 0.0, 0.55, 2.2, 0.0, -5.0, 0.0 | -132.1
0.0, -0.6, 0.0, 0.0, 0.6, 2.0, 0.0, -4.0, 0.0 | -138.95
0.0, -0.5, 0.0, 0.0, 0.8, 2.2, 0.0, -4.5, 0.0 | -130.4
0.1, -0.6, 0.1, 0.0, 0.55, 2.0, 0.0, -5.0, 0.0 | -122.2
-0.2, -0.6, 0.0, 0.0, 0.6, 2.2, 0.0, -5.0, 0.0 | -200.0
0.0, -0.6, 0.0, 0.0, 0.7, 2.4, 0.0, -5.0, 0.0 | -132.85
-0.5, -0.8, 0.0, 0.0, 0.5, 0.8, 0.0, -5.0, 0.0 | -200.0
0.1, -0.5, 0.0, 0.0, 0.7, 2.5, 0.0, -4.0, 0.0 | -188.0
0.0, -0.6, 0.0, 0.0, 0.65, 2.5, 0.0, -5.0, 0.0 | -128.15
0.0, -0.6, 0.0, 0.0, 1.6, 3.2, 0.0, -5.0, 0.0 | -130.45
0.0, -0.6, 0.0, 0.0, 0.9, 3.0, 0.0, -5.0, 0.0 | -129.45
0.0, -0.6, 0.0, 0.0, 0.75, 2.8, 0.0, 0.0, 0.0 | -200.0
0.2, -0.6, 0.0, 0.0, 0.6, 2.5, 0.0, -4.0, 0.0 | -200.0
0.1, -0.6, 0.1, 0.0, 0.55, 3.0, 0.0, -5.0, 1.0 | -200.0
0.0, -0.5, 0.0, 0.0, 0.6, 3.0, -0.5, -5.0, 0.0 | -200.0
0.0, -0.6, 0.0, 0.0, 0.6, 2.0, 0.0, -5.0, 0.0 | -123.2
0.5, -0.6, 0.0, 0.0, 0.6, 2.5, 0.0, -5.0, 0.0 | -200.0
0.1, -0.6, 0.0, 0.0, 0.8, 2.8, 0.0, -4.8, 0.0 | -176.45
0.1, -0.6, 0.1, 0.0, 0.5, 2.0, 0.0, -5.0, 0.0 | -138.2
0.1, -0.6, 0.1, 0.0, 0.6, 2.1, 0.0, -5.0, 0.0 | -132.75
0.0, -0.6, 0.0, 0.0, 0.6, 2.3, 0.0, -4.9, 0.0 | -119.6
0.0, -0.6, 0.0, 0.0, 0.8, 2.5, 0.0, -5.0, 0.0 | -135.0
0.0, -0.6, 0.0, 0.0, 0.7, 2.6, 0.0, -5.0, 0.0 | -122.75
0.0, -0.6, 0.0, 0.0, 0.6, 3.3, 0.0, -5.0, 0.0 | -126.1
0.5, -0.6, 0.0, 0.0, 0.7, 2.4, 0.0, -5.0, 0.0 | -200.0
0.0, -0.6, 0.0, 0.0, 0.7, 2.3, 0.0, -4.9, 0.0 | -123.9
0.0, -0.6, 0.0, 0.0, 1.0, 2.5, 0.0, -5.0, 0.0 | -115.45
0.0, -0.6, 0.0, 0.5, 1.0, 2.7, 0.0, -5.2, 0.0 | -138.2
0.0, -0.6, 0.0, 0.0, 0.9, 3.6, 0.0, -4.0, 0.0 | -126.85
0.0, -0.5, 0.0, 0.0, 0.7, 2.2, 0.0, -4.8, 0.0 | -126.3
0.0, -0.6, 0.0, 0.0, 0.8, 3.0, 0.0, -5.0, 0.0 | -126.1
0.0, -0.6, 0.0, 0.5, 1.0, 3.5, 0.0, -5.0, 0.0 | -134.05
0.0, -0.6, 0.0, 0.0, 0.85, 3.2, 0.0, -4.5, 0.0 | -127.1
0.0, -0.6, 1.0, 0.0, 1.0, 2.5, 0.0, -4.0, 0.0 | -200.0
0.0, -0.6, 0.0, 0.0, 1.2, 2.6, 0.0, -5.0, 0.0 | -129.7
0.0, -0.6, 0.0, 0.0, 1.1, 2.5, 0.0, -5.0, 0.0 | -132.6
0.0, -0.6, 0.0, 0.0, 1.0, 2.4, 0.0, -5.5, 0.0 | -145.15
0.0, -0.6, 0.0, 0.0, 1.0, 2.5, 0.0, -5.0, 0.5 | -200.0
0.2, -0.5, 0.0, 0.0, 1.1, 2.7, 0.0, -4.8, 0.0 | -200.0
0.0, -1.6, 0.0, 0.0, 0.6, 4.3, 0.0, -5.0, 0.0 | -125.2
0.0, -0.6, 0.0, 0.0, 0.9, 2.5, 0.0, -5.2, 0.0 | -126.85
0.0, -0.6, 0.0, 0.0, 1.0, 2.6, 0.0, -5.0, 0.0 | -122.65
0.0, -0.6, 0.0, 0.0, 2.0, 3.5, 0.0, -5.0, 0.0 | -122.95
0.0, -0.6, 0.0, 0.0, 2.2, 3.2, 0.0, -5.0, 0.0 | -116.75
1.0, -0.6, 0.0, 0.0, 3.0, 4.0, 0.0, -5.0, 0.0 | -200.0
0.0, -0.6, 0.0, 0.0, 2.5, 3.5, 0.0, -4.5, 0.0 | -112.75
0.0, -0.6, 0.0, 0.0, 2.5, 3.0, 0.0, -5.0, 0.0 | -115.3
0.0, -0.6, 0.0, 0.0, 3.0, 4.0, 0.0, -4.0, 0.0 | -126.25
0.0, -0.6, 0.0, 0.0, 2.5, 3.8, 0.0, -4.5, 0.0 | -130.5
-1.0, -0.6, 0.0, 0.0, 2.5, 3.5, 0.0, -4.5, 0.0 | -200.0
0.0, -0.6, 0.0, 0.0, 2.5, 3.5, 0.0, -5.0, 1.0 | -200.0
0.0, -0.6, 0.0, 0.0, 2.5, 4.0, 0.0, -5.0, 0.0 | -125.1
0.0, -0.6, 0.0, 0.0, 2.6, 3.6, 0.0, -4.4, 0.0 | -123.7
0.0, -0.6, 0.0, 0.0, 2.4, 3.4, 0.0, -4.5, 0.0 | -145.75
0.5, -0.6, 0.0, 0.0, 2.3, 3.3, 0.0, -5.0, 0.0 | -200.0
1.0, -0.6, 1.0, 0.0, 2.5, 3.5, 0.0, -4.5, 0.0 | -124.8
0.5, -1.0, 0.0, 0.0, 2.8, 3.5, 0.0, -4.5, 0.0 | -200.0
0.0, -0.6, 0.0, 0.0, 2.1, 3.1, 0.0, -4.5, 0.0 | -121.95
0.0, -0.6, 0.0, 0.0, 3.5, 4.5, 0.0, -4.0, 0.0 | -134.55
1.0, -0.6, 0.0, 0.0, 2.2, 3.2, 0.0, -4.5, 0.0 | -200.0
0.0, 0.6, 0.0, 0.0, 2.0, 3.5, 0.0, -4.0, 0.0 | -137.85
0.0, -0.6, 0.0, 0.0, 2.5, 3.6, 0.0, -4.3, 0.0 | -136.25
0.2, -0.5, 0.5, 0.5, 2.7, 3.2, -0.5, -4.2, 0.5 | -200.0
0.0, -0.6, 0.0, 0.0, 2.5, 3.4, 0.0, -4.4, 0.0 | -127.95
0.0, -0.6, 0.0, 0.0, 3.0, 3.5, 0.0, -4.5, 0.0 | -129.9
0.0, -0.6, 0.0, 0.0, 2.6, 3.5, 0.0, -4.4, 0.0 | -113.85
0.0, -0.6, 0.0, 0.0, 2.9, 3.2, 0.0, -4.6, 0.0 | -127.5
0.0, -0.6, 0.0, 0.0, 2.5, 4.4, 0.0, -5.0, 0.0 | -125.3
0.0, -0.6, 0.0, 0.0, 2.7, 3.5, 0.0, -4.3, 0.0 | -123.75
0.0, -0.5, 0.0, 0.0, 2.6, 3.5, 0.0, -4.3, 0.0 | -132.45
0.0, -0.6, 0.0, 0.0, 2.5, 3.5, 0.0, -5.4, 0.0 | -126.4
0.5, -0.6, 0.0, 0.0, 2.5, 3.5, 0.0, -4.5, 0.0 | -200.0
0.0, -0.6, 0.0, 0.0, 2.5, 3.5, 0.0, -3.5, 0.0 | -134.8
0.0, -0.6, 0.0, 0.0, 2.5, 4.5, 0.0, -5.5, 0.0 | -120.15
0.0, -0.6, 0.0, 0.0, 2.6, 4.6, 0.0, -5.6, 0.0 | -136.25
0.0, -0.6, 0.0, 0.0, 2.6, 4.6, 0.0, -5.5, 0.0 | -125.65
0.0, -0.6, 0.0, 0.0, 2.0, 4.0, 0.0, -4.5, 0.0 | -147.15
0.0, -0.6, 0.0, 0.0, 3.0, 4.0, 0.0, -4.0, 0.0 | -136.35
0.0, -0.6, 0.0, 0.0, 2.6, 3.6, 0.0, -4.5, 0.0 | -121.55
0.0, -0.6, 0.0, 0.0, 2.3, 4.1, 0.0, -5.2, 0.0 | -134.6
0.0, -0.6, 0.0, 0.0, 2.7, 4.7, 0.0, -5.4, 0.0 | -132.5
1.0, -0.6, 0.0, 0.0, 3.5, 4.5, 0.0, -4.0, 0.0 | -200.0
0.0, -0.6, 0.0, 0.0, 2.5, 3.6, 0.0, -4.5, 0.0 | -127.25
0.0, -0.6, 0.0, 0.0, 2.6, 3.5, 0.0, -4.5, 0.0 | -132.45
0.0, -0.6, 0.0, 0.0, 2.4, 4.2, 0.0, -5.2, 0.0 | -128.5
0.0, -0.6, 0.0, 0.0, 2.6, 3.5, 0.0, -4.3, 0.0 | -135.9
0.0, -0.6, 0.0, 0.0, 3.5, 4.5, 0.0, -4.5, 0.0 | -143.0
0.0, -0.6, 0.0, 0.0, 2.5, 5.0, 0.0, -5.5, 0.0 | -133.05
0.0, -0.6, 0.0, 0.0, 3.6, 4.6, 0.0, -5.5, 0.0 | -121.0
0.0, -0.6, 0.0, 0.0, 2.6, 4.5, 0.0, -5.5, 0.0 | -132.35
0.0, -0.6, 0.0, 0.0, 2.5, 3.6, 0.0, -4.0, 0.0 | -137.75
0.0, -0.6, 0.0, 0.0, 3.5, 4.6, 0.0, -4.5, 0.0 | -119.3
0.0, -0.6, 0.0, 0.0, 3.6, 4.7, 0.0, -4.4, 0.0 | -124.45
0.0, -0.6, 0.0, 0.0, 3.5, 4.6, 0.0, -4.5, 0.0 | -122.85
0.0, -0.6, 0.0, 0.0, 3.5, 4.5, 0.0, -4.4, 0.0 | -128.75
0.0, -0.6, 0.0, 0.0, 4.5, 5.5, 0.0, -3.5, 0.0 | -121.9
0.0, -0.6, 0.0, 0.0, 3.5, 4.3, 0.0, -4.3, 0.0 | -126.1
0.0, -0.6, 0.0, 0.0, 3.5, 5.5, 0.0, -4.5, 0.0 | -125.6
0.0, -0.6, 0.0, 0.0, 3.7, 4.7, 0.0, -4.5, 0.0 | -134.85
-0.2, -0.6, 0.0, 0.0, 3.5, 4.8, 0.0, -4.5, 0.0 | -200.0
0.0, -0.6, 0.0, 0.0, 5.0, 5.5, 0.0, -3.5, 0.0 | -125.95
0.0, -0.6, 0.0, 0.0, 3.6, 4.8, 0.0, -4.5, 0.0 | -144.3
0.0, -0.6, 0.0, 0.0, 3.6, 4.7, 0.0, -4.5, 0.0 | -124.45
0.0, -0.6, 0.0, 0.0, 4.0, 5.0, 0.0, -4.2, 0.0 | -132.65
0.0, -0.6, 0.0, 0.0, 3.5, 5.0, 0.0, -4.5, 0.0 | -130.8
0.0, -0.5, 0.0, 0.0, 3.5, 4.6, 0.0, -4.5, 0.0 | -141.85
0.0, -0.6, 0.0, 0.0, 4.0, 5.0, -0.5, -4.0, 0.0 | -200.0
0.0, -0.6, 0.0, 0.0, 3.6, 4.6, 0.0, -4.5, 0.0 | -124.35
0.0, -0.6, 0.0, 0.0, 3.5, 4.7, 0.0, -4.5, 0.0 | -125.0
0.0, -0.6, 0.0, 0.0, 3.8, 5.2, 0.0, -4.3, 0.0 | -126.3
0.0, -0.6, 0.0, 0.0, 4.5, 5.6, 0.0, -5.5, 0.0 | -138.25
0.0, -0.6, 0.0, 0.0, 3.5, 4.9, 0.0, -4.5, 0.0 | -127.95
0.0, -0.6, 0.0, 0.0, 3.6, 5.0, 0.0, -4.5, 0.0 | -126.2
1.0, -0.6, 0.0, 0.0, 4.5, 5.5, 0.0, -3.5, 0.0 | -200.0
0.0, -0.6, 0.0, 0.0, 4.3, 5.3, 0.0, -4.4, 0.0 | -133.7
0.0, -0.6, 0.0, 0.0, 4.5, 6.5, 0.0, -4.0, 0.0 | -113.25
0.0, -0.6, 0.0, 0.0, 5.0, 6.0, 0.0, -4.0, 0.0 | -139.85
-0.5, -0.6, 0.0, 0.0, 5.0, 6.5, 0.0, -5.0, 0.0 | -200.0
0.0, -0.6, 0.0, 0.0, 5.5, 6.5, 0.0, -4.0, 0.0 | -119.4
0.0, -0.6, 0.0, 0.0, 4.5, 6.5, -0.5, -4.0, 0.0 | -200.0
0.0, -0.6, 0.0, 0.0, 4.5, 6.5, 0.0, -5.0, 0.0 | -132.6
0.0, -0.6, 0.0, 0.0, 4.5, 7.5, 0.0, -4.0, 0.0 | -146.3
0.0, -0.6, 0.0, 0.0, 4.8, 6.8, 0.0, -4.5, 0.5 | -200.0
0.0, -0.6, 0.0, 0.0, 4.5, 7.0, 0.0, -3.5, 0.0 | -128.2
0.0, -0.6, 0.0, 0.0, 4.6, 6.6, 0.0, -4.0, 0.0 | -114.55
1.0, -0.6, 0.0, 0.0, 4.5, 6.5, 0.0, -4.0, 0.0 | -200.0
0.0, -0.6, 0.0, 0.0, 4.5, 6.5, 0.0, -3.0, 0.0 | -128.6
0.5, -0.6, 0.0, 0.0, 4.5, 6.5, 0.0, -4.0, 0.2 | -200.0
-1.0, -0.6, 0.0, 0.0, 4.5, 6.5, 0.0, -4.0, 0.0 | -200.0
0.0, -0.6, 0.0, 0.0, 5.0, 7.0, 0.0, -4.0, 0.0 | -136.45
0.0, -0.6, 0.0, 0.0, 4.7, 6.4, 0.0, -4.0, 0.0 | -135.05
0.0, -0.6, 0.0, 0.0, 4.6, 6.7, 0.0, -4.5, 0.0 | -141.5
0.0, -0.5, 0.0, 0.0, 4.5, 6.5, 0.0, -3.0, 0.1 | -189.25
0.0, -0.6, 0.0, 0.0, 5.0, 7.0, 0.0, -4.2, 0.0 | -131.0
0.0, -0.7, 0.0, 0.0, 4.5, 6.5, 0.0, -4.0, 0.0 | -127.15
0.0, -0.6, 0.0, 0.0, 5.0, 7.0, 0.0, -4.3, 0.0 | -121.85
0.0, -0.6, 0.0, 0.0, 4.8, 6.7, 0.0, -4.0, 0.0 | -124.55
1.0, -0.6, 0.0, 0.0, 4.6, 6.6, 0.0, -4.0, 0.0 | -200.0
0.0, -0.7, 0.0, 0.0, 5.0, 7.0, 0.0, -3.5, 0.0 | -128.2
0.0, -0.7, 0.0, 0.0, 4.6, 6.6, -0.5, -4.0, 0.0 | -200.0
0.0, -0.6, 0.0, 0.0, 5.0, 7.0, 0.0, -3.0, 0.0 | -120.65
0.0, -0.6, 0.0, 0.0, 4.7, 6.6, 0.0, -4.0, 0.0 | -128.8
0.0, -0.6, 0.0, 0.0, 5.2, 7.2, 0.0, -2.8, 0.0 | -124.2
-1.0, -0.6, 0.0, 0.0, 5.5, 7.5, 0.0, -3.5, 0.0 | -200.0
0.0, -0.6, 0.0, 0.0, 5.0, 6.0, 0.0, -2.5, 0.0 | -121.05
0.0, -0.6, 0.0, 0.0, 5.1, 7.1, 0.0, -3.2, 0.0 | -131.4
0.0, -0.6, 0.0, 0.0, 5.0, 7.5, 0.0, -3.0, 0.0 | -125.85
0.0, -0.6, 0.0, 0.0, 5.0, 7.0, 0.0, -3.5, 0.0 | -131.35
0.0, -0.6, 0.0, 0.0, 5.0, 7.0, 0.0, -3.1, 0.0 | -127.8
0.2, -0.6, 0.0, 0.0, 5.0, 7.0, 0.0, -3.0, 0.0 | -168.2
0.0, -0.5, 0.0, 0.0, 5.5, 7.5, 0.0, -3.0, 0.0 | -129.15
0.0, -0.6, 0.0, 0.0, 5.0, 6.0, 0.0, -2.0, 0.0 | -119.2
0.0, -0.6, 0.0, 0.0, 5.0, 6.0, 0.0, -1.5, 0.0 | -131.1
0.0, -0.6, 0.0, 0.0, 5.2, 6.2, 0.0, -2.1, 0.0 | -133.4
0.0, -0.6, 0.0, 0.0, 6.0, 7.0, 0.0, -2.0, 0.0 | -117.65
0.0, -0.6, 0.0, 0.0, 6.5, 7.5, 0.0, -2.5, 0.0 | -115.75
0.0, -0.6, 0.0, 0.0, 6.0, 6.0, 0.0, -2.2, 0.0 | -119.95
0.4, -0.6, 0.0, 0.0, 6.0, 6.0, 0.0, -1.0, 0.0 | -200.0
0.0, -1.6, 0.0, 0.0, 6.0, 6.0, 0.0, -2.0, 0.0 | -121.85
0.0, -0.6, 0.0, 0.0, 6.5, 7.0, 0.0, -2.0, 0.0 | -129.4
0.0, -0.6, 0.0, 0.0, 6.5, 8.0, 0.0, -3.0, 0.0 | -141.7
0.0, -0.6, 0.0, 0.0, 6.8, 7.2, 0.0, -2.3, 0.0 | -126.0
0.1, -0.6, 0.0, 0.0, 6.0, 7.0, 0.0, -2.5, 0.0 | -149.05
0.2, -0.6, 0.0, 0.0, 5.5, 7.0, 0.0, -2.0, 0.0 | -167.95
0.0, -0.6, 0.0, 0.0, 6.7, 7.5, 0.0, -2.4, 0.0 | -119.85
0.0, -0.6, 0.0, 0.0, 6.2, 7.1, 0.0, -2.0, 0.0 | -139.1
0.0, -0.8, 0.0, 0.0, 6.2, 7.4, 0.0, -2.4, 0.0 | -133.85
0.0, -0.6, 0.0, 0.0, 6.0, 6.0, 0.0, -2.2, 0.0 | -136.45
0.5, -0.6, 0.0, 0.0, 5.8, 5.8, 0.0, -2.1, 0.0 | -200.0
0.0, -0.6, 0.0, 0.0, 6.5, 6.5, 0.0, -2.0, 0.0 | -127.25
0.0, -0.6, 0.0, 0.0, 5.9, 7.3, 0.0, -2.0, 0.0 | -127.85
0.05, -0.6, 0.0, 0.0, 6.3, 7.2, 0.0, -2.0, 0.0 | -124.9
0.0, -0.6, 0.0, 0.0, 6.8, 7.6, 0.0, -2.3, 0.0 | -126.95
0.0, -0.6, 0.0, 0.0, 7.0, 7.0, 0.0, -2.0, 0.0 | -133.15
0.5, -0.6, 0.0, 0.0, 6.5, 7.5, 0.0, -2.0, 0.0 | -200.0
0.0, -0.6, 0.0, 0.0, 6.0, 6.0, 0.0, -2.5, 0.0 | -130.45
0.0, -0.6, 0.0, 0.0, 6.0, 6.0, 0.0, -3.2, 0.0 | -126.25
0.0, -0.6, 0.0, 0.0, 7.0, 8.0, 0.0, -2.4, 0.0 | -119.5
0.0, -0.6, 0.0, 0.0, 6.8, 7.0, 0.0, -2.1, 0.0 | -135.0
0.0, -0.6, 0.0, 0.0, 7.0, 8.0, 0.0, -3.0, 0.0 | -118.8
1.0, -0.6, 0.0, 0.0, 5.0, 6.0, 0.0, -3.0, 0.0 | -200.0
0.0, -0.6, 0.0, 0.0, 6.0, 6.0, 0.0, -2.1, 0.0 | -130.5
0.0, -0.6, 0.0, 0.0, 8.0, 9.0, 0.0, -3.0, 0.0 | -122.3
0.0, -0.5, 0.0, 0.0, 9.0, 10.0, 0.0, -3.5, 0.0 | -128.6
0.0, -0.6, 0.0, 0.0, 7.2, 8.0, 0.0, -2.3, 0.0 | -123.8
0.0, -0.6, 0.0, 0.0, 7.5, 8.5, 0.0, -3.0, 0.0 | -131.0
0.0, -0.6, 0.0, 0.0, 7.0, 8.0, 0.0, -2.0, 0.0 | -142.2
0.5, -0.6, 0.0, 0.0, 8.0, 9.0, 0.0, -3.0, 0.0 | -200.0
0.0, -0.6, 0.0, 0.0, 7.5, 8.5, 0.0, -2.4, 0.0 | -134.55
0.0, -0.6, 0.0, 0.0, 8.0, 9.0, 0.0, -2.5, 0.0 | -120.15
0.0, -0.6, 0.0, 0.0, 7.0, 10.0, 0.0, -2.3, 0.0 | -137.25
0.0, -0.6, 0.0, 0.0, 6.0, 7.0, 0.0, -2.5, 0.0 | -131.8
0.2, -1.0, 0.0, 0.0, 4.0, 5.5, 0.0, -2.5, 0.0 | -176.6
0.0, -0.6, 0.0, 0.0, 7.0, 8.0, 0.0, -3.0, 0.0 | -132.35
0.0, -0.6, 0.0, 0.0, 6.0, 4.0, 0.0, -2.6, 0.0 | -133.05
0.0, -0.6, 0.0, 0.0, 8.0, 10.0, 0.0, -2.5, 0.0 | -131.25
0.0, -0.6, 0.0, 0.0, 6.0, 6.0, 0.0, -2.0, 0.0 | -132.5
0.0, -0.6, 0.0, 0.0, 4.8, 5.4, 0.0, -1.8, 0.0 | -129.9
0.0, -0.6, 0.0, 0.0, 5.0, 5.0, 0.0, -2.2, 0.0 | -129.85
0.0, -0.6, 0.0, 0.0, 6.8, 7.8, 0.0, -2.9, 0.0 | -124.6
0.0, -0.6, 0.0, 0.0, 8.0, 9.0, 0.0, -2.4, 0.0 | -129.1
0.0, -0.6, 0.0, 0.0, 8.0, 9.5, 0.0, -2.5, 0.0 | -145.1
0.0, -0.6, 0.0, 0.0, 6.0, 6.0, 0.0, -2.5, 0.0 | -137.8
